날짜,교통량
20150102,0.432
20150103,0.446
20150104,0.384
20150105,0.455
20150106,0.484
20150107,0.479
20150108,0.478
20150109,0.492
20150110,0.496
20150111,0.406
20150112,0.456
20150113,0.46
20150114,0.453
20150115,0.464
20150116,0.466
20150117,0.466
20150118,0.373
20150124,0.474
20150127,0.449
20150128,0.436
20150129,0.434
20150130,0.455
20150131,0.429
20150201,0.353
20150202,0.412
20150203,0.434
20150204,0.441
20150205,0.444
20150206,0.456
20150207,0.45
20150208,0.351
20150209,0.387
20150210,0.409
20150211,0.431
20150212,0.44
20150213,0.445
20150214,0.433
20150215,0.359
20150216,0.413
20150217,0.421
20150221,0.311
20150222,0.308
20150223,0.408
20150224,0.431
20150225,0.439
20150226,0.438
20150227,0.454
20150228,0.451
20150301,0.327
20150302,0.405
20150303,0.411
20150304,0.437
20150305,0.435
20150306,0.449
20150307,0.419
20150308,0.368
20150309,0.418
20150310,0.425
20150311,0.239
20150312,0.426
20150313,0.0
20150316,0.326
20150317,0.421
20150318,0.414
20150319,0.418
20150320,0.444
20150321,0.454
20150322,0.373
20150323,0.415
20150324,0.426
20150325,0.431
20150326,0.437
20150327,0.43
20150328,0.442
20150329,0.369
20150330,0.402
20150331,0.411
20150401,0.422
20150402,0.418
20150403,0.434
20150404,0.436
20150405,0.355
20150406,0.41
20150407,0.423
20150408,0.423
20150409,0.428
20150410,0.439
20150411,0.442
20150412,0.372
20150413,0.403
20150414,0.403
20150415,0.427
20150416,0.457
20150417,0.484
20150418,0.475
20150419,0.386
20150420,0.444
20150421,0.472
20150422,0.471
20150423,0.472
20150424,0.481
20150425,0.484
20150426,0.413
20150427,0.453
20150428,0.467
20150429,0.47
20150430,0.485
20150501,0.454
20150502,0.465
20150503,0.394
20150504,0.484
20150506,0.481
20150507,0.462
20150508,0.437
20150509,0.423
20150510,0.362
20150511,0.428
20150512,0.477
20150513,0.503
20150514,0.507
20150515,0.518
20150516,0.497
20150517,0.431
20150518,0.49
20150519,0.498
20150520,0.494
20150521,0.503
20150522,0.528
20150523,0.508
20150524,0.42
20150526,0.497
20150527,0.502
20150528,0.501
20150529,0.516
20150530,0.494
20150531,0.42
20150601,0.479
20150602,0.495
20150603,0.5
20150604,0.494
20150605,0.5
20150607,0.373
20150608,0.463
20150609,0.481
20150610,0.488
20150611,0.485
20150612,0.497
20150613,0.475
20150614,0.384
20150615,0.464
20150616,0.487
20150617,0.487
20150618,0.49
20150619,0.507
20150620,0.457
20150621,0.404
20150622,0.467
20150623,0.476
20150624,0.484
20150625,0.489
20150626,0.494
20150627,0.487
20150628,0.41
20150629,0.465
20150630,0.479
20150701,0.476
20150702,0.478
20150703,0.491
20150704,0.478
20150705,0.403
20150706,0.461
20150707,0.488
20150708,0.482
20150709,0.487
20150710,0.493
20150711,0.487
20150712,0.377
20150713,0.449
20150714,0.489
20150715,0.488
20150716,0.494
20150717,0.511
20150718,0.485
20150719,0.414
20150720,0.47
20150721,0.482
20150722,0.484
20150723,0.478
20150724,0.475
20150725,0.032
20150727,0.394
20150728,0.467
20150729,0.465
20150730,0.465
20150731,0.476
20150801,0.446
20150802,0.378
20150803,0.429
20150804,0.45
20150805,0.447
20150806,0.445
20150807,0.463
20150808,0.453
20150809,0.38
20150810,0.426
20150811,0.46
20150812,0.439
20150813,0.468
20150814,0.461
20150816,0.38
20150817,0.439
20150818,0.452
20150819,0.454
20150820,0.452
20150821,0.464
20150822,0.457
20150823,0.39
20150824,0.433
20150825,0.428
20150826,0.441
20150827,0.447
20150828,0.459
20150829,0.476
20150830,0.396
20150831,0.429
20150901,0.445
20150902,0.444
20150903,0.443
20150904,0.458
20150905,0.472
20150906,0.405
20150907,0.431
20150908,0.448
20150909,0.462
20150910,0.463
20150911,0.465
20150912,0.484
20150913,0.415
20150914,0.445
20150915,0.457
20150916,0.459
20150917,0.468
20150918,0.479
20150919,0.496
20150920,0.42
20150921,0.454
20150922,0.447
20150923,0.439
20150924,0.455
20150925,0.442
20150930,0.407
20151001,0.411
20151002,0.43
20151004,0.363
20151005,0.41
20151006,0.427
20151007,0.439
20151008,0.44
20151010,0.409
20151011,0.363
20151012,0.409
20151013,0.421
20151014,0.418
20151015,0.424
20151016,0.431
20151017,0.446
20151018,0.379
20151019,0.4
20151020,0.417
20151021,0.424
20151022,0.419
20151023,0.424
20151024,0.44
20151025,0.374
20151026,0.383
20151027,0.401
20151028,0.431
20151029,0.445
20151030,0.455
20151031,0.456
20151101,0.395
20151102,0.417
20151103,0.432
20151104,0.429
20151105,0.438
20151106,0.457
20151107,0.43
20151108,0.378
20151109,0.417
20151110,0.433
20151111,0.443
20151112,0.436
20151113,0.454
20151114,0.454
20151115,0.429
20151116,0.442
20151117,0.463
20151118,0.45
20151119,0.453
20151120,0.501
20151121,0.526
20151122,0.438
20151123,0.47
20151124,0.501
20151125,0.465
20151126,0.48
20151127,0.481
20151128,0.477
20151129,0.408
20151130,0.485
20151201,0.499
20151202,0.486
20151203,0.443
20151204,0.482
20151205,0.481
20151206,0.415
20151207,0.486
20151208,0.514
20151209,0.516
20151210,0.512
20151211,0.518
20151212,0.5
20151213,0.422
20151214,0.473
20151215,0.493
20151216,0.491
20151217,0.484
20151218,0.469
20151219,0.481
20151220,0.395
20151221,0.45
20151222,0.483
20151223,0.492
20151224,0.48
20151226,0.432
20151227,0.398
20151228,0.46
20151229,0.481
20151230,0.484
20151231,0.482
20160101,0.538
20160102,0.64
20160103,0.571
20160104,0.727
20160105,0.742
20160106,0.732
20160107,0.759
20160108,0.771
20160109,0.734
20160110,0.634
20160111,0.758
20160112,0.76
20160113,0.747
20160114,0.76
20160115,0.796
20160116,0.737
20160117,0.637
20160118,0.746
20160119,0.743
20160120,0.756
20160121,0.782
20160122,0.818
20160123,0.742
20160124,0.587
20160125,0.755
20160126,0.749
20160127,0.784
20160128,0.774
20160129,0.799
20160130,0.746
20160131,0.628
20160201,0.774
20160202,0.815
20160203,0.828
20160204,0.832
20160205,0.837
20160206,0.704
20160207,0.59
20160208,0.612
20160209,0.536
20160210,0.542
20160211,0.775
20160212,0.788
20160213,0.739
20160214,0.646
20160215,0.814
20160216,0.799
20160217,0.833
20160218,0.833
20160219,0.851
20160220,0.808
20160221,0.698
20160222,0.818
20160223,0.835
20160224,0.84
20160225,0.844
20160226,0.865
20160227,0.809
20160228,0.658
20160229,0.806
20160301,0.651
20160302,0.815
20160303,0.833
20160304,0.86
20160305,0.759
20160306,0.685
20160307,0.817
20160308,0.831
20160309,0.839
20160310,0.831
20160311,0.842
20160312,0.782
20160313,0.659
20160314,0.801
20160315,0.806
20160316,0.815
20160317,0.839
20160318,0.87
20160319,0.835
20160320,0.673
20160321,0.833
20160322,0.854
20160323,0.861
20160324,0.863
20160325,0.511
20160326,0.866
20160327,0.756
20160328,0.865
20160329,0.878
20160330,0.885
20160331,0.866
20160401,0.886
20160402,0.845
20160403,0.707
20160404,0.836
20160405,0.873
20160406,0.868
20160407,0.855
20160408,0.894
20160409,0.843
20160410,0.731
20160411,0.863
20160412,0.888
20160413,0.707
20160414,0.859
20160415,0.888
20160416,0.812
20160417,0.705
20160418,0.844
20160419,0.861
20160420,0.862
20160421,0.833
20160422,0.867
20160423,0.805
20160424,0.698
20160425,0.838
20160426,0.871
20160427,0.871
20160428,0.878
20160429,0.89
20160430,0.827
20160501,0.718
20160502,0.834
20160503,0.8
20160504,0.868
20160505,0.704
20160506,0.696
20160507,0.799
20160508,0.705
20160509,0.838
20160510,0.828
20160511,0.814
20160512,0.697
20160513,0.872
20160514,0.817
20160515,0.685
20160516,0.849
20160517,0.87
20160518,0.866
20160519,0.871
20160520,0.877
20160521,0.825
20160522,0.707
20160523,0.813
20160524,0.804
20160525,0.823
20160526,0.845
20160527,0.874
20160528,0.84
20160529,0.724
20160530,0.732
20160531,0.833
20160601,0.841
20160602,0.853
20160603,0.872
20160604,0.81
20160605,0.69
20160606,0.628
20160607,0.815
20160608,0.829
20160609,0.827
20160610,0.864
20160611,0.814
20160612,0.7
20160613,0.83
20160614,0.851
20160615,0.823
20160616,0.856
20160617,0.747
20160618,0.739
20160619,0.631
20160620,0.831
20160621,0.858
20160622,0.691
20160623,0.87
20160624,0.867
20160625,0.829
20160626,0.727
20160627,0.817
20160628,0.848
20160629,0.855
20160630,0.838
20160701,0.818
20160702,0.798
20160703,0.702
20160704,0.788
20160705,0.722
20160706,0.812
20160707,0.837
20160708,0.862
20160709,0.821
20160710,0.706
20160711,0.826
20160712,0.83
20160713,0.835
20160714,0.852
20160715,0.88
20160716,0.777
20160717,0.719
20160718,0.844
20160719,0.847
20160720,0.847
20160721,0.855
20160722,0.876
20160723,0.808
20160724,0.695
20160725,0.834
20160726,0.837
20160727,0.841
20160728,0.85
20160729,0.789
20160730,0.717
20160731,0.683
20160801,0.763
20160802,0.804
20160803,0.824
20160804,0.83
20160805,0.847
20160806,0.775
20160807,0.661
20160808,0.781
20160809,0.805
20160810,0.805
20160811,0.799
20160812,0.81
20160813,0.759
20160814,0.655
20160815,0.585
20160816,0.789
20160817,0.798
20160818,0.812
20160819,0.826
20160820,0.786
20160821,0.678
20160822,0.797
20160823,0.793
20160824,0.792
20160825,0.812
20160826,0.829
20160827,0.805
20160828,0.695
20160829,0.776
20160830,0.744
20160831,0.729
20160901,0.8
20160902,0.813
20160903,0.785
20160904,0.684
20160905,0.803
20160906,0.822
20160907,0.809
20160908,0.81
20160909,0.821
20160910,0.789
20160911,0.663
20160912,0.793
20160913,0.799
20160914,0.577
20160915,0.624
20160916,0.529
20160917,0.622
20160918,0.602
20160919,0.759
20160920,0.813
20160921,0.816
20160922,0.817
20160923,0.837
20160924,0.808
20160925,0.695
20160926,0.799
20160927,0.791
20160928,0.812
20160929,0.826
20160930,0.828
20161001,0.8
20161002,0.617
20161003,0.617
20161004,0.787
20161005,0.803
20161006,0.796
20161007,0.814
20161008,0.779
20161009,0.701
20161010,0.765
20161011,0.792
20161012,0.811
20161013,0.805
20161014,0.824
20161015,0.799
20161016,0.669
20161017,0.765
20161018,0.805
20161019,0.797
20161020,0.794
20161021,0.79
20161022,0.773
20161023,0.663
20161024,0.768
20161025,0.756
20161026,0.784
20161027,0.788
20161028,0.786
20161029,0.771
20161030,0.673
20161031,0.766
20161101,0.789
20161102,0.784
20161103,0.808
20161104,0.787
20161105,0.771
20161106,0.694
20161107,0.782
20161108,0.798
20161109,0.793
20161110,0.737
20161111,0.817
20161112,0.743
20161113,0.675
20161114,0.763
20161115,0.791
20161116,0.775
20161117,0.767
20161118,0.79
20161119,0.723
20161120,0.658
20161121,0.749
20161122,0.758
20161123,0.768
20161124,0.791
20161125,0.813
20161126,0.725
20161127,0.678
20161128,0.778
20161129,0.809
20161130,0.783
20161201,0.806
20161202,0.823
20161203,0.763
20161204,0.669
20161205,0.785
20161206,0.795
20161207,0.783
20161208,0.794
20161209,0.793
20161210,0.759
20161211,0.662
20161212,0.772
20161213,0.797
20161214,0.791
20161215,0.788
20161216,0.798
20161217,0.76
20161218,0.675
20161219,0.77
20161220,0.808
20161221,0.795
20161222,0.756
20161223,0.813
20161224,0.733
20161225,0.645
20161226,0.77
20161227,0.796
20161228,0.795
20161229,0.775
20161230,0.769
20161231,0.678
20170101,0.599
20170102,0.702
20170103,0.743
20170104,0.757
20170105,0.769
20170106,0.783
20170107,0.72
20170108,0.613
20170109,0.73
20170110,0.758
20170111,0.756
20170112,0.749
20170113,0.742
20170114,0.69
20170115,0.59
20170116,0.709
20170117,0.727
20170118,0.731
20170119,0.735
20170120,0.633
20170121,0.607
20170122,0.505
20170123,0.672
20170124,0.714
20170125,0.725
20170126,0.711
20170127,0.544
20170128,0.594
20170129,0.474
20170130,0.492
20170131,0.651
20170201,0.707
20170202,0.713
20170203,0.729
20170204,0.67
20170205,0.545
20170206,0.699
20170207,0.714
20170208,0.709
20170209,0.717
20170210,0.737
20170211,0.683
20170212,0.592
20170213,0.702
20170214,0.727
20170215,0.726
20170216,0.731
20170217,0.736
20170218,0.687
20170219,0.586
20170220,0.708
20170221,0.765
20170222,0.736
20170223,0.784
20170224,0.794
20170225,0.689
20170226,0.605
20170227,0.751
20170228,0.787
20170301,0.67
20170302,0.764
20170303,0.798
20170304,0.739
20170305,0.638
20170306,0.768
20170307,0.788
20170308,0.829
20170309,0.875
20170310,0.883
20170311,0.84
20170312,0.723
20170313,0.862
20170314,0.894
20170315,0.895
20170316,0.891
20170317,0.932
20170318,0.882
20170319,0.754
20170320,0.886
20170321,0.897
20170322,0.896
20170323,0.879
20170324,0.447
20170325,0.411
20170326,0.351
20170327,0.407
20170328,0.438
20170329,0.438
20170330,0.445
20170331,0.431
20170401,0.911
20170402,0.807
20170403,0.923
20170404,0.944
20170405,0.918
20170406,0.926
20170407,0.976
20170408,0.93
20170409,0.82
20170410,0.944
20170411,0.953
20170412,0.463
20170413,0.966
20170414,0.449
20170415,0.408
20170416,0.332
20170417,0.902
20170418,0.916
20170419,0.942
20170420,0.942
20170421,0.955
20170422,0.801
20170423,0.755
20170424,0.895
20170425,0.921
20170426,0.912
20170427,0.895
20170428,0.907
20170429,0.378
20170430,0.624
20170501,0.758
20170502,0.873
20170503,0.815
20170504,0.896
20170505,0.8
20170506,0.823
20170507,0.719
20170508,0.725
20170509,0.806
20170510,0.919
20170511,0.943
20170512,0.97
20170513,0.922
20170514,0.817
20170515,0.932
20170516,0.931
20170517,0.944
20170518,0.967
20170519,0.985
20170520,0.931
20170521,0.806
20170522,0.932
20170523,0.951
20170524,0.941
20170525,0.956
20170526,0.979
20170527,0.927
20170528,0.793
20170529,0.903
20170530,0.915
20170531,0.853
20170601,0.888
20170602,0.926
20170603,0.9
20170604,0.76
20170605,0.892
20170606,0.782
20170607,0.887
20170608,0.941
20170609,0.952
20170610,0.913
20170611,0.788
20170612,0.917
20170613,0.934
20170614,0.931
20170615,0.927
20170616,0.93
20170617,0.898
20170618,0.768
20170619,0.894
20170620,0.913
20170621,0.912
20170622,0.92
20170623,0.937
20170624,0.894
20170625,0.752
20170626,0.878
20170627,0.916
20170628,0.92
20170629,0.937
20170630,0.952
20170701,0.9
20170702,0.713
20170703,0.838
20170704,0.878
20170705,0.894
20170706,0.9
20170707,0.904
20170708,0.834
20170709,0.713
20170710,0.794
20170711,0.886
20170712,0.913
20170713,0.898
20170714,0.953
20170715,0.865
20170716,0.746
20170717,0.901
20170718,0.918
20170719,0.929
20170720,0.937
20170721,0.963
20170722,0.902
20170723,0.709
20170724,0.873
20170725,0.929
20170726,0.954
20170727,0.96
20170728,0.944
20170729,0.898
20170730,0.782
20170731,0.886
20170801,0.942
20170802,0.925
20170803,0.936
20170804,0.928
20170805,0.869
20170806,0.749
20170807,0.891
20170808,0.922
20170809,0.935
20170810,0.926
20170811,0.953
20170812,0.908
20170813,0.778
20170814,0.916
20170815,0.739
20170816,0.917
20170817,0.956
20170818,0.967
20170819,0.905
20170820,0.746
20170821,0.911
20170822,0.958
20170823,0.934
20170824,0.932
20170825,0.964
20170826,0.935
20170827,0.815
20170828,0.916
20170829,0.947
20170830,0.944
20170831,0.951
20170901,0.984
20170902,0.918
20170903,0.794
20170904,0.911
20170905,0.941
20170906,0.926
20170907,0.972
20170908,0.983
20170909,0.94
20170910,0.819
20170911,0.904
20170912,0.938
20170913,0.96
20170914,0.954
20170915,0.969
20170916,0.945
20170917,0.83
20170918,0.933
20170919,0.947
20170920,0.935
20170921,0.96
20170922,0.476
20170923,0.893
20170924,0.815
20170925,0.935
20170926,0.939
20170927,0.949
20170928,0.869
20170929,0.918
20170930,0.923
20171001,0.779
20171002,0.838
20171003,0.72
20171004,0.794
20171005,0.693
20171006,0.732
20171007,0.792
20171008,0.769
20171009,0.79
20171010,0.919
20171011,0.925
20171012,0.969
20171013,0.989
20171014,0.953
20171015,0.827
20171016,0.752
20171017,0.913
20171018,0.963
20171019,0.978
20171020,0.992
20171021,0.957
20171022,0.84
20171023,0.945
20171024,0.963
20171025,0.978
20171026,0.97
20171027,0.99
20171028,0.951
20171029,0.845
20171030,0.933
20171031,0.944
20171101,0.955
20171102,0.951
20171103,0.947
20171104,0.931
20171105,0.822
20171106,0.929
20171107,0.947
20171108,0.957
20171109,0.963
20171110,0.971
20171111,0.945
20171112,0.716
20171113,0.924
20171114,0.941
20171115,0.942
20171116,0.928
20171117,0.896
20171118,0.875
20171119,0.773
20171120,0.864
20171121,0.873
20171122,0.856
20171123,0.846
20171124,0.842
20171125,0.779
20171126,0.676
20171127,0.777
20171128,0.792
20171129,0.802
20171130,0.802
20171201,0.827
20171202,0.792
20171203,0.67
20171204,0.778
20171205,0.807
20171206,0.772
20171207,0.787
20171208,0.821
20171209,0.787
20171210,0.611
20171211,0.776
20171212,0.864
20171213,0.888
20171214,0.909
20171215,0.839
20171216,0.687
20171217,0.784
20171218,0.742
20171219,0.908
20171220,0.876
20171221,0.887
20171222,0.935
20171223,0.886
20171224,0.725
20171225,0.751
20171226,0.907
20171227,0.931
20171228,0.939
20171229,0.955
20171230,0.845
20171231,0.738
20180101,0.706
20180102,0.869
20180103,0.898
20180104,0.917
20180105,0.936
20180106,0.868
20180107,0.728
20180108,0.86
20180109,0.87
20180110,0.845
20180111,0.829
20180112,0.809
20180113,0.793
20180114,0.697
20180115,0.828
20180116,0.841
20180117,0.866
20180118,0.91
20180119,0.943
20180120,0.874
20180121,0.759
20180122,0.88
20180123,0.887
20180124,0.888
20180125,0.908
20180126,0.919
20180127,0.853
20180128,0.737
20180129,0.886
20180130,0.856
20180131,0.875
20180201,0.924
20180202,0.934
20180203,0.864
20180204,0.74
20180205,0.885
20180206,0.901
20180207,0.911
20180208,0.941
20180209,0.951
20180210,0.893
20180211,0.754
20180212,0.923
20180213,0.946
20180214,0.921
20180215,0.723
20180216,0.734
20180217,0.664
20180218,0.688
20180219,0.874
20180220,0.915
20180221,0.909
20180222,0.928
20180223,0.912
20180224,0.896
20180225,0.778
20180226,0.921
20180227,0.941
20180228,0.92
20180301,0.802
20180302,0.907
20180303,0.868
20180304,0.7
20180305,0.89
20180306,0.928
20180307,0.929
20180308,0.922
20180309,0.95
20180310,0.901
20180311,0.777
20180312,0.903
20180313,0.931
20180314,0.936
20180315,0.888
20180316,0.93
20180317,0.894
20180318,0.793
20180319,0.904
20180320,0.941
20180321,0.909
20180322,0.956
20180323,0.97
20180324,0.911
20180325,0.774
20180326,0.887
20180327,0.926
20180328,0.926
20180329,0.939
20180330,0.981
20180331,0.925
20180401,0.778
20180402,0.888
20180403,0.918
20180404,0.929
20180405,0.882
20180406,0.963
20180407,0.923
20180408,0.781
20180409,0.93
20180410,0.92
20180411,0.941
20180412,0.971
20180413,0.987
20180414,0.893
20180415,0.808
20180416,0.918
20180417,0.944
20180418,0.944
20180419,0.939
20180420,0.964
20180421,0.929
20180422,0.758
20180423,0.784
20180424,0.938
20180425,0.955
20180426,0.967
20180427,0.979
20180428,0.824
20180429,0.819
20180430,0.954
20180501,0.872
20180502,0.88
20180503,0.912
20180504,0.949
20180505,0.891
20180506,0.789
20180507,0.851
20180508,0.96
20180509,0.949
20180510,0.956
20180511,0.979
20180512,0.844
20180513,0.799
20180514,0.919
20180515,0.941
20180516,0.764
20180517,0.778
20180518,0.904
20180519,0.9
20180520,0.796
20180521,0.904
20180522,0.793
20180523,0.898
20180524,0.924
20180525,0.968
20180526,0.909
20180527,0.784
20180528,0.894
20180529,0.879
20180530,0.909
20180531,0.914
20180601,0.94
20180602,0.898
20180603,0.715
20180604,0.895
20180605,0.939
20180606,0.807
20180607,0.91
20180608,0.961
20180609,0.901
20180610,0.759
20180611,0.904
20180612,0.941
20180613,0.826
20180614,0.909
20180615,0.952
20180616,0.893
20180617,0.774
20180618,0.877
20180619,0.926
20180620,0.929
20180621,0.915
20180622,0.893
20180623,0.889
20180624,0.752
20180625,0.887
20180626,0.832
20180627,0.891
20180628,0.906
20180629,0.923
20180630,0.829
20180701,0.652
20180702,0.808
20180703,0.89
20180704,0.907
20180705,0.883
20180706,0.929
20180707,0.887
20180708,0.767
20180709,0.829
20180710,0.879
20180711,0.91
20180712,0.92
20180713,0.952
20180714,0.907
20180715,0.786
20180716,0.891
20180717,0.906
20180718,0.915
20180719,0.919
20180720,0.921
20180721,0.882
20180722,0.769
20180723,0.889
20180724,0.911
20180725,0.92
20180726,0.906
20180727,0.953
20180728,0.878
20180729,0.76
20180730,0.894
20180731,0.941
20180801,0.927
20180802,0.913
20180803,0.93
20180804,0.691
20180805,0.757
20180806,0.876
20180807,0.9
20180808,0.899
20180809,0.903
20180810,0.936
20180811,0.878
20180812,0.764
20180813,0.89
20180814,0.941
20180815,0.824
20180816,0.895
20180817,0.924
20180818,0.9
20180819,0.771
20180820,0.897
20180821,0.889
20180822,0.909
20180823,0.862
20180824,0.834
20180825,0.896
20180826,0.785
20180827,0.857
20180828,0.869
20180829,0.853
20180830,0.877
20180831,0.921
20180901,0.86
20180902,0.763
20180903,0.831
20180904,0.889
20180905,0.907
20180906,0.919
20180907,0.933
20180908,0.904
20180909,0.784
20180910,0.902
20180911,0.93
20180912,0.923
20180913,0.916
20180914,0.919
20180915,0.863
20180916,0.764
20180917,0.887
20180918,0.916
20180919,0.933
20180920,0.856
20180921,0.888
20180922,0.847
20180923,0.726
20180924,0.777
20180925,0.693
20180926,0.703
20180927,0.869
20180928,0.88
20180929,0.867
20180930,0.736
20181001,0.846
20181002,0.917
20181003,0.807
20181004,0.899
20181005,0.883
20181006,0.835
20181007,0.785
20181008,0.901
20181009,0.802
20181010,0.893
20181011,0.921
20181012,0.925
20181013,0.895
20181014,0.786
20181015,0.873
20181016,0.88
20181017,0.9
20181018,0.878
20181019,0.915
20181020,0.883
20181021,0.796
20181022,0.841
20181023,0.89
20181024,0.902
20181025,0.879
20181026,0.92
20181027,0.924
20181028,0.783
20181029,0.838
20181030,0.901
20181031,0.909
20181101,0.913
20181102,0.897
20181103,0.862
20181104,0.756
20181105,0.844
20181106,0.856
20181107,0.869
20181108,0.851
20181109,0.829
20181110,0.757
20181111,0.674
20181112,0.852
20181113,0.886
20181114,0.876
20181115,0.882
20181116,0.914
20181117,0.911
20181118,0.811
20181119,0.906
20181120,0.919
20181121,0.924
20181122,0.945
20181123,0.955
20181124,0.809
20181125,0.787
20181126,0.896
20181127,0.912
20181128,0.925
20181129,0.927
20181130,0.944
20181201,0.891
20181202,0.771
20181203,0.871
20181204,0.947
20181205,0.956
20181206,0.977
20181207,1.0
20181208,0.935
20181209,0.796
20181210,0.941
20181211,0.942
20181212,0.956
20181213,0.906
20181214,0.906
20181217,0.833
20181218,0.93
20181219,0.935
20181220,0.929
20181221,0.98
20181222,0.949
20181223,0.818
20181224,0.949
20181225,0.801
20181226,0.963
20181227,0.958
20181228,0.963
20181229,0.88
20181230,0.758
20181231,0.903
20190101,0.649
20190102,0.856
20190103,0.897
20190104,0.924
20190105,0.815
20190106,0.658
20190107,0.857
20190108,0.915
20190109,0.908
20190110,0.918
20190111,0.923
20190112,0.866
20190113,0.733
20190114,0.871
20190115,0.908
20190116,0.913
20190117,0.919
20190118,0.942
20190119,0.881
20190120,0.771
20190121,0.898
20190122,0.929
20190123,0.931
20190124,0.939
20190125,0.962
20190126,0.888
20190127,0.744
20190128,0.9
20190129,0.934
20190130,0.95
20190131,0.96
20190201,0.927
20190202,0.797
20190203,0.643
20190204,0.627
20190205,0.77
20190206,0.646
20190207,0.857
20190208,0.911
20190209,0.838
20190210,0.707
20190211,0.889
20190212,0.764
20190213,0.916
20190214,0.922
20190215,0.845
20190216,0.837
20190217,0.729
20190218,0.87
20190219,0.777
20190220,0.877
20190221,0.893
20190222,0.918
20190223,0.868
20190224,0.749
20190225,0.877
20190226,0.88
20190227,0.887
20190228,0.908
20190301,0.768
20190302,0.763
20190303,0.675
20190304,0.832
20190305,0.856
20190306,0.871
20190307,0.903
20190308,0.925
20190309,0.872
20190310,0.731
20190311,0.88
20190312,0.895
20190313,0.907
20190314,0.915
20190315,0.908
20190316,0.855
20190317,0.732
20190318,0.88
20190319,0.893
20190320,0.876
20190321,0.891
20190322,0.922
20190323,0.857
20190324,0.749
20190325,0.879
20190326,0.89
20190327,0.884
20190328,0.903
20190329,0.846
20190330,0.853
20190331,0.737
20190401,0.889
20190402,0.894
20190403,0.896
20190404,0.898
20190405,0.919
20190406,0.862
20190407,0.764
20190408,0.899
20190409,0.917
20190410,0.911
20190411,0.932
20190412,0.951
20190413,0.906
20190414,0.743
20190415,0.921
20190416,0.937
20190417,0.939
20190418,0.932
20190419,0.955
20190420,0.892
20190421,0.769
20190422,0.901
20190423,0.913
20190424,0.911
20190425,0.905
20190426,0.914
20190427,0.876
20190428,0.75
20190429,0.893
20190430,0.923
20190501,0.82
20190502,0.918
20190503,0.937
20190504,0.877
20190505,0.766
20190506,0.777
20190507,0.898
20190508,0.926
20190509,0.921
20190510,0.947
20190511,0.895
20190512,0.776
20190513,0.901
20190514,0.922
20190515,0.903
20190516,0.916
20190517,0.927
20190518,0.876
20190519,0.713
20190520,0.866
20190521,0.901
20190522,0.902
20190523,0.922
20190524,0.942
20190525,0.891
20190526,0.77
20190527,0.805
20190528,0.921
20190529,0.92
20190530,0.92
20190531,0.933
20190601,0.868
20190602,0.743
20190603,0.871
20190604,0.91
20190605,0.938
20190606,0.788
20190607,0.838
20190608,0.857
20190609,0.724
20190610,0.86
20190611,0.912
20190612,0.898
20190613,0.911
20190614,0.938
20190615,0.872
20190616,0.735
20190617,0.878
20190618,0.878
20190619,0.872
20190620,0.919
20190621,0.892
20190622,0.874
20190623,0.751
20190624,0.889
20190625,0.886
20190626,0.89
20190627,0.889
20190628,0.911
20190629,0.846
20190630,0.739
20190701,0.859
20190702,0.882
20190703,0.872
20190704,0.895
20190705,0.92
20190706,0.855
20190707,0.736
20190708,0.873
20190709,0.89
20190710,0.889
20190711,0.869
20190712,0.937
20190713,0.844
20190714,0.736
20190715,0.837
20190716,0.887
20190717,0.908
20190718,0.9
20190719,0.931
20190720,0.857
20190721,0.729
20190722,0.884
20190723,0.9
20190724,0.875
20190725,0.838
20190726,0.807
20190727,0.828
20190728,0.681
20190729,0.848
20190730,0.851
20190731,0.833
20190801,0.871
20190802,0.895
20190803,0.808
20190804,0.705
20190805,0.848
20190806,0.871
20190807,0.855
20190808,0.891
20190809,0.914
20190810,0.846
20190811,0.724
20190812,0.82
20190813,0.878
20190814,0.892
20190815,0.73
20190816,0.88
20190817,0.827
20190818,0.729
20190819,0.869
20190820,0.88
20190821,0.881
20190822,0.901
20190823,0.94
20190824,0.896
20190825,0.778
20190826,0.91
20190827,0.916
20190828,0.931
20190829,0.909
20190830,0.925
20190831,0.897
20190901,0.779
20190902,0.893
20190903,0.912
20190904,0.858
20190905,0.858
20190906,0.911
20190907,0.694
20190908,0.695
20190909,0.86
20190910,0.824
20190911,0.882
20190912,0.706
20190913,0.745
20190914,0.634
20190915,0.651
20190916,0.835
20190917,0.883
20190918,0.882
20190919,0.894
20190920,0.903
20190921,0.866
20190922,0.697
20190923,0.881
20190924,0.907
20190925,0.907
20190926,0.909
20190927,0.915
20190928,0.859
20190929,0.75
20190930,0.878
20191001,0.904
20191002,0.877
20191003,0.738
20191004,0.9
20191005,0.834
20191006,0.74
20191007,0.818
20191008,0.917
20191009,0.777
20191010,0.875
20191011,0.914
20191012,0.853
20191013,0.758
20191014,0.878
20191015,0.878
20191016,0.892
20191017,0.901
20191018,0.928
20191019,0.883
20191020,0.775
20191021,0.882
20191022,0.894
20191023,0.884
20191024,0.905
20191025,0.905
20191026,0.871
20191027,0.77
20191028,0.862
20191029,0.88
20191030,0.904
20191031,0.887
20191101,0.912
20191102,0.876
20191103,0.771
20191104,0.889
20191105,0.909
20191106,0.91
20191107,0.924
20191108,0.935
20191109,0.886
20191110,0.771
20191111,0.895
20191112,0.909
20191113,0.902
20191114,0.927
20191115,0.879
20191116,0.848
20191117,0.717
20191118,0.885
20191119,0.905
20191120,0.905
20191121,0.921
20191122,0.946
20191123,0.898
20191124,0.762
20191125,0.891
20191126,0.912
20191127,0.914
20191128,0.93
20191129,0.945
20191130,0.884
20191201,0.734
20191202,0.893
20191203,0.9
20191204,0.919
20191205,0.912
20191206,0.93
20191207,0.872
20191208,0.75
20191209,0.89
20191210,0.893
20191211,0.922
20191212,0.933
20191213,0.954
20191214,0.894
20191215,0.771
20191216,0.913
20191217,0.898
20191218,0.936
20191219,0.938
20191220,0.951
20191221,0.872
20191222,0.759
20191223,0.909
20191224,0.926
20191225,0.736
20191226,0.904
20191227,0.935
20191228,0.848
20191229,0.719
20191230,0.882
20191231,0.887
20200101,0.675
20200102,0.864
20200103,0.928
20200104,0.852
20200105,0.725
20200106,0.874
20200107,0.854
20200108,0.895
20200109,0.927
20200110,0.948
20200111,0.874
20200112,0.741
20200113,0.906
20200114,0.909
20200115,0.914
20200116,0.924
20200117,0.944
20200118,0.886
20200119,0.744
20200120,0.925
20200121,0.951
20200122,0.965
20200123,0.934
20200124,0.716
20200125,0.782
20200126,0.678
20200127,0.637
20200128,0.847
20200129,0.919
20200130,0.933
20200131,0.94
20200201,0.808
20200202,0.656
20200203,0.873
20200204,0.881
20200205,0.772
20200206,0.83
20200207,0.875
20200208,0.803
20200209,0.659
20200210,0.855
20200211,0.883
20200212,0.862
20200213,0.904
20200214,0.932
20200215,0.835
20200216,0.658
20200217,0.814
20200218,0.892
20200219,0.894
20200220,0.901
20200221,0.905
20200222,0.78
20200223,0.621
20200224,0.826
20200225,0.806
20200226,0.85
20200227,0.861
20200228,0.836
20200229,0.723
20200301,0.561
20200302,0.843
20200303,0.862
20200304,0.871
20200305,0.885
20200306,0.901
20200307,0.764
20200308,0.605
20200309,0.86
20200310,0.829
20200311,0.888
20200312,0.894
20200313,0.876
20200314,0.799
20200315,0.61
20200316,0.857
20200317,0.877
20200318,0.892
20200319,0.88
20200320,0.931
20200321,0.81
20200322,0.647
20200323,0.877
20200324,0.888
20200325,0.896
20200326,0.883
20200327,0.913
20200328,0.812
20200329,0.644
20200330,0.879
20200331,0.895
20200401,0.895
20200402,0.883
20200403,0.914
20200404,0.806
20200405,0.639
20200406,0.864
20200407,0.893
20200408,0.895
20200409,0.915
20200410,0.94
20200411,0.833
20200412,0.661
20200413,0.883
20200414,0.912
20200415,0.716
20200416,0.874
20200417,0.88
20200418,0.825
20200419,0.634
20200420,0.867
20200421,0.898
20200422,0.893
20200423,0.919
20200424,0.949
20200425,0.859
20200426,0.705
20200427,0.901
20200428,0.936
20200429,0.948
20200430,0.812
20200501,0.781
20200502,0.791
20200503,0.707
20200504,0.902
20200505,0.748
20200506,0.918
20200507,0.948
20200508,0.957
20200509,0.812
20200510,0.713
20200511,0.903
20200512,0.929
20200513,0.938
20200514,0.945
20200515,0.887
20200516,0.854
20200517,0.716
20200518,0.892
20200519,0.893
20200520,0.946
20200521,0.948
20200522,0.969
20200523,0.899
20200524,0.719
20200525,0.92
20200526,0.922
20200527,0.94
20200528,0.952
20200529,0.961
20200530,0.877
20200531,0.721
