날짜,교통량,풍속,강우량,북,동,남,서,미세먼지
20150102,0.432,0.438,0.0,0.91,0,0,0.09,0.0962963
20150103,0.446,0.19,0.0,0.36,0.64,0,0,0.0962963
20150104,0.384,0.342,0.0,0.62,0.38,0,0,0.1481481
20150105,0.455,0.431,0.0,0.67,0.33,0,0,0.1703704
20150106,0.484,0.662,0.021,0.86,0,0,0.14,0.2962963
20150107,0.479,0.362,0.0,0.87,0,0,0.13,0.1185185
20150108,0.478,0.298,0.0,0.91,0,0,0.09,0.0888889
20150109,0.492,0.257,0.0,0.89,0,0,0.11,0.1481481
20150110,0.496,0.371,0.0,0.91,0,0,0.09,0.2
20150111,0.406,0.673,0.0,0.84,0,0,0.16,0.1481481
20150112,0.456,0.247,0.0,0.84,0,0,0.16,0.162963
20150113,0.46,0.302,0.0,0.49,0.51,0,0,0.1703704
20150114,0.453,0.254,0.0,0.36,0.64,0,0,0.2296296
20150115,0.464,0.347,0.0,0.96,0,0,0.04,0.2814815
20150116,0.466,0.635,0.0,0.96,0,0,0.04,0.2444444
20150117,0.466,0.583,0.0,0.96,0,0,0.04,0.3333333
20150118,0.373,0.381,0.028,0.56,0.44,0,0,0.1259259
20150124,0.474,0.29,0.0,0.89,0,0,0.11,0.1851852
20150127,0.449,0.548,0.0,0.93,0,0,0.07,0.1925926
20150128,0.436,0.429,0.0,0.91,0,0,0.09,0.1851852
20150129,0.434,0.358,0.0,0.64,0.36,0,0,0.1333333
20150130,0.455,0.494,0.0,0.86,0,0,0.14,0.1925926
20150131,0.429,0.375,0.0,0.91,0,0,0.09,0.1407407
20150201,0.353,0.317,0.0,0.89,0,0,0.11,0.1407407
20150202,0.412,0.244,0.0,0.36,0.64,0,0,0.1259259
20150203,0.434,0.387,0.0,0.91,0,0,0.09,0.1703704
20150204,0.441,0.302,0.0,0.91,0,0,0.09,0.2444444
20150205,0.444,0.397,0.0,0.91,0,0,0.09,0.3481481
20150206,0.456,0.325,0.0,0.84,0,0,0.16,0.3851852
20150207,0.45,0.535,0.0,0.91,0,0,0.09,0.2148148
20150208,0.351,0.753,0.0,0.84,0,0,0.16,0.1851852
20150209,0.387,0.474,0.0,0,0,0.91,0.09,0.1111111
20150210,0.409,0.452,0.0,0,0,0.8,0.2,0.1259259
20150211,0.431,0.24,0.0,0,0,0.89,0.11,0.3481481
20150212,0.44,0.66,0.0,0.91,0,0,0.09,0.3333333
20150213,0.445,0.377,0.0,0.96,0,0,0.04,0.0962963
20150214,0.433,0.0,0.0,0.47,0,0,0.53,0.1185185
20150215,0.359,0.542,0.0,0.7,0.3,0,0,0.2222222
20150216,0.413,0.569,0.073,0.69,0.31,0,0,0.2888889
20150217,0.421,0.528,0.003,0.93,0,0,0.07,0.1777778
20150221,0.311,0.505,0.055,0.73,0.27,0,0,0.2444444
20150222,0.308,0.609,0.017,0,0,0.93,0.07,0.1185185
20150223,0.408,0.382,0.0,0.87,0,0,0.13,0.2444444
20150224,0.431,0.355,0.0,0.92,0,0,0.08,0.4888889
20150225,0.439,0.241,0.003,0.37,0.63,0,0,0.2
20150226,0.438,0.719,0.003,0,0,0,1,0.1925926
20150227,0.454,0.685,0.0,0.91,0,0,0.09,0.1259259
20150228,0.451,0.312,0.0,0.46,0.54,0,0,0.1259259
20150301,0.327,0.479,0.0,0.96,0,0,0.04,0.1703704
20150302,0.405,0.294,0.0,0.38,0.62,0,0,0.2074074
20150303,0.411,0.461,0.038,0,0,0.36,0.64,0.1777778
20150304,0.437,0.767,0.0,0.89,0,0,0.11,0.1777778
20150305,0.435,0.302,0.0,0.93,0,0,0.07,0.1259259
20150306,0.449,0.398,0.0,0.91,0,0,0.09,0.1851852
20150307,0.419,0.334,0.0,0.93,0,0,0.07,0.2
20150308,0.368,0.27,0.0,0.4,0.6,0,0,0.2074074
20150309,0.418,0.929,0.0,0.87,0,0,0.13,0.3481481
20150310,0.425,0.874,0.0,0.82,0,0,0.18,0.2444444
20150311,0.239,0.576,0.0,0,0,0.87,0.13,0.0814815
20150312,0.426,0.489,0.0,0,0,0.87,0.13,0.1259259
20150313,0.0,0.407,0.0,0.91,0,0,0.09,0.0888889
20150316,0.326,0.27,0.0,0.87,0,0,0.13,0.1777778
20150317,0.421,0.3,0.0,0.41,0.59,0,0,0.3185185
20150318,0.414,0.693,0.01,0.7,0.3,0,0,0.4814815
20150319,0.418,0.325,0.0,0.73,0.27,0,0,0.2962963
20150320,0.444,0.581,0.0,0.91,0,0,0.09,0.2
20150321,0.454,0.381,0.0,0.82,0,0,0.18,0.2592593
20150322,0.373,0.512,0.0,0.89,0,0,0.11,0.4296296
20150323,0.415,0.552,0.0,0.82,0,0,0.18,0.3185185
20150324,0.426,0.428,0.0,0,0,0,1,0.1111111
20150325,0.431,0.438,0.0,0,0,0,1,0.1333333
20150326,0.437,0.579,0.0,0,0,0.98,0.02,0.1555556
20150327,0.43,0.404,0.0,0.94,0,0,0.06,0.162963
20150328,0.442,0.435,0.0,0.93,0,0,0.07,0.1925926
20150329,0.369,0.295,0.0,0.89,0,0,0.11,0.162963
20150330,0.402,0.482,0.0,0.92,0,0,0.08,0.2296296
20150331,0.411,0.402,0.017,0.62,0.38,0,0,0.3407407
20150401,0.422,0.682,0.017,0.69,0.31,0,0,0.3777778
20150402,0.418,0.65,0.194,0.71,0.29,0,0,0.1111111
20150403,0.434,0.642,0.024,0,0,0.53,0.47,0.0888889
20150404,0.436,0.729,0.0,0.71,0.29,0,0,0.1407407
20150405,0.355,0.431,0.003,0.68,0.32,0,0,0.0592593
20150406,0.41,0.516,0.0,0.8,0,0,0.2,0.0740741
20150407,0.423,0.437,0.0,0.47,0.53,0,0,0.1555556
20150408,0.423,0.432,0.0,0.58,0.42,0,0,0.1185185
20150409,0.428,0.245,0.0,0.51,0.49,0,0,0.1111111
20150410,0.439,0.585,0.0,0,0,0.91,0.09,0.1851852
20150411,0.442,0.501,0.0,0,0,0.91,0.09,0.2
20150412,0.372,0.608,0.0,0.69,0.31,0,0,0.2444444
20150413,0.403,0.882,0.045,0.71,0.29,0,0,0.1925926
20150414,0.403,0.449,0.073,0.67,0.33,0,0,0.1037037
20150415,0.427,0.561,0.007,0,0,0.49,0.51,0.1037037
20150416,0.457,0.618,0.048,0,0,0.69,0.31,0.2
20150417,0.484,0.588,0.0,0,0,0.6,0.4,0.2148148
20150418,0.475,0.352,0.0,0.7,0.3,0,0,0.1185185
20150419,0.386,0.639,0.083,0.71,0.29,0,0,0.1333333
20150420,0.444,0.559,0.038,0.47,0.53,0,0,0.1037037
20150421,0.472,0.378,0.0,0,0,0.84,0.16,0.0592593
20150422,0.471,0.495,0.0,0.91,0,0,0.09,0.1555556
20150423,0.472,0.605,0.0,0,0,0.6,0.4,0.2444444
20150424,0.481,0.441,0.0,0.89,0,0,0.11,0.237037
20150425,0.484,0.488,0.0,0.94,0,0,0.06,0.2296296
20150426,0.413,0.295,0.0,0.53,0.47,0,0,0.1481481
20150427,0.453,0.498,0.0,0,0,0.5,0.5,0.2
20150428,0.467,0.314,0.0,0.49,0.51,0,0,0.2296296
20150429,0.47,0.534,0.024,0.71,0.29,0,0,0.1777778
20150430,0.485,0.292,0.0,0.53,0.47,0,0,0.1925926
20150501,0.454,0.22,0.0,0.39,0.61,0,0,0.1333333
20150502,0.465,0.392,0.003,0,0,0.99,0.01,0.1777778
20150503,0.394,0.364,0.024,0.53,0.47,0,0,0.1703704
20150504,0.484,0.488,0.0,0,0,0.87,0.13,0.1259259
20150506,0.481,0.261,0.0,0.62,0.38,0,0,0.0888889
20150507,0.462,0.19,0.0,0.51,0.49,0,0,0.1111111
20150508,0.437,0.381,0.0,0.92,0,0,0.08,0.1259259
20150509,0.423,0.382,0.0,0.91,0,0,0.09,0.2
20150510,0.362,0.392,0.0,0.93,0,0,0.07,0.1481481
20150511,0.428,0.368,0.097,0.67,0.33,0,0,0.1333333
20150512,0.477,1.0,0.066,0,0,0.58,0.42,0.1407407
20150513,0.503,0.806,0.0,0,0,0.56,0.44,0.1185185
20150514,0.507,0.514,0.0,0,0,0.42,0.58,0.162963
20150515,0.518,0.334,0.0,0.91,0,0,0.09,0.2
20150516,0.497,0.15,0.0,0,0,0.91,0.09,0.3481481
20150517,0.431,0.34,0.0,0.84,0,0,0.16,0.1777778
20150518,0.49,0.252,0.0,0.42,0.58,0,0,0.2222222
20150519,0.498,0.585,0.007,0,0,0.6,0.4,0.1555556
20150520,0.494,0.377,0.0,0.91,0,0,0.09,0.2148148
20150521,0.503,0.709,0.0,0,0,0.6,0.4,0.1259259
20150522,0.528,0.491,0.0,0,0,0.96,0.04,0.1555556
20150523,0.508,0.541,0.0,0,0,0.84,0.16,0.1925926
20150524,0.42,0.431,0.0,0,0,0.98,0.02,0.1555556
20150526,0.497,0.401,0.0,0.98,0,0,0.02,0.1703704
20150527,0.502,0.285,0.0,0.91,0,0,0.09,0.1555556
20150528,0.501,0.26,0.0,0.67,0.33,0,0,0.1481481
20150529,0.516,0.504,0.0,0.96,0,0,0.04,0.1555556
20150530,0.494,0.415,0.0,0,0,0.91,0.09,0.1851852
20150531,0.42,0.35,0.0,0,0,0.76,0.24,0.1703704
20150601,0.479,0.424,0.0,0.91,0,0,0.09,0.1851852
20150602,0.495,0.632,0.0,0.9,0,0,0.1,0.1555556
20150603,0.5,0.562,0.0,0.68,0,0,0.32,0.1555556
20150604,0.494,0.387,0.0,0.99,0,0,0.01,0.1037037
20150607,0.373,0.35,0.0,0.91,0,0,0.09,0.1259259
20150608,0.463,0.405,0.0,0.82,0,0,0.18,0.1333333
20150609,0.481,0.33,0.0,0.93,0,0,0.07,0.162963
20150610,0.488,0.364,0.0,0.78,0,0,0.22,0.1925926
20150611,0.485,0.351,0.052,0.69,0.31,0,0,0.2
20150612,0.497,0.576,0.003,0,0,0.6,0.4,0.1777778
20150613,0.475,0.563,0.003,0,0,0.62,0.38,0.1851852
20150614,0.384,0.415,0.107,0.91,0,0,0.09,0.2518519
20150615,0.464,0.402,0.0,0.91,0,0,0.09,0.1333333
20150616,0.487,0.347,0.0,0.93,0,0,0.07,0.1703704
20150617,0.487,0.31,0.066,0.62,0.38,0,0,0.2074074
20150618,0.49,0.469,0.021,0.67,0.33,0,0,0.2074074
20150619,0.507,0.429,0.0,0.76,0.24,0,0,0.1259259
20150620,0.457,0.261,0.308,0.67,0.33,0,0,0.1037037
20150622,0.467,0.468,0.0,0,0,0.93,0.07,0.0962963
20150623,0.476,0.385,0.0,0.89,0,0,0.11,0.1407407
20150624,0.484,0.411,0.0,0,0,0.96,0.04,0.162963
20150625,0.489,0.358,0.014,0.64,0.36,0,0,0.1925926
20150626,0.494,0.466,0.087,0.4,0.6,0,0,0.1925926
20150627,0.487,0.352,0.0,0.64,0.36,0,0,0.0592593
20150628,0.41,0.476,0.0,0,0,0.96,0.04,0.0592593
20150629,0.465,0.422,0.0,0.91,0,0,0.09,0.0962963
20150630,0.479,0.264,0.017,0.91,0,0,0.09,0.1111111
20150701,0.476,0.512,0.003,0,0,0.8,0.2,0.1407407
20150702,0.478,0.536,0.0,0,0,0.33,0.67,0.1407407
20150703,0.491,0.415,0.0,0.87,0,0,0.13,0.2296296
20150704,0.478,0.345,0.0,0.49,0.51,0,0,0.162963
20150705,0.403,0.307,0.0,0.92,0,0,0.08,0.1333333
20150706,0.461,0.445,0.0,0.9,0,0,0.1,0.1481481
20150707,0.488,0.332,0.0,0,0.51,0.49,0,0.1259259
20150708,0.482,0.592,0.003,0.67,0.33,0,0,0.1481481
20150709,0.487,0.506,0.0,0.71,0.29,0,0,0.037037
20150710,0.493,0.291,0.0,0.6,0.4,0,0,0.0444444
20150711,0.487,0.24,0.0,0.62,0.38,0,0,0.0888889
20150712,0.377,0.603,0.201,0.71,0.29,0,0,0.1259259
20150713,0.449,0.827,0.069,0,0,0.56,0.44,0.0444444
20150714,0.489,0.555,0.0,0,0,0.56,0.44,0.1555556
20150715,0.488,0.635,0.0,0.68,0.32,0,0,0.2814815
20150716,0.494,0.712,0.0,0.73,0.27,0,0,0.2148148
20150717,0.511,0.506,0.0,0.67,0.33,0,0,0.037037
20150718,0.485,0.355,0.003,0.67,0.33,0,0,0.037037
20150719,0.414,0.297,0.035,0.67,0.33,0,0,0.1333333
20150720,0.47,0.347,0.0,0.64,0.36,0,0,0.1185185
20150721,0.482,0.235,0.076,0.69,0.31,0,0,0.0962963
20150722,0.484,0.254,0.007,0.98,0,0,0.02,0.1185185
20150723,0.478,0.526,0.111,0,0,0.33,0.67,0.1481481
20150724,0.475,0.327,0.183,0,0,0.4,0.6,0.1333333
20150725,0.032,0.469,0.554,0,0,0.49,0.51,0.0666667
20150727,0.394,0.377,0.01,0.83,0,0,0.17,0.0740741
20150728,0.467,0.254,0.0,0.84,0,0,0.16,0.1185185
20150729,0.465,0.482,0.028,0,0,0.31,0.69,0.1703704
20150730,0.465,0.551,0.0,0,0,0.44,0.56,0.2
20150731,0.476,0.459,0.0,0,0,0.63,0.37,0.3481481
20150801,0.446,0.512,0.0,0,0,0.54,0.46,0.2962963
20150803,0.429,0.612,0.0,0,0,0.38,0.62,0.1555556
20150804,0.45,0.688,0.0,0,0,0.42,0.58,0.1259259
20150805,0.447,0.676,0.0,0,0,0.38,0.62,0.1185185
20150806,0.445,0.31,0.0,0.67,0,0,0.33,0.1555556
20150807,0.463,0.153,0.076,0.33,0.67,0,0,0.162963
20150808,0.453,0.281,0.052,0.58,0.42,0,0,0.1925926
20150809,0.38,0.405,0.0,0.84,0,0,0.16,0.1555556
20150810,0.426,0.335,0.0,0.96,0,0,0.04,0.0888889
20150811,0.46,0.307,0.0,0.89,0,0,0.11,0.1333333
20150812,0.439,0.208,0.0,0.42,0.58,0,0,0.2740741
20150813,0.468,0.261,0.0,0.56,0.44,0,0,0.237037
20150814,0.461,0.245,0.0,0.53,0.47,0,0,0.1703704
20150816,0.38,0.429,0.201,0.68,0.32,0,0,0.3259259
20150818,0.452,0.402,0.0,0.71,0.29,0,0,0.1259259
20150819,0.454,0.324,0.0,0.56,0.44,0,0,0.0962963
20150820,0.452,0.257,0.0,0.84,0,0,0.16,0.1555556
20150821,0.464,0.355,0.017,0.87,0,0,0.13,0.162963
20150822,0.457,0.462,0.0,0.91,0,0,0.09,0.1407407
20150823,0.39,0.221,0.0,0.47,0.53,0,0,0.1777778
20150824,0.433,0.573,0.0,0.71,0.29,0,0,0.1777778
20150825,0.428,0.475,0.038,0.38,0.62,0,0,0.1333333
20150826,0.441,0.418,0.0,0.89,0,0,0.11,0.0296296
20150827,0.447,0.454,0.0,0.91,0,0,0.09,0.0444444
20150828,0.459,0.223,0.0,0.93,0,0,0.07,0.0814815
20150829,0.476,0.495,0.0,0.89,0,0,0.11,0.1259259
20150830,0.396,0.268,0.0,0.8,0,0,0.2,0.1481481
20150831,0.429,0.385,0.0,0.71,0.29,0,0,0.162963
20150901,0.445,0.502,0.0,0.71,0.29,0,0,0.162963
20150902,0.444,0.348,0.003,0.84,0.16,0,0,0.1185185
20150904,0.458,0.341,0.0,0.89,0,0,0.11,0.1111111
20150905,0.472,0.337,0.035,0.67,0.33,0,0,0.1481481
20150906,0.405,0.496,0.0,0.64,0.36,0,0,0.1407407
20150907,0.431,0.3,0.0,0.78,0.22,0,0,0.0518519
20150908,0.448,0.471,0.0,0.67,0.33,0,0,0.0518519
20150909,0.462,0.469,0.0,0.56,0.44,0,0,0.0518519
20150910,0.463,0.431,0.0,0.96,0,0,0.04,0.0592593
20150911,0.465,0.394,0.017,0.84,0,0,0.16,0.0962963
20150912,0.484,0.213,0.0,0,0,0,1,0.1555556
20150913,0.415,0.434,0.0,0.96,0,0,0.04,0.0814815
20150914,0.445,0.288,0.0,0.53,0.47,0,0,0.0740741
20150915,0.457,0.304,0.0,0.56,0.44,0,0,0.1259259
20150916,0.459,0.427,0.0,0.64,0.36,0,0,0.1037037
20150917,0.468,0.482,0.0,0.69,0.31,0,0,0.0592593
20150918,0.479,0.379,0.0,0.69,0.31,0,0,0.0444444
20150919,0.496,0.549,0.0,0.91,0,0,0.09,0.0814815
20150920,0.42,0.174,0.0,0.38,0.62,0,0,0.1185185
20150921,0.454,0.009,0.0,0.5,0,0,0.5,0.2222222
20150922,0.447,0.24,0.0,0.67,0.33,0,0,0.2222222
20150923,0.439,0.315,0.0,0.58,0.42,0,0,0.1851852
20150924,0.455,0.231,0.0,0.6,0.4,0,0,0.1851852
20150925,0.442,0.367,0.0,0.69,0.31,0,0,0.162963
20150930,0.407,0.388,0.0,0.96,0.04,0,0,0.0740741
20151002,0.43,0.79,0.0,0,0,0.6,0.4,0.0592593
20151004,0.363,0.29,0.0,0.71,0,0,0.29,0.1259259
20151005,0.41,0.195,0.0,0.36,0.64,0,0,0.0888889
20151006,0.427,0.208,0.0,0.37,0.63,0,0,0.1037037
20151007,0.439,0.066,0.0,0.28,0.72,0,0,0.1185185
20151008,0.44,0.506,0.0,0.96,0,0,0.04,0.1703704
20151010,0.409,0.552,0.024,0,0,0.36,0.64,0.0814815
20151011,0.363,0.354,0.024,0,0,0.96,0.04,0.0814815
20151013,0.421,0.372,0.0,0,0,0.71,0.29,0.0740741
20151014,0.418,0.198,0.0,0.33,0.67,0,0,0.1185185
20151015,0.424,0.237,0.0,0.38,0.62,0,0,0.1925926
20151016,0.431,0.34,0.0,0.82,0,0,0.18,0.2666667
20151017,0.446,0.198,0.0,0.47,0.53,0,0,0.3185185
20151018,0.379,0.113,0.0,0.34,0.66,0,0,0.2518519
20151019,0.4,0.234,0.0,0.67,0.33,0,0,0.3555556
20151020,0.417,0.078,0.0,0,0,0,1,0.4592593
20151021,0.424,0.243,0.0,0.73,0,0,0.27,0.4222222
20151022,0.419,0.412,0.0,0.69,0.31,0,0,0.5185185
20151023,0.424,0.361,0.0,0,0,0.49,0.51,0.3555556
20151024,0.44,0.354,0.073,0.8,0,0,0.2,0.2148148
20151025,0.374,0.447,0.0,0.76,0.24,0,0,0.1555556
20151026,0.383,0.344,0.014,0.69,0.31,0,0,0.1185185
20151027,0.401,0.499,0.183,0.88,0,0,0.12,0.1185185
20151028,0.431,0.479,0.0,0.96,0,0,0.04,0.0962963
20151029,0.445,0.097,0.003,0.27,0.73,0,0,0.0962963
20151030,0.455,0.484,0.0,0.82,0,0,0.18,0.0888889
20151031,0.456,0.307,0.0,0.78,0,0,0.22,0.0740741
20151101,0.395,0.243,0.0,0.44,0.56,0,0,0.1185185
20151102,0.417,0.021,0.0,0.27,0.73,0,0,0.1777778
20151103,0.432,0.14,0.0,0.34,0.66,0,0,0.2148148
20151104,0.429,0.201,0.0,0.34,0.66,0,0,0.3111111
20151105,0.438,0.128,0.0,0.31,0.69,0,0,0.4074074
20151106,0.457,0.75,0.031,0.73,0.27,0,0,0.3851852
20151107,0.43,0.842,0.17,0.73,0.27,0,0,0.237037
20151108,0.378,0.74,0.073,0.72,0.28,0,0,0.0592593
20151109,0.417,0.352,0.024,0.8,0,0,0.2,0.0222222
20151110,0.433,0.25,0.0,0.96,0,0,0.04,0.0592593
20151111,0.443,0.437,0.0,0.71,0.29,0,0,0.2296296
20151112,0.436,0.451,0.0,0.71,0.29,0,0,0.1925926
20151113,0.454,0.573,0.156,0.71,0.29,0,0,0.0740741
20151114,0.454,0.381,0.024,0.69,0.31,0,0,0.0592593
20151115,0.429,0.251,0.0,0.93,0,0,0.07,0.0592593
20151116,0.442,0.459,0.038,0.69,0.31,0,0,0.0888889
20151117,0.463,0.278,0.0,0.76,0,0,0.24,0.1259259
20151118,0.45,0.735,0.038,0.71,0.29,0,0,0.0888889
20151119,0.453,0.484,0.0,0.73,0.27,0,0,0.0444444
20151120,0.501,0.073,0.0,0.2,0.8,0,0,0.0592593
20151121,0.526,0.268,0.0,0.73,0,0,0.27,0.162963
20151122,0.438,0.548,0.024,0.71,0.29,0,0,0.2444444
20151123,0.47,0.626,0.045,0.71,0.29,0,0,0.1481481
20151124,0.501,0.568,0.003,0.71,0.29,0,0,0.037037
20151125,0.465,0.505,0.076,0.69,0.31,0,0,0.1111111
20151126,0.48,0.569,0.0,0.69,0,0,0.31,0.0666667
20151127,0.481,0.447,0.0,0.82,0,0,0.18,0.1777778
20151128,0.477,0.318,0.0,0.56,0.44,0,0,0.1925926
20151129,0.408,0.486,0.021,0.67,0.33,0,0,0.2074074
20151201,0.499,0.302,0.0,0.49,0.51,0,0,0.2148148
20151202,0.486,0.322,0.093,0.64,0.36,0,0,0.237037
20151203,0.443,0.799,0.035,0.78,0,0,0.22,0.2296296
20151204,0.482,0.133,0.0,0,0,0.91,0.09,0.0888889
20151205,0.481,0.342,0.0,0,0,0.8,0.2,0.1111111
20151206,0.415,0.121,0.0,0,0,0.84,0.16,0.1185185
20151207,0.486,0.14,0.0,0.16,0,0,0.84,0.1407407
20151208,0.514,0.158,0.0,0.41,0,0,0.59,0.2148148
20151209,0.516,0.291,0.0,0,0.24,0.76,0,0.2666667
20151210,0.512,0.321,0.0,0,0.31,0.69,0,0.2888889
20151211,0.518,0.672,0.0,0.89,0.11,0,0,0.2074074
20151212,0.5,0.154,0.0,0.19,0.81,0,0,0.1555556
20151213,0.422,0.154,0.0,0.19,0.81,0,0,0.1185185
20151214,0.473,0.311,0.017,0.19,0.81,0,0,0.1851852
20151215,0.493,0.415,0.0,0.4,0.6,0,0,0.2148148
20151216,0.491,0.456,0.0,0.36,0.64,0,0,0.2444444
20151217,0.484,0.231,0.0,0.62,0.38,0,0,0.0962963
20151218,0.469,0.111,0.0,0.62,0.38,0,0,0.0814815
20151219,0.481,0.265,0.0,0,0.38,0.62,0,0.1703704
20151220,0.395,0.133,0.0,0,0,0.28,0.72,0.2666667
20151221,0.45,0.398,0.014,0,0.56,0.44,0,0.2592593
20151222,0.483,0.261,0.0,0,0.47,0.53,0,0.2518519
20151223,0.492,0.171,0.0,0,0.69,0.31,0,0.2962963
20151224,0.48,0.14,0.0,0.91,0,0,0.09,0.2740741
20151226,0.432,0.307,0.007,0.73,0.27,0,0,0.1185185
20151227,0.398,0.414,0.0,0.03,0.97,0,0,0.2962963
20151228,0.46,0.21,0.0,0.81,0.19,0,0,0.1185185
20151229,0.481,0.191,0.0,0,0.31,0.69,0,0.1111111
20151230,0.484,0.298,0.017,0,0,0.16,0.84,0.237037
20151231,0.482,0.138,0.0,0.53,0.47,0,0,0.2666667
20160101,0.538,0.114,0.0,0.91,0.09,0,0,0.3185185
20160102,0.64,0.285,0.0,0.53,0,0,0.47,0.3333333
20160103,0.571,0.127,0.0,0.28,0,0,0.72,0.2296296
20160104,0.727,0.395,0.0,0.33,0,0,0.67,0.4296296
20160105,0.742,0.157,0.0,0.28,0.72,0,0,0.3481481
20160106,0.732,0.134,0.0,0.73,0.27,0,0,0.1185185
20160107,0.759,0.214,0.0,0.22,0.78,0,0,0.2148148
20160108,0.771,0.255,0.0,0.38,0.62,0,0,0.1481481
20160109,0.734,0.194,0.0,0.47,0.53,0,0,0.1333333
20160110,0.634,0.267,0.0,0.09,0,0,0.91,0.1407407
20160111,0.758,0.365,0.0,0.56,0.44,0,0,0.1407407
20160112,0.76,0.275,0.0,0.4,0.6,0,0,0.1555556
20160113,0.747,0.255,0.0,0.5,0.5,0,0,0.1777778
20160114,0.76,0.257,0.0,0,0,0.57,0.43,0.1481481
20160115,0.796,0.278,0.0,0,0.5,0.5,0,0.1555556
20160116,0.737,0.418,0.0,0,1,0,0,0.2148148
20160117,0.637,0.369,0.0,0.91,0.09,0,0,0.3185185
20160118,0.746,0.178,0.0,0.5,0,0,0.5,0.3407407
20160119,0.743,0.799,0.0,0.33,0,0,0.67,0.237037
20160120,0.756,0.088,0.0,0.53,0.47,0,0,0.0962963
20160121,0.782,0.09,0.0,0,0.09,0.91,0,0.162963
20160122,0.818,0.412,0.0,0.31,0,0,0.69,0.2222222
20160123,0.742,0.649,0.0,0.22,0,0,0.78,0.2
20160124,0.587,0.455,0.0,0.32,0,0,0.68,0.1037037
20160125,0.755,0.074,0.0,0.12,0,0,0.88,0.1407407
20160126,0.749,0.064,0.0,0.22,0.78,0,0,0.1259259
20160127,0.784,0.027,0.0,0.43,0.57,0,0,0.2740741
20160128,0.774,0.123,0.0,0.91,0.09,0,0,0.2296296
20160129,0.799,0.308,0.0,0,0.16,0.84,0,0.2296296
20160130,0.746,0.121,0.0,0.38,0,0,0.62,0.1925926
20160131,0.628,0.428,0.0,0.56,0,0,0.44,0.1777778
20160201,0.774,0.404,0.0,0.36,0,0,0.64,0.1555556
20160202,0.815,0.027,0.0,0.47,0.53,0,0,0.1333333
20160203,0.828,0.071,0.0,0.62,0.38,0,0,0.162963
20160204,0.832,0.016,0.0,0.24,0.76,0,0,0.2222222
20160205,0.837,0.188,0.0,0.31,0,0,0.69,0.2222222
20160206,0.704,0.427,0.0,0.29,0,0,0.71,0.1555556
20160207,0.59,0.297,0.0,0.64,0,0,0.36,0.1777778
20160208,0.612,0.131,0.0,0.62,0,0,0.38,0.1777778
20160209,0.536,0.362,0.0,0.6,0,0,0.4,0.3037037
20160210,0.542,0.14,0.0,0.93,0.07,0,0,0.1851852
20160211,0.775,0.456,0.0,0,0.33,0.67,0,0.162963
20160212,0.788,0.305,0.125,0,1,0,0,0.1851852
20160213,0.739,0.32,0.145,0,0.4,0.6,0,0.1555556
20160214,0.646,0.659,0.017,0.69,0,0,0.31,0.0740741
20160215,0.814,0.596,0.0,0.34,0,0,0.66,0.1259259
20160216,0.799,0.15,0.003,0.5,0,0,0.5,0.0814815
20160217,0.833,0.067,0.0,0.57,0,0,0.43,0.1111111
20160218,0.833,0.699,0.0,0,0,0.91,0.09,0.1111111
20160219,0.851,0.097,0.0,0.24,0,0,0.76,0.162963
20160220,0.808,0.051,0.0,0.72,0.28,0,0,0.3037037
20160221,0.698,0.495,0.0,0.53,0,0,0.47,0.1333333
20160222,0.818,0.108,0.0,0.28,0,0,0.72,0.0888889
20160223,0.835,0.225,0.003,0.24,0,0,0.76,0.1333333
20160224,0.84,0.29,0.0,0.31,0,0,0.69,0.2
20160225,0.844,0.064,0.0,0.24,0,0,0.76,0.1259259
20160226,0.865,0.254,0.0,0.41,0,0,0.59,0.2074074
20160227,0.809,0.053,0.0,0.78,0.22,0,0,0.2074074
20160228,0.658,0.09,0.021,0.66,0.34,0,0,0.2962963
20160229,0.806,0.631,0.0,0.3,0,0,0.7,0.2074074
20160301,0.651,0.345,0.0,0.47,0,0,0.53,0.2074074
20160302,0.815,0.603,0.0,0,0,0.99,0.01,0.1259259
20160303,0.833,0.076,0.0,0,0.07,0.93,0,0.1481481
20160304,0.86,0.425,0.0,0,0.16,0.84,0,0.2222222
20160305,0.759,0.425,0.277,0,0.13,0.87,0,0.2666667
20160306,0.685,0.391,0.0,0.24,0,0,0.76,0.1037037
20160307,0.817,0.165,0.0,0.07,0.93,0,0,0.1703704
20160308,0.831,0.445,0.0,0.2,0,0,0.8,0.2074074
20160309,0.839,0.534,0.0,0.24,0,0,0.76,0.1481481
20160310,0.831,0.499,0.0,0.37,0,0,0.63,0.1111111
20160311,0.842,0.218,0.0,0.57,0,0,0.43,0.1037037
20160312,0.782,0.066,0.0,0.34,0,0,0.66,0.1259259
20160313,0.659,0.037,0.0,0.62,0.38,0,0,0.1407407
20160314,0.801,0.357,0.0,0.4,0,0,0.6,0.2592593
20160315,0.806,0.357,0.0,0.36,0,0,0.64,0.3111111
20160316,0.815,0.044,0.0,0.72,0.28,0,0,0.2074074
20160317,0.839,0.103,0.0,0.24,0,0,0.76,0.237037
20160318,0.87,0.542,0.0,0.27,0,0,0.73,0.2962963
20160319,0.835,0.285,0.0,0.36,0,0,0.64,0.2666667
20160320,0.673,0.22,0.0,0.53,0,0,0.47,0.2888889
20160321,0.833,0.201,0.0,0.47,0,0,0.53,0.3259259
20160322,0.854,0.405,0.0,0.71,0,0,0.29,0.3555556
20160323,0.861,0.414,0.0,0.37,0,0,0.63,0.3259259
20160324,0.863,0.451,0.0,0.42,0,0,0.58,0.3407407
20160325,0.511,0.188,0.0,0.31,0,0,0.69,0.1555556
20160326,0.866,0.347,0.0,0.47,0,0,0.53,0.2592593
20160327,0.756,0.414,0.0,0.51,0,0,0.49,0.2962963
20160328,0.865,0.041,0.0,0.5,0,0,0.5,0.2962963
20160329,0.878,0.578,0.0,0.93,0,0,0.07,0.2962963
20160330,0.885,0.355,0.0,0.49,0,0,0.51,0.3777778
20160331,0.866,0.118,0.0,0.31,0,0,0.69,0.3555556
20160401,0.886,0.108,0.0,0.88,0.12,0,0,0.162963
20160402,0.845,0.077,0.0,0.5,0,0,0.5,0.2222222
20160403,0.707,0.037,0.014,0.66,0.34,0,0,0.2888889
20160404,0.836,0.465,0.0,0.53,0,0,0.47,0.2296296
20160405,0.873,0.361,0.0,0.61,0,0,0.39,0.0888889
20160406,0.868,0.277,0.021,0.96,0.04,0,0,0.162963
20160407,0.855,0.492,0.052,0.64,0,0,0.36,0.2666667
20160408,0.894,0.407,0.0,0.51,0,0,0.49,0.1777778
20160409,0.843,0.272,0.0,0.56,0,0,0.44,0.2888889
20160410,0.731,0.382,0.0,0.6,0,0,0.4,0.4296296
20160411,0.863,0.046,0.0,0.43,0,0,0.57,0.5037037
20160412,0.888,0.03,0.0,0.62,0.38,0,0,0.1481481
20160413,0.707,0.158,0.007,0.88,0.12,0,0,0.2
20160414,0.859,0.275,0.0,0.5,0,0,0.5,0.237037
20160415,0.888,0.183,0.0,0.62,0,0,0.38,0.2222222
20160416,0.812,0.591,0.163,0,0.18,0.82,0,0.2
20160417,0.705,0.645,0.142,0.73,0,0,0.27,0.1777778
20160418,0.844,0.344,0.01,0.69,0,0,0.31,0.1185185
20160419,0.861,0.382,0.0,0.51,0,0,0.49,0.1703704
20160420,0.862,0.061,0.003,0.69,0.31,0,0,0.1481481
20160421,0.833,0.613,0.118,0,0.16,0.84,0,0.2296296
20160422,0.867,0.402,0.0,0.47,0,0,0.53,0.1259259
20160423,0.805,0.131,0.0,0.81,0.19,0,0,0.3481481
20160424,0.698,0.036,0.0,0.4,0.6,0,0,0.3111111
20160425,0.838,0.023,0.0,0.24,0,0,0.76,0.1925926
20160426,0.871,0.036,0.0,0.62,0.38,0,0,0.1777778
20160427,0.871,0.512,0.0,0,0.2,0.8,0,0.2148148
20160428,0.878,0.243,0.0,0.87,0.13,0,0,0.1185185
20160429,0.89,0.407,0.0,0.62,0,0,0.38,0.1481481
20160430,0.827,0.459,0.0,0.96,0,0,0.04,0.2
20160501,0.718,0.321,0.0,0,0,0.97,0.03,0.2592593
20160502,0.834,0.358,0.114,0,0,0.8,0.2,0.1481481
20160503,0.8,0.843,0.187,0.96,0,0,0.04,0.1777778
20160504,0.868,0.74,0.0,0.73,0,0,0.27,0.0666667
20160505,0.704,0.083,0.052,0.59,0,0,0.41,0.0888889
20160506,0.696,0.034,0.066,0.76,0.24,0,0,0.1555556
20160508,0.705,0.066,0.0,0.03,0.97,0,0,0.162963
20160509,0.838,0.068,0.0,0,0.38,0.62,0,0.1185185
20160510,0.828,0.511,0.093,0.61,0.39,0,0,0.1555556
20160511,0.814,0.361,0.0,0,0,0.93,0.07,0.1037037
20160512,0.697,0.509,0.0,0,0,0.62,0.38,0.0962963
20160513,0.872,0.305,0.003,0,0,0.33,0.67,0.1111111
20160514,0.817,0.301,0.0,0.58,0.42,0,0,0.1555556
20160515,0.685,0.456,0.311,0,0,0.89,0.11,0.1333333
20160516,0.849,0.435,0.017,0,0,0.89,0.11,0.1407407
20160517,0.87,0.284,0.0,0,0,0.84,0.16,0.1259259
20160518,0.866,0.321,0.0,0.91,0,0,0.09,0.2740741
20160519,0.871,0.188,0.0,0.31,0.69,0,0,0.2074074
20160520,0.877,0.31,0.0,0.62,0.38,0,0,0.1481481
20160521,0.825,0.317,0.0,0.64,0.36,0,0,0.2222222
20160522,0.707,0.21,0.0,0.47,0.53,0,0,0.1851852
20160523,0.813,0.344,0.0,0.82,0,0,0.18,0.2814815
20160524,0.804,0.419,0.266,0,0,0.42,0.58,0.3333333
20160525,0.823,0.429,0.0,0,0,0.36,0.64,0.1703704
20160526,0.845,0.234,0.0,0,0,0.98,0.02,0.4518519
20160527,0.874,0.359,0.0,0,0,0.97,0.03,0.5259259
20160528,0.84,0.358,0.0,0,0,0.89,0.11,0.4
20160529,0.724,0.389,0.0,0,0,0.91,0.09,0.2888889
20160530,0.732,0.315,0.0,0,0,0.93,0.07,0.3111111
20160531,0.833,0.318,0.0,0,0,0.89,0.11,0.4
20160601,0.841,0.391,0.0,0.62,0.38,0,0,0.3407407
20160602,0.853,0.24,0.0,0.61,0.39,0,0,0.162963
20160603,0.872,0.327,0.0,0,0,0.98,0.02,0.1333333
20160604,0.81,0.285,0.0,0,0,0,1,0.1851852
20160605,0.69,0.193,0.0,0.56,0.44,0,0,0.2074074
20160606,0.628,0.35,0.0,0,0.38,0.62,0,0.2074074
20160607,0.815,0.377,0.0,0,0,0,1,0.0962963
20160608,0.829,0.317,0.0,0,0,0.92,0.08,0.1925926
20160609,0.827,0.388,0.0,0,0,0.87,0.13,0.1777778
20160610,0.864,0.305,0.0,0,0,0.88,0.12,0.2296296
20160611,0.814,0.243,0.021,0,0,0.96,0.04,0.2666667
20160612,0.7,0.322,0.01,0,0,0.91,0.09,0.2296296
20160613,0.83,0.344,0.0,0,0,0.93,0.07,0.1481481
20160614,0.851,0.399,0.0,0.87,0,0,0.13,0.2666667
20160615,0.823,0.371,0.107,0,0,0.84,0.16,0.2296296
20160616,0.856,0.367,0.0,0,0,0.92,0.08,0.1703704
20160617,0.747,0.384,0.0,0,0,0.23,0.77,0.1407407
20160618,0.739,0.385,0.0,0,0,0.93,0.07,0.2666667
20160619,0.631,0.32,0.0,0,0,0.98,0.02,0.3333333
20160620,0.831,0.28,0.0,0,0,0.98,0.02,0.2074074
20160621,0.858,0.173,0.0,0.6,0.4,0,0,0.2592593
20160622,0.691,0.341,0.211,0.6,0.4,0,0,0.3111111
20160623,0.87,0.244,0.0,0.58,0.42,0,0,0.3555556
20160624,0.867,0.331,0.024,0,0,0.94,0.06,0.2222222
20160625,0.829,0.401,0.0,0,0,0.87,0.13,0.237037
20160626,0.727,0.438,0.0,0,0,0.94,0.06,0.1259259
20160627,0.817,0.362,0.0,0.98,0,0,0.02,0.1333333
20160628,0.848,0.292,0.0,0,0,0.96,0.04,0.1555556
20160629,0.855,0.35,0.0,0,0,0.69,0.31,0.3037037
20160630,0.838,0.432,0.0,0,0,0.24,0.76,0.1777778
20160701,0.818,0.345,0.751,0,0,0.2,0.8,0.1481481
20160703,0.702,0.193,0.0,0,0,0.9,0.1,0.0666667
20160704,0.788,0.486,0.204,0.64,0.36,0,0,0.2148148
20160705,0.722,0.466,0.696,0.64,0.36,0,0,0.1037037
20160707,0.837,0.264,0.0,0,0,0.87,0.13,0.0666667
20160708,0.862,0.257,0.0,0.67,0,0,0.33,0.1925926
20160709,0.821,0.372,0.0,0,0,0.97,0.03,0.2666667
20160710,0.706,0.298,0.0,0,0,0.98,0.02,0.1703704
20160711,0.826,0.161,0.0,0,0,0.91,0.09,0.162963
20160712,0.83,0.362,0.021,0.73,0,0,0.27,0.2666667
20160713,0.835,0.287,0.0,0.98,0,0,0.02,0.2
20160714,0.852,0.369,0.0,0,0,0.22,0.78,0.1259259
20160715,0.88,0.387,0.01,0.63,0.37,0,0,0.1259259
20160716,0.777,0.526,0.322,0.62,0.38,0,0,0.0740741
20160717,0.719,0.375,0.017,0,0,0.22,0.78,0.037037
20160718,0.844,0.298,0.0,0,0,0,1,0.0666667
20160719,0.847,0.198,0.0,0.6,0.4,0,0,0.1185185
20160720,0.847,0.312,0.0,0.56,0.44,0,0,0.1555556
20160721,0.855,0.364,0.0,0.58,0.42,0,0,0.1703704
20160722,0.876,0.243,0.0,0.53,0.47,0,0,0.1407407
20160723,0.808,0.22,0.003,0,0,0.98,0.02,0.1703704
20160724,0.695,0.342,0.003,0,0,0.2,0.8,0.2
20160725,0.834,0.233,0.0,0.87,0,0,0.13,0.1851852
20160726,0.837,0.401,0.0,0,0,0.62,0.38,0.2296296
20160727,0.841,0.434,0.003,0,0,0.2,0.8,0.1703704
20160728,0.85,0.311,0.0,0.8,0,0,0.2,0.1703704
20160729,0.789,0.251,0.412,0.51,0.49,0,0,0.2888889
20160730,0.717,0.288,0.003,0.87,0,0,0.13,0.2148148
20160731,0.683,0.113,0.0,0.06,0.94,0,0,0.2222222
20160801,0.763,0.344,0.0,0,0,0.96,0.04,0.2
20160802,0.804,0.093,0.014,0.02,0.98,0,0,0.162963
20160803,0.824,0.223,0.0,0.47,0.53,0,0,0.1185185
20160804,0.83,0.228,0.0,0.36,0.64,0,0,0.1259259
20160805,0.847,0.24,0.0,0.5,0.5,0,0,0.1481481
20160806,0.775,0.301,0.0,0.76,0,0,0.24,0.1925926
20160807,0.661,0.267,0.0,0,0,0,1,0.2888889
20160808,0.781,0.417,0.0,0.27,0,0,0.73,0.1851852
20160809,0.805,0.318,0.007,0.62,0.38,0,0,0.1851852
20160810,0.805,0.27,0.0,0,0,0.89,0.11,0.162963
20160811,0.799,0.342,0.0,0,0,0,1,0.3259259
20160812,0.81,0.358,0.0,0,0,0.89,0.11,0.1481481
20160813,0.759,0.372,0.0,0,0,0.93,0.07,0.2074074
20160814,0.655,0.221,0.0,0.82,0,0,0.18,0.1851852
20160815,0.585,0.34,0.0,0,0,0.98,0.02,0.2
20160816,0.789,0.284,0.003,0.96,0,0,0.04,0.1703704
20160817,0.798,0.252,0.0,0.47,0.53,0,0,0.2148148
20160818,0.812,0.26,0.0,0.56,0.44,0,0,0.1851852
20160819,0.826,0.2,0.08,0.51,0.49,0,0,0.2592593
20160820,0.786,0.233,0.0,0.61,0.39,0,0,0.3111111
20160821,0.678,0.267,0.0,0.58,0.42,0,0,0.1555556
20160822,0.797,0.213,0.0,0.49,0.51,0,0,0.1333333
20160823,0.793,0.371,0.055,0.67,0.33,0,0,0.1333333
20160824,0.792,0.287,0.0,0.89,0,0,0.11,0.1555556
20160825,0.812,0.556,0.031,0.73,0,0,0.27,0.162963
20160826,0.829,0.68,0.138,0.64,0.36,0,0,0.1333333
20160827,0.805,0.475,0.0,0.62,0.38,0,0,0.0444444
20160828,0.695,0.418,0.01,0.31,0.69,0,0,0.037037
20160829,0.776,0.385,0.0,0.79,0,0,0.21,0.0296296
20160830,0.744,0.585,0.0,0,0,0,1,0.0518519
20160831,0.729,0.559,0.121,0,0,0.82,0.18,0.0666667
20160901,0.8,0.626,0.0,0,0,0.22,0.78,0.0518519
20160902,0.813,0.297,0.031,0.64,0.36,0,0,0.2444444
20160903,0.785,0.327,0.003,0.64,0.36,0,0,0.1703704
20160904,0.684,0.194,0.0,0.58,0.42,0,0,0.0962963
20160905,0.803,0.287,0.0,0,0,0.91,0.09,0.0962963
20160906,0.822,0.207,0.0,0,0,0.94,0.06,0.1259259
20160907,0.809,0.315,0.0,0,0,0.93,0.07,0.2592593
20160910,0.789,0.27,0.0,0.62,0.38,0,0,0.2
20160911,0.663,0.24,0.0,0.71,0.29,0,0,0.2
20160912,0.793,0.262,0.017,0.62,0.38,0,0,0.2
20160913,0.799,0.262,0.0,0.64,0.36,0,0,0.1333333
20160914,0.577,0.208,0.0,0.56,0.44,0,0,0.0740741
20160915,0.624,0.121,0.0,0.26,0.74,0,0,0.1555556
20160916,0.529,0.24,0.0,0,0,0.91,0.09,0.2
20160917,0.622,0.441,0.048,0.64,0.36,0,0,0.2592593
20160918,0.602,0.438,0.0,0.64,0.36,0,0,0.1481481
20160919,0.759,0.496,0.0,0.62,0.38,0,0,0.0962963
20160920,0.813,0.438,0.0,0.62,0.38,0,0,0.037037
20160921,0.816,0.301,0.0,0.6,0.4,0,0,0.0740741
20160922,0.817,0.325,0.0,0.6,0.4,0,0,0.162963
20160923,0.837,0.21,0.0,0.56,0.44,0,0,0.1925926
20160924,0.808,0.097,0.0,0.22,0.78,0,0,0.2444444
20160925,0.695,0.08,0.0,0.18,0.82,0,0,0.3037037
20160926,0.799,0.195,0.0,0.56,0.44,0,0,0.2666667
20160927,0.791,0.177,0.093,0.6,0.4,0,0,0.2148148
20160928,0.812,0.241,0.003,0.76,0,0,0.24,0.1703704
20160930,0.828,0.26,0.0,0.49,0.51,0,0,0.0444444
20161001,0.8,0.183,0.0,0.53,0.47,0,0,0.1037037
20161002,0.617,0.448,0.128,0.62,0.38,0,0,0.1925926
20161003,0.617,0.409,0.045,0.77,0,0,0.23,0.1259259
20161004,0.787,0.452,0.0,0.62,0.38,0,0,0.0666667
20161005,0.803,0.529,0.0,0.64,0.36,0,0,0.1111111
20161007,0.814,0.392,0.014,0.64,0.36,0,0,0.1333333
20161008,0.779,0.472,0.042,0,0,0.91,0.09,0.0888889
20161009,0.701,0.431,0.0,0.73,0,0,0.27,0.0740741
20161010,0.765,0.204,0.0,0.73,0,0,0.27,0.0666667
20161011,0.792,0.15,0.0,0.23,0.77,0,0,0.0814815
20161012,0.811,0.318,0.0,0.71,0,0,0.29,0.162963
20161013,0.805,0.262,0.0,0.76,0,0,0.24,0.2148148
20161014,0.824,0.178,0.0,0.27,0.73,0,0,0.1481481
20161015,0.799,0.174,0.0,0.24,0.76,0,0,0.3037037
20161016,0.669,0.198,0.01,0.64,0.36,0,0,0.362963
20161017,0.765,0.434,0.0,0.73,0,0,0.27,0.2666667
20161019,0.797,0.094,0.0,0.2,0.8,0,0,0.2148148
20161020,0.794,0.422,0.0,0.6,0.4,0,0,0.2666667
20161021,0.79,0.479,0.0,0.56,0.44,0,0,0.2740741
20161022,0.773,0.248,0.0,0.49,0.51,0,0,0.0888889
20161023,0.663,0.582,0.017,0.56,0.44,0,0,0.1111111
20161024,0.768,0.395,0.0,0.49,0.51,0,0,0.0444444
20161025,0.756,0.382,0.256,0.6,0.4,0,0,0.0518519
20161026,0.784,0.265,0.0,0.82,0,0,0.18,0.0666667
20161028,0.786,0.225,0.0,0.47,0.53,0,0,0.162963
20161029,0.771,0.422,0.0,0.84,0,0,0.16,0.1259259
20161030,0.673,0.23,0.0,0.87,0,0,0.13,0.1185185
20161031,0.766,0.442,0.003,0.78,0,0,0.22,0.0888889
20161101,0.789,0.486,0.0,0.82,0,0,0.18,0.1111111
20161102,0.784,0.114,0.0,0.09,0.91,0,0,0.0740741
20161103,0.808,0.091,0.0,0.13,0.87,0,0,0.1185185
20161104,0.787,0.504,0.0,0,0,0.2,0.8,0.1703704
20161105,0.771,0.361,0.0,0,0,0.27,0.73,0.2444444
20161106,0.694,0.502,0.0,0.56,0.44,0,0,0.3259259
20161107,0.782,0.352,0.038,0.56,0.44,0,0,0.1407407
20161108,0.798,0.508,0.003,0.8,0,0,0.2,0.1703704
20161109,0.793,0.228,0.0,0,0,0.96,0.04,0.362963
20161110,0.737,0.284,0.0,0.56,0.44,0,0,0.2
20161111,0.817,0.381,0.028,0,0,0.73,0.27,0.1925926
20161112,0.743,0.271,0.0,0.42,0.58,0,0,0.162963
20161113,0.675,0.291,0.003,0.57,0.43,0,0,0.2296296
20161114,0.763,0.22,0.01,0.61,0.39,0,0,0.2222222
20161115,0.791,0.421,0.0,0.8,0,0,0.2,0.2148148
20161116,0.775,0.307,0.0,0.79,0,0,0.21,0.1481481
20161117,0.767,0.074,0.0,0.11,0.89,0,0,0.2
20161118,0.79,0.315,0.0,0.56,0.44,0,0,0.2888889
20161119,0.723,0.358,0.0,0,0,0.89,0.11,0.4
20161120,0.658,0.398,0.0,0.84,0,0,0.16,0.2518519
20161121,0.749,0.277,0.0,0.62,0.38,0,0,0.1777778
20161122,0.758,0.568,0.0,0.82,0,0,0.18,0.2148148
20161123,0.768,0.418,0.0,0.84,0,0,0.16,0.1333333
20161124,0.791,0.379,0.0,0.8,0,0,0.2,0.1111111
20161125,0.813,0.133,0.0,0.11,0.89,0,0,0.0962963
20161126,0.725,0.327,0.007,0.44,0.56,0,0,0.1555556
20161128,0.778,0.338,0.0,0.87,0,0,0.13,0.3555556
20161129,0.809,0.268,0.0,0.93,0,0,0.07,0.2888889
20161130,0.783,0.231,0.007,0,0,0.42,0.58,0.1703704
20161201,0.806,0.601,0.0,0.84,0,0,0.16,0.2
20161202,0.823,0.348,0.0,0.89,0,0,0.11,0.1925926
20161203,0.763,0.096,0.0,0.13,0.87,0,0,0.1259259
20161204,0.669,0.18,0.0,0.24,0.76,0,0,0.2222222
20161205,0.785,0.532,0.01,0,0,0.9,0.1,0.3925926
20161206,0.795,0.412,0.0,0.87,0,0,0.13,0.4148148
20161208,0.794,0.307,0.021,0.4,0.6,0,0,0.2
20161209,0.793,0.526,0.021,0.82,0,0,0.18,0.2518519
20161210,0.759,0.271,0.0,0.82,0,0,0.18,0.1703704
20161211,0.662,0.151,0.0,0.19,0.81,0,0,0.1555556
20161212,0.772,0.304,0.0,0.56,0.44,0,0,0.162963
20161213,0.797,0.388,0.0,0.82,0,0,0.18,0.2148148
20161214,0.791,0.398,0.0,0.87,0,0,0.13,0.2962963
20161215,0.788,0.486,0.0,0.84,0,0,0.16,0.2222222
20161216,0.798,0.302,0.0,0,0,0.91,0.09,0.1259259
20161217,0.76,0.354,0.0,0.38,0.62,0,0,0.1259259
20161218,0.675,0.284,0.0,0.42,0.58,0,0,0.2592593
20161219,0.77,0.472,0.0,0.53,0.47,0,0,0.2444444
20161220,0.808,0.039,0.0,0.11,0.89,0,0,0.1777778
20161221,0.795,0.611,0.201,0.6,0.4,0,0,0.2518519
20161222,0.756,0.563,0.163,0,0,0.82,0.18,0.1851852
20161223,0.813,0.576,0.0,0.87,0,0,0.13,0.1555556
20161224,0.733,0.195,0.0,0.16,0.84,0,0,0.2666667
20161225,0.645,0.265,0.0,0.44,0.56,0,0,0.3777778
20161226,0.77,0.094,0.0,0.16,0.84,0,0,0.3111111
20161227,0.796,0.534,0.0,0.82,0,0,0.18,0.2444444
20161228,0.795,0.332,0.0,0,0,0.87,0.13,0.2
20161230,0.769,0.146,0.0,0.2,0.8,0,0,0.1185185
20161231,0.678,0.24,0.0,0.31,0.69,0,0,0.1777778
20170101,0.599,0.254,0.0,0.38,0.62,0,0,0.2962963
20170102,0.702,0.404,0.0,0,0,0.87,0.13,0.4222222
20170103,0.743,0.274,0.0,0,0,0.98,0.02,0.5851852
20170104,0.757,0.084,0.0,0.09,0.91,0,0,0.3851852
20170105,0.769,0.553,0.0,0.56,0.44,0,0,0.2592593
20170106,0.783,0.498,0.0,0.51,0.49,0,0,0.162963
20170107,0.72,0.08,0.0,0.18,0.82,0,0,0.0962963
20170108,0.613,0.499,0.0,0,0,0.91,0.09,0.2740741
20170109,0.73,0.475,0.0,0.88,0,0,0.12,0.162963
20170110,0.758,0.451,0.0,0.96,0,0,0.04,0.3407407
20170111,0.756,0.314,0.0,0,0,0.87,0.13,0.1185185
20170112,0.749,0.562,0.0,0.82,0,0,0.18,0.0888889
20170114,0.69,0.578,0.0,0.78,0,0,0.22,0.0962963
20170115,0.59,0.382,0.0,0.87,0,0,0.13,0.0888889
20170116,0.709,0.131,0.0,0.11,0.89,0,0,0.1037037
20170117,0.727,0.17,0.0,0.24,0.76,0,0,0.1925926
20170118,0.731,0.178,0.0,0.97,0,0,0.03,0.3333333
20170119,0.735,0.362,0.0,0,0,0.87,0.13,0.5407407
20170120,0.633,0.582,0.017,0.8,0,0,0.2,0.5333333
20170122,0.505,0.573,0.0,0.77,0,0,0.23,0.2518519
20170123,0.672,0.359,0.0,0,0,0.87,0.13,0.2
20170124,0.714,0.324,0.0,0.82,0,0,0.18,0.2592593
20170125,0.725,0.173,0.0,0.87,0,0,0.13,0.2074074
20170126,0.711,0.225,0.0,0.24,0.76,0,0,0.2666667
20170127,0.544,0.451,0.021,0.91,0,0,0.09,0.3555556
20170128,0.594,0.247,0.0,0.48,0.52,0,0,0.1481481
20170129,0.474,0.248,0.024,0.54,0.46,0,0,0.0888889
20170130,0.492,0.505,0.0,0,0,0.82,0.18,0.1185185
20170131,0.651,0.274,0.0,0.82,0,0,0.18,0.2518519
20170201,0.707,0.462,0.0,0.82,0,0,0.18,0.1333333
20170202,0.713,0.302,0.0,0,0,0.82,0.18,0.1555556
20170203,0.729,0.238,0.0,0,0,0.98,0.02,0.1259259
20170204,0.67,0.317,0.0,0.4,0.6,0,0,0.3333333
20170205,0.545,0.3,0.003,0,0,0.9,0.1,0.5185185
20170206,0.699,0.451,0.0,0,0,0.87,0.13,0.4074074
20170207,0.714,0.241,0.0,0.96,0,0,0.04,0.2
20170208,0.709,0.287,0.0,0,0,0.89,0.11,0.1703704
20170209,0.717,0.519,0.0,0,0,0.88,0.12,0.2222222
20170210,0.737,0.569,0.0,0,0,0.93,0.07,0.1333333
20170211,0.683,0.449,0.0,0,0,0.84,0.16,0.1259259
20170212,0.592,0.27,0.0,0,0,0.91,0.09,0.1185185
20170213,0.702,0.087,0.0,0.13,0.87,0,0,0.1333333
20170214,0.727,0.417,0.0,0.84,0,0,0.16,0.2074074
20170215,0.726,0.117,0.0,0.18,0.82,0,0,0.237037
20170216,0.731,0.12,0.0,0.2,0.8,0,0,0.3037037
20170217,0.736,0.575,0.028,0,0,0.89,0.11,0.3407407
20170218,0.687,0.438,0.0,0.81,0,0,0.19,0.1259259
20170219,0.586,0.341,0.007,0.36,0.64,0,0,0.1259259
20170220,0.708,0.732,0.003,0.8,0,0,0.2,0.1925926
20170221,0.765,0.22,0.0,0,0,0.87,0.13,0.162963
20170223,0.784,0.615,0.0,0.84,0,0,0.16,0.2074074
20170224,0.794,0.29,0.0,0,0,0.9,0.1,0.1555556
20170225,0.689,0.234,0.0,0.94,0,0,0.06,0.1259259
20170227,0.751,0.248,0.0,0,0,0.96,0.04,0.237037
20170228,0.787,0.234,0.0,0,0,0.88,0.12,0.1777778
20170301,0.67,0.18,0.035,0.27,0.73,0,0,0.1925926
20170303,0.798,0.305,0.0,0,0,0.89,0.11,0.162963
20170304,0.739,0.164,0.0,0.27,0.73,0,0,0.162963
20170305,0.638,0.277,0.003,0,0,0.98,0.02,0.237037
20170306,0.768,0.611,0.0,0.82,0,0,0.18,0.3555556
20170307,0.788,0.559,0.0,0.82,0,0,0.18,0.1851852
20170308,0.829,0.414,0.0,0,0,0.82,0.18,0.1481481
20170309,0.875,0.362,0.0,0,0,0.9,0.1,0.1481481
20170310,0.883,0.399,0.0,0,0,0.87,0.13,0.1555556
20170311,0.84,0.308,0.0,0,0,0.89,0.11,0.1925926
20170312,0.723,0.379,0.0,0,0,0.84,0.16,0.2962963
20170313,0.862,0.361,0.0,0.87,0,0,0.13,0.4740741
20170314,0.894,0.509,0.0,0.84,0,0,0.16,0.3111111
20170315,0.895,0.359,0.0,0,0,0.88,0.12,0.2148148
20170316,0.891,0.397,0.0,0,0,0.93,0.07,0.1777778
20170317,0.932,0.327,0.0,0,0,0.94,0.06,0.3185185
20170318,0.882,0.411,0.0,0,0,0.88,0.12,0.4
20170319,0.754,0.147,0.0,0.27,0.73,0,0,0.3703704
20170320,0.886,0.26,0.0,0.58,0.42,0,0,0.4
20170321,0.897,0.359,0.0,0,0,0.93,0.07,0.5037037
20170322,0.896,0.385,0.0,0.84,0,0,0.16,0.4962963
20170323,0.879,0.359,0.0,0,0,0.8,0.2,0.2296296
20170324,0.447,0.365,0.0,0.4,0.6,0,0,0.3111111
20170325,0.411,0.241,0.0,0.9,0,0,0.1,0.2592593
20170326,0.351,0.365,0.0,0,0,0.96,0.04,0.3111111
20170327,0.407,0.378,0.0,0,0,0.91,0.09,0.3185185
20170328,0.438,0.317,0.0,0,0,0.87,0.13,0.4
20170329,0.438,0.377,0.0,0,0,0.89,0.11,0.4222222
20170330,0.445,0.264,0.0,0.98,0,0,0.02,0.2888889
20170331,0.431,0.377,0.01,0.51,0.49,0,0,0.3111111
20170401,0.911,0.399,0.007,0.49,0.51,0,0,0.2444444
20170402,0.807,0.088,0.0,0.17,0.83,0,0,0.1185185
20170403,0.923,0.394,0.0,0,0,0.82,0.18,0.2444444
20170404,0.944,0.451,0.0,0,0,0.91,0.09,0.3925926
20170405,0.918,0.462,0.26,0.56,0.44,0,0,0.3407407
20170406,0.926,0.435,0.021,0,0,0.44,0.56,0.2222222
20170407,0.976,0.391,0.0,0,0,0.84,0.16,0.1333333
20170408,0.93,0.359,0.003,0,0,0.86,0.14,0.2074074
20170410,0.944,0.502,0.0,0.56,0.44,0,0,0.1925926
20170411,0.953,0.459,0.0,0,0,0.93,0.07,0.1185185
20170412,0.463,0.516,0.0,0,0,0.84,0.16,0.1703704
20170413,0.966,0.504,0.0,0,0,0.38,0.62,0.0888889
20170414,0.449,0.489,0.042,0,0,0.38,0.62,0.1925926
20170415,0.408,0.341,0.0,0,0,0.84,0.16,0.162963
20170416,0.332,0.116,0.0,0.69,0,0,0.31,0.2296296
20170417,0.902,0.414,0.038,0.4,0,0,0.6,0.2296296
20170418,0.916,0.456,0.052,0,0,0.76,0.24,0.1851852
20170419,0.942,0.402,0.0,0,0,0,1,0.1555556
20170420,0.942,0.389,0.0,0.76,0,0,0.24,0.1259259
20170421,0.955,0.374,0.0,0,0,0,1,0.162963
20170422,0.801,0.521,0.0,0,0,0.96,0.04,0.1777778
20170423,0.755,0.365,0.0,0,0,0.93,0.07,0.1851852
20170424,0.895,0.247,0.0,0.47,0.53,0,0,0.1703704
20170425,0.921,0.544,0.0,0,0,0.47,0.53,0.1407407
20170426,0.912,0.411,0.0,0.76,0,0,0.24,0.2222222
20170427,0.895,0.362,0.0,0.73,0,0,0.27,0.1185185
20170428,0.907,0.559,0.0,0,0,0.26,0.74,0.1037037
20170429,0.378,0.511,0.0,0,0,0.33,0.67,0.1777778
20170430,0.624,0.437,0.0,0,0,0.3,0.7,0.2
20170501,0.758,0.365,0.0,0,0,0,1,0.362963
20170502,0.873,0.452,0.0,0,0,0.92,0.08,0.3555556
20170503,0.815,0.518,0.0,0,0,0.98,0.02,0.3555556
20170504,0.896,0.405,0.0,0.98,0,0,0.02,0.237037
20170505,0.8,0.448,0.0,0,0,0.96,0.04,0.2296296
20170506,0.823,0.698,0.0,0,0,0.58,0.42,0.1777778
20170507,0.719,0.465,0.0,0,0,0.94,0.06,0.1481481
20170508,0.725,0.262,0.0,0,0,0.89,0.11,0.1185185
20170509,0.806,0.24,0.017,0.58,0.42,0,0,0.2666667
20170510,0.919,0.442,0.017,0,0,0.91,0.09,0.2296296
20170511,0.943,0.267,0.0,0.49,0.51,0,0,0.1481481
20170512,0.97,0.377,0.0,0,0,0.29,0.71,0.2444444
20170513,0.922,0.516,0.042,0,0,0.38,0.62,0.3111111
20170514,0.817,0.576,0.0,0,0,0.89,0.11,0.1925926
20170515,0.932,0.375,0.0,0,0,0.89,0.11,0.1037037
20170516,0.931,0.292,0.0,0,0,0.99,0.01,0.0814815
20170517,0.944,0.411,0.0,0,0,0.93,0.07,0.1111111
20170518,0.967,0.401,0.0,0,0,0,1,0.1333333
20170519,0.985,0.345,0.0,0,0,0.93,0.07,0.1925926
20170520,0.931,0.345,0.0,0,0,0,1,0.1851852
20170521,0.806,0.367,0.0,0,0,0.98,0.02,0.1555556
20170522,0.932,0.27,0.0,0,0,0,1,0.1407407
20170523,0.951,0.345,0.035,0,0,0.93,0.07,0.1925926
20170524,0.941,0.327,0.0,0.91,0,0,0.09,0.162963
20170525,0.956,0.332,0.0,0,0,0.93,0.07,0.1111111
20170526,0.979,0.552,0.0,0.76,0,0,0.24,0.1037037
20170527,0.927,0.445,0.0,0,0,0.98,0.02,0.0592593
20170528,0.793,0.459,0.0,0,0,0.42,0.58,0.1037037
20170529,0.903,0.414,0.0,0,0,0.31,0.69,0.162963
20170530,0.915,0.367,0.0,0,0,0.44,0.56,0.2666667
20170531,0.853,0.325,0.0,0,0,0,1,0.1703704
20170601,0.888,0.405,0.0,0.7,0,0,0.3,0.1481481
20170602,0.926,0.538,0.0,0,0,0.98,0.02,0.1333333
20170603,0.9,0.401,0.0,0,0,0.96,0.04,0.0740741
20170604,0.76,0.452,0.0,0,0,0.93,0.07,0.0814815
20170605,0.892,0.218,0.0,0.6,0.4,0,0,0.0814815
20170606,0.782,0.331,0.107,0.67,0.33,0,0,0.0962963
20170607,0.887,0.461,0.087,0.99,0,0,0.01,0.0740741
20170608,0.941,0.375,0.0,0,0,0.82,0.18,0.0740741
20170609,0.952,0.568,0.0,0,0,0.56,0.44,0.2074074
20170610,0.913,0.327,0.031,0,0,0.98,0.02,0.2814815
20170611,0.788,0.164,0.0,0.33,0.67,0,0,0.1703704
20170612,0.917,0.417,0.0,0.73,0.27,0,0,0.0666667
20170613,0.934,0.411,0.0,0,0,0.87,0.13,0.0888889
20170614,0.931,0.511,0.0,0,0,0.91,0.09,0.1259259
20170615,0.927,0.385,0.0,0,0,0.33,0.67,0.1555556
20170616,0.93,0.369,0.0,0,0,0.98,0.02,0.1925926
20170617,0.898,0.332,0.0,0,0,0.98,0.02,0.2814815
20170618,0.768,0.307,0.0,0.98,0,0,0.02,0.2222222
20170619,0.894,0.267,0.0,0,0,0.98,0.02,0.1925926
20170620,0.913,0.371,0.0,0,0,0.91,0.09,0.237037
20170621,0.912,0.438,0.0,0,0,0,1,0.2222222
20170622,0.92,0.414,0.0,0,0,0.96,0.04,0.2518519
20170623,0.937,0.311,0.0,0.99,0,0,0.01,0.1703704
20170624,0.894,0.066,0.024,0.18,0.82,0,0,0.1703704
20170625,0.752,0.305,0.01,0.6,0.4,0,0,0.1703704
20170626,0.878,0.305,0.201,0.64,0.36,0,0,0.162963
20170627,0.916,0.247,0.0,0.53,0.47,0,0,0.1259259
20170628,0.92,0.394,0.0,0,0,0.96,0.04,0.1407407
20170629,0.937,0.424,0.0,0.97,0,0,0.03,0.237037
20170630,0.952,0.388,0.0,0,0,0.93,0.07,0.2592593
20170701,0.9,0.237,0.003,0.71,0,0,0.29,0.2740741
20170702,0.713,0.381,0.637,0,0,0.36,0.64,0.2222222
20170703,0.838,0.558,0.467,0,0,0.49,0.51,0.1259259
20170704,0.878,0.355,0.003,0,0,0.98,0.02,0.1111111
20170705,0.894,0.247,0.0,0.98,0,0,0.02,0.1777778
20170706,0.9,0.337,0.235,0.71,0,0,0.29,0.2074074
20170707,0.904,0.21,0.114,0,0.27,0.73,0,0.2518519
20170708,0.834,0.412,0.031,0,0,0.21,0.79,0.0962963
20170709,0.713,0.167,0.225,0.67,0.33,0,0,0.1259259
20170710,0.794,0.451,1.0,0,0,0.4,0.6,0.1333333
20170711,0.886,0.277,0.007,0,0,0.89,0.11,0.0666667
20170712,0.913,0.382,0.0,0,0,0.98,0.02,0.1925926
20170713,0.898,0.288,0.0,0,0,0.98,0.02,0.237037
20170714,0.953,0.341,0.0,0,0,0,1,0.2592593
20170715,0.865,0.295,0.294,0,0,0.89,0.11,0.2518519
20170716,0.746,0.224,0.156,0,0,0.44,0.56,0.1037037
20170717,0.901,0.267,0.052,0,0,0.33,0.67,0.0888889
20170718,0.918,0.361,0.017,0,0,0.96,0.04,0.1037037
20170719,0.929,0.271,0.0,0,0,0.96,0.04,0.1259259
20170720,0.937,0.322,0.0,0,0,0.91,0.09,0.1925926
20170721,0.963,0.381,0.0,0,0,0.27,0.73,0.2814815
20170722,0.902,0.335,0.003,0,0,0.22,0.78,0.3333333
20170723,0.709,0.312,0.924,0,0,0.3,0.7,0.3111111
20170724,0.873,0.191,0.021,0,0,0.96,0.04,0.2592593
20170725,0.929,0.382,0.0,0.64,0.36,0,0,0.162963
20170726,0.954,0.398,0.0,0.71,0.29,0,0,0.1111111
20170727,0.96,0.288,0.024,0.51,0.49,0,0,0.0740741
20170728,0.944,0.221,0.059,0.49,0.51,0,0,0.1259259
20170729,0.898,0.304,0.0,0.62,0.38,0,0,0.1407407
20170730,0.782,0.359,0.0,0.78,0,0,0.22,0.0592593
20170731,0.886,0.193,0.024,0.53,0.47,0,0,0.1111111
20170801,0.942,0.238,0.014,0.62,0.38,0,0,0.0962963
20170802,0.925,0.198,0.0,0.51,0.49,0,0,0.0888889
20170803,0.936,0.437,0.0,0,0.38,0.62,0,0.1703704
20170804,0.928,0.258,0.0,0.51,0.49,0,0,0.1037037
20170805,0.869,0.243,0.0,0.67,0.33,0,0,0.1333333
20170806,0.749,0.25,0.035,0.6,0.4,0,0,0.1555556
20170807,0.891,0.352,0.0,0,0,0.96,0.04,0.1333333
20170808,0.922,0.29,0.0,0.67,0,0,0.33,0.162963
20170809,0.935,0.362,0.017,0.64,0.36,0,0,0.2074074
20170810,0.926,0.268,0.038,0.59,0.41,0,0,0.1703704
20170811,0.953,0.331,0.003,0.64,0.36,0,0,0.037037
20170812,0.908,0.327,0.0,0.67,0.33,0,0,0.0444444
20170813,0.778,0.395,0.0,0.64,0.36,0,0,0.0444444
20170814,0.916,0.522,0.01,0.69,0.31,0,0,0.0444444
20170815,0.739,0.553,0.647,0.67,0.33,0,0,0.0296296
20170816,0.917,0.534,0.014,0.64,0.36,0,0,0.0296296
20170817,0.956,0.409,0.003,0.64,0.36,0,0,0.0296296
20170818,0.967,0.131,0.0,0.47,0.53,0,0,0.0444444
20170819,0.905,0.302,0.0,0.62,0.38,0,0,0.1259259
20170820,0.746,0.465,0.862,0.71,0.29,0,0,0.1111111
20170821,0.911,0.394,0.035,0,0,0.31,0.69,0.0518519
20170822,0.958,0.277,0.0,0.99,0,0,0.01,0.0592593
20170823,0.934,0.663,0.218,0,0,0.58,0.42,0.0740741
20170824,0.932,0.665,0.097,0,0,0.47,0.53,0.0740741
20170825,0.964,0.357,0.0,0,0,0.96,0.04,0.0666667
20170826,0.935,0.304,0.0,0.69,0,0,0.31,0.0962963
20170827,0.815,0.225,0.0,0.56,0.44,0,0,0.0814815
20170828,0.916,0.168,0.062,0.22,0.78,0,0,0.0962963
20170829,0.947,0.495,0.0,0.49,0,0,0.51,0.1259259
20170830,0.944,0.275,0.0,0.69,0,0,0.31,0.0592593
20170831,0.951,0.054,0.0,0.24,0.76,0,0,0.0740741
20170901,0.984,0.292,0.0,0.63,0.37,0,0,0.1481481
20170902,0.918,0.297,0.0,0.58,0.42,0,0,0.0888889
20170903,0.794,0.285,0.0,0.6,0.4,0,0,0.1111111
20170904,0.911,0.238,0.0,0.61,0.39,0,0,0.1481481
20170905,0.941,0.258,0.0,0.6,0.4,0,0,0.1333333
20170906,0.926,0.094,0.014,0.2,0.8,0,0,0.0962963
20170907,0.972,0.262,0.0,0.76,0,0,0.24,0.1259259
20170908,0.983,0.334,0.0,0,0,0.93,0.07,0.1851852
20170909,0.94,0.054,0.0,0.24,0.76,0,0,0.2444444
20170910,0.819,0.207,0.003,0.58,0.42,0,0,0.2962963
20170911,0.904,0.312,0.166,0.56,0.44,0,0,0.2666667
20170912,0.938,0.424,0.0,0,0,0.93,0.07,0.1185185
20170913,0.96,0.265,0.0,0.71,0,0,0.29,0.0962963
20170914,0.954,0.287,0.0,0.76,0.24,0,0,0.0740741
20170915,0.969,0.498,0.0,0.69,0.31,0,0,0.0888889
20170916,0.945,0.506,0.0,0.67,0.33,0,0,0.0592593
20170917,0.83,0.375,0.0,0.56,0.44,0,0,0.037037
20170918,0.933,0.441,0.0,0,0,0.96,0.04,0.037037
20170919,0.947,0.568,0.055,0,0,0.44,0.56,0.0740741
20170921,0.96,0.258,0.0,0.56,0.44,0,0,0.0740741
20170922,0.476,0.28,0.0,0.62,0.38,0,0,0.1111111
20170923,0.893,0.164,0.0,0.47,0.53,0,0,0.1407407
20170924,0.815,0.245,0.0,0.67,0.33,0,0,0.1851852
20170925,0.935,0.215,0.0,0.56,0.44,0,0,0.2740741
20170926,0.939,0.284,0.0,0.71,0.29,0,0,0.1925926
20170928,0.869,0.448,0.0,0.71,0,0,0.29,0.1703704
20170929,0.918,0.372,0.0,0,0,0.42,0.58,0.0592593
20170930,0.923,0.096,0.0,0.24,0.76,0,0,0.0666667
20171001,0.779,0.377,0.028,0.67,0.33,0,0,0.1333333
20171002,0.838,0.392,0.01,0.67,0.33,0,0,0.1481481
20171003,0.72,0.372,0.0,0.67,0,0,0.33,0.0740741
20171004,0.794,0.183,0.0,0.92,0,0,0.08,0.0814815
20171005,0.693,0.355,0.0,0.71,0.29,0,0,0.0666667
20171006,0.732,0.328,0.003,0.64,0.36,0,0,0.0518519
20171007,0.792,0.228,0.0,0.62,0.38,0,0,0.0518519
20171008,0.769,0.147,0.0,0.56,0.44,0,0,0.0444444
20171009,0.79,0.238,0.0,0,0,0,1,0.0962963
20171010,0.919,0.073,0.0,0.22,0.78,0,0,0.1259259
20171011,0.925,0.381,0.138,0.71,0,0,0.29,0.1333333
20171013,0.989,0.449,0.0,0.98,0,0,0.02,0.0814815
20171014,0.953,0.097,0.0,0.27,0.73,0,0,0.1111111
20171015,0.827,0.312,0.0,0.69,0.31,0,0,0.0888889
20171016,0.752,0.308,0.0,0.7,0,0,0.3,0.0814815
20171017,0.913,0.073,0.0,0.2,0.8,0,0,0.1185185
20171018,0.963,0.382,0.0,0.67,0.33,0,0,0.1481481
20171019,0.978,0.324,0.0,0.67,0.33,0,0,0.0962963
20171020,0.992,0.076,0.0,0.24,0.76,0,0,0.0740741
20171021,0.957,0.073,0.0,0.21,0.79,0,0,0.1185185
20171023,0.945,0.19,0.0,0.31,0.69,0,0,0.0962963
20171024,0.963,0.342,0.0,0.71,0,0,0.29,0.0740741
20171025,0.978,0.05,0.0,0.22,0.78,0,0,0.1111111
20171026,0.97,0.084,0.0,0.26,0.74,0,0,0.162963
20171027,0.99,0.185,0.0,0.78,0,0,0.22,0.2074074
20171028,0.951,0.252,0.0,0.62,0.38,0,0,0.2518519
20171029,0.845,0.592,0.0,0.71,0,0,0.29,0.2
20171030,0.933,0.327,0.0,0.76,0,0,0.24,0.162963
20171031,0.944,0.153,0.0,0.27,0.73,0,0,0.0962963
20171101,0.955,0.275,0.0,0,0,0.38,0.62,0.1037037
20171102,0.951,0.265,0.007,0,0,0.91,0.09,0.1481481
20171103,0.947,0.512,0.01,0.98,0,0,0.02,0.1925926
20171104,0.931,0.382,0.0,0.71,0,0,0.29,0.1925926
20171106,0.929,0.214,0.0,0.42,0.58,0,0,0.2
20171107,0.947,0.28,0.0,0.58,0.42,0,0,0.1481481
20171108,0.957,0.408,0.0,0,0,0.98,0.02,0.1851852
20171109,0.963,0.17,0.0,0.73,0,0,0.27,0.2148148
20171110,0.971,0.133,0.052,0.28,0.72,0,0,0.1777778
20171111,0.945,0.295,0.0,0.76,0,0,0.24,0.1555556
20171112,0.716,0.23,0.0,0,0,0.96,0.04,0.0962963
20171113,0.924,0.221,0.031,0.49,0.51,0,0,0.1333333
20171114,0.941,0.448,0.0,0,0,0.93,0.07,0.1777778
20171115,0.942,0.427,0.0,0.69,0,0,0.31,0.1259259
20171116,0.928,0.264,0.0,0.69,0,0,0.31,0.0814815
20171117,0.896,0.334,0.0,0.64,0.36,0,0,0.1037037
20171118,0.875,0.588,0.0,0.67,0,0,0.33,0.1777778
20171119,0.773,0.285,0.0,0,0,0.89,0.11,0.162963
20171120,0.864,0.178,0.0,0.29,0.71,0,0,0.0888889
20171122,0.856,0.268,0.003,0.51,0.49,0,0,0.2296296
20171123,0.846,0.325,0.0,0.98,0,0,0.02,0.2222222
20171125,0.779,0.288,0.166,0.5,0.5,0,0,0.0888889
20171127,0.777,0.148,0.0,0.27,0.73,0,0,0.1703704
20171128,0.792,0.167,0.003,0.4,0.6,0,0,0.2148148
20171129,0.802,0.478,0.0,0.71,0,0,0.29,0.3407407
20171130,0.802,0.529,0.0,0.69,0,0,0.31,0.1851852
20171201,0.827,0.197,0.0,0.73,0,0,0.27,0.0666667
20171203,0.67,0.218,0.028,0.44,0.56,0,0,0.1777778
20171204,0.778,0.555,0.0,0.71,0,0,0.29,0.2592593
20171206,0.772,0.188,0.003,0,0.41,0.59,0,0.0814815
20171208,0.821,0.281,0.0,0.91,0,0,0.09,0.237037
20171209,0.787,0.121,0.0,0.33,0.67,0,0,0.1555556
20171211,0.776,0.452,0.0,0.82,0,0,0.18,0.1851852
20171212,0.864,0.368,0.0,0.51,0,0,0.49,0.0740741
20171213,0.888,0.33,0.0,0.57,0,0,0.43,0.1259259
20171214,0.909,0.104,0.0,0.21,0.79,0,0,0.1481481
20171215,0.839,0.071,0.0,0.2,0.8,0,0,0.2666667
20171216,0.687,0.367,0.0,0.67,0,0,0.33,0.4296296
20171217,0.784,0.274,0.0,0.86,0,0,0.14,0.2
20171219,0.908,0.247,0.0,0.82,0,0,0.18,0.2592593
20171222,0.935,0.117,0.0,0.31,0.69,0,0,0.2888889
20171223,0.886,0.16,0.0,0,0,0.11,0.89,0.3185185
20171224,0.725,0.466,0.138,0.87,0,0,0.13,0.5925926
20171225,0.751,0.398,0.0,0.91,0,0,0.09,0.4296296
20171226,0.907,0.395,0.0,0.84,0,0,0.16,0.1185185
20171227,0.931,0.32,0.0,0.89,0,0,0.11,0.1037037
20171228,0.939,0.175,0.0,0.91,0,0,0.09,0.1037037
20171229,0.955,0.217,0.0,0.84,0,0,0.16,0.2074074
20171230,0.845,0.081,0.007,0.2,0.8,0,0,0.4962963
20180101,0.706,0.141,0.0,0.62,0,0,0.38,0.2666667
20180102,0.869,0.358,0.0,0.91,0,0,0.09,0.1555556
20180103,0.898,0.3,0.0,0.64,0,0,0.36,0.1703704
20180105,0.936,0.237,0.0,0.87,0,0,0.13,0.1851852
20180106,0.868,0.235,0.0,0.9,0,0,0.1,0.2740741
20180107,0.728,0.1,0.0,0.27,0.73,0,0,0.237037
20180108,0.86,0.364,0.0,0.93,0,0,0.07,0.2962963
20180109,0.87,0.428,0.0,0.82,0,0,0.18,0.3037037
20180110,0.845,0.553,0.0,0.58,0,0,0.42,0.1481481
20180111,0.829,0.417,0.0,0.91,0,0,0.09,0.1037037
20180112,0.809,0.254,0.0,0.91,0,0,0.09,0.1703704
20180113,0.793,0.1,0.0,0.36,0.64,0,0,0.1185185
20180114,0.697,0.158,0.0,0,0.07,0.93,0,0.2962963
20180115,0.828,0.198,0.0,0.86,0,0,0.14,0.3851852
20180116,0.841,0.081,0.0,0.24,0.76,0,0,0.3703704
20180117,0.866,0.255,0.0,0.8,0,0,0.2,0.6296296
20180118,0.91,0.254,0.0,0.89,0,0,0.11,0.6518519
20180119,0.943,0.214,0.0,0.8,0,0,0.2,0.437037
20180120,0.874,0.348,0.0,0.83,0,0,0.17,0.2148148
20180121,0.759,0.171,0.0,0.76,0,0,0.24,0.4666667
20180124,0.888,0.535,0.0,0.51,0,0,0.49,0.0888889
20180125,0.908,0.412,0.0,0.38,0,0,0.62,0.0740741
20180127,0.853,0.275,0.0,0.91,0,0,0.09,0.1481481
20180128,0.737,0.342,0.0,0.92,0,0,0.08,0.2
20180129,0.886,0.378,0.0,0,0,0,1,0.1481481
20180130,0.856,0.267,0.003,0,0,0.2,0.8,0.1259259
20180201,0.924,0.277,0.0,0.56,0,0,0.44,0.1481481
20180202,0.934,0.262,0.0,0.83,0,0,0.17,0.1703704
20180204,0.74,0.384,0.0,0.82,0,0,0.18,0.1481481
20180205,0.885,0.538,0.0,0.58,0,0,0.42,0.162963
20180206,0.901,0.458,0.0,0.91,0,0,0.09,0.1111111
20180207,0.911,0.234,0.0,0.73,0,0,0.27,0.1407407
20180208,0.941,0.076,0.0,0.18,0.82,0,0,0.1851852
20180209,0.951,0.097,0.0,0.28,0.72,0,0,0.2592593
20180210,0.893,0.412,0.0,0.83,0,0,0.17,0.362963
20180211,0.754,0.394,0.0,0.91,0,0,0.09,0.3111111
20180212,0.923,0.379,0.0,0.8,0,0,0.2,0.1111111
20180213,0.946,0.25,0.0,0.91,0,0,0.09,0.1111111
20180214,0.921,0.444,0.0,0.67,0,0,0.33,0.1185185
20180215,0.723,0.361,0.0,0.84,0,0,0.16,0.2296296
20180216,0.734,0.34,0.0,0.93,0,0,0.07,0.1111111
20180217,0.664,0.409,0.0,0.89,0,0,0.11,0.162963
20180218,0.688,0.19,0.0,0.82,0,0,0.18,0.0888889
20180219,0.874,0.195,0.0,0.82,0,0,0.18,0.1259259
20180220,0.915,0.302,0.0,0.8,0,0,0.2,0.2888889
20180221,0.909,0.361,0.0,0.53,0,0,0.47,0.2962963
20180222,0.928,0.462,0.0,0,0,0.64,0.36,0.1407407
20180224,0.896,0.328,0.0,0.82,0,0,0.18,0.4740741
20180225,0.778,0.328,0.0,0.93,0,0,0.07,0.3925926
20180226,0.921,0.19,0.0,0.71,0,0,0.29,0.2222222
20180227,0.941,0.138,0.0,0.78,0,0,0.22,0.3037037
20180228,0.92,0.275,0.173,0.98,0.02,0,0,0.4592593
20180301,0.802,0.468,0.003,0.91,0,0,0.09,0.3259259
20180302,0.907,0.277,0.0,0.96,0,0,0.04,0.2296296
20180303,0.868,0.311,0.0,0.96,0,0,0.04,0.2
20180304,0.7,0.191,0.08,0.49,0.51,0,0,0.2
20180305,0.89,0.271,0.024,0,0.1,0.9,0,0.1555556
20180306,0.928,0.087,0.0,0.22,0.78,0,0,0.037037
20180307,0.929,0.223,0.003,0,0.24,0.76,0,0.1333333
20180308,0.922,0.301,0.028,0.62,0,0,0.38,0.1185185
20180309,0.95,0.215,0.0,0.8,0,0,0.2,0.1925926
20180310,0.901,0.3,0.0,0.84,0,0,0.16,0.2740741
20180311,0.777,0.312,0.0,0.84,0,0,0.16,0.2444444
20180312,0.903,0.337,0.0,0.82,0,0,0.18,0.2962963
20180313,0.931,0.308,0.0,0,0,0.31,0.69,0.4740741
20180314,0.936,0.332,0.0,0,0,0.52,0.48,0.2814815
20180315,0.888,0.334,0.187,0.73,0,0,0.27,0.0888889
20180316,0.93,0.325,0.0,0.94,0.06,0,0,0.1111111
20180317,0.894,0.325,0.0,0.87,0,0,0.13,0.0444444
20180318,0.793,0.224,0.003,0,0,0,1,0.1481481
20180319,0.904,0.419,0.007,0.96,0.04,0,0,0.3407407
20180320,0.941,0.528,0.0,0,0.02,0.98,0,0.162963
20180321,0.909,0.244,0.007,0.31,0.69,0,0,0.0592593
20180322,0.956,0.314,0.0,0.91,0,0,0.09,0.0518519
20180323,0.97,0.287,0.0,0.82,0,0,0.18,0.2
20180324,0.911,0.357,0.0,0.86,0,0,0.14,0.3703704
20180325,0.774,0.251,0.0,0.93,0,0,0.07,0.637037
20180326,0.887,0.314,0.0,0.87,0,0,0.13,0.7333333
20180327,0.926,0.265,0.0,0.8,0,0,0.2,0.5259259
20180328,0.926,0.314,0.0,0.92,0,0,0.08,0.4518519
20180329,0.939,0.301,0.0,0.84,0,0,0.16,0.2740741
20180330,0.981,0.285,0.0,0.8,0,0,0.2,0.3185185
20180331,0.925,0.29,0.0,0.87,0,0,0.13,0.2740741
20180401,0.778,0.262,0.0,0,0,0.22,0.78,0.2222222
20180402,0.888,0.272,0.0,0,0,0.44,0.56,0.2592593
20180403,0.918,0.369,0.0,0.87,0,0,0.13,0.2074074
20180404,0.929,0.267,0.128,0,0.07,0.93,0,0.1555556
20180405,0.882,0.325,0.073,0.98,0.02,0,0,0.0518519
20180407,0.923,0.581,0.0,0.87,0,0,0.13,0.2
20180408,0.781,0.252,0.021,0.89,0,0,0.11,0.162963
20180409,0.93,0.086,0.0,0.29,0.71,0,0,0.1111111
20180410,0.92,0.805,0.035,0,0,0.31,0.69,0.1925926
20180412,0.971,0.342,0.0,0.87,0,0,0.13,0.1777778
20180413,0.987,0.134,0.0,0.4,0.6,0,0,0.1111111
20180414,0.893,0.409,0.062,0.91,0,0,0.09,0.1037037
20180415,0.808,0.379,0.0,0.8,0,0,0.2,0.0888889
20180416,0.918,0.287,0.0,0.71,0,0,0.29,0.1555556
20180417,0.944,0.427,0.0,0.91,0,0,0.09,0.1703704
20180418,0.944,0.254,0.0,0.91,0,0,0.09,0.2222222
20180419,0.939,0.321,0.0,0.8,0,0,0.2,0.2518519
20180420,0.964,0.06,0.0,0.26,0.74,0,0,0.2962963
20180421,0.929,0.302,0.0,0.87,0,0,0.13,0.4074074
20180422,0.758,0.147,0.107,0.36,0.64,0,0,0.2962963
20180423,0.784,0.325,0.408,0,0.27,0.73,0,0.1555556
20180424,0.938,0.204,0.021,0,0.2,0.8,0,0.0444444
20180425,0.955,0.418,0.0,0.84,0,0,0.16,0.037037
20180426,0.967,0.318,0.0,0.89,0,0,0.11,0.1777778
20180427,0.979,0.267,0.0,0.84,0,0,0.16,0.2222222
20180428,0.824,0.28,0.0,0.84,0,0,0.16,0.2962963
20180429,0.819,0.358,0.0,0.89,0,0,0.11,0.2814815
20180430,0.954,0.29,0.0,0.79,0,0,0.21,0.237037
20180501,0.872,0.213,0.0,0.82,0,0,0.18,0.4148148
20180502,0.88,0.417,0.083,0.89,0,0,0.11,0.3407407
20180503,0.912,0.35,0.007,0.83,0,0,0.17,0.2592593
20180504,0.949,0.405,0.0,0.91,0,0,0.09,0.1037037
20180505,0.891,0.429,0.0,0,0,0.16,0.84,0.1259259
20180506,0.789,0.114,0.152,0.49,0.51,0,0,0.1407407
20180507,0.851,0.227,0.0,0.87,0,0,0.13,0.0666667
20180508,0.96,0.264,0.0,0,0.04,0.96,0,0.1407407
20180509,0.949,0.294,0.0,0.87,0,0,0.13,0.0518519
20180510,0.956,0.377,0.0,0.91,0,0,0.09,0.0592593
20180511,0.979,0.26,0.0,0.93,0,0,0.07,0.1777778
20180512,0.844,0.1,0.221,0.58,0.42,0,0,0.2888889
20180513,0.799,0.31,0.003,0.86,0,0,0.14,0.1481481
20180514,0.919,0.258,0.0,0.93,0,0,0.07,0.1259259
20180515,0.941,0.111,0.0,0.71,0,0,0.29,0.4074074
20180516,0.764,0.284,0.311,0,0,0,1,0.3851852
20180517,0.778,0.264,0.574,0.82,0,0,0.18,0.1703704
20180518,0.904,0.203,0.045,0.36,0.64,0,0,0.0666667
20180519,0.9,0.233,0.0,0.38,0.62,0,0,0.037037
20180520,0.796,0.183,0.0,0.42,0.58,0,0,0.0296296
20180521,0.904,0.208,0.0,0,0.42,0.58,0,0.037037
20180522,0.793,0.171,0.087,0.82,0,0,0.18,0.0740741
20180523,0.898,0.307,0.045,0.53,0,0,0.47,0.1703704
20180524,0.924,0.155,0.0,0.29,0.71,0,0,0.0814815
20180525,0.968,0.321,0.0,0.84,0,0,0.16,0.1851852
20180526,0.909,0.248,0.0,0.91,0,0,0.09,0.2518519
20180527,0.784,0.291,0.0,0.91,0,0,0.09,0.2814815
20180528,0.894,0.348,0.0,0.89,0,0,0.11,0.2074074
20180529,0.879,0.338,0.007,0.82,0,0,0.18,0.1925926
20180531,0.914,0.335,0.0,0.79,0,0,0.21,0.1925926
20180601,0.94,0.332,0.0,0.89,0,0,0.11,0.1777778
20180602,0.898,0.282,0.0,0.84,0,0,0.16,0.1703704
20180603,0.715,0.32,0.0,0.84,0,0,0.16,0.1703704
20180604,0.895,0.267,0.0,0.87,0,0,0.13,0.1555556
20180605,0.939,0.24,0.0,0.49,0,0,0.51,0.1925926
20180606,0.807,0.345,0.0,0.98,0,0,0.02,0.2296296
20180607,0.91,0.278,0.0,0.98,0,0,0.02,0.2592593
20180608,0.961,0.321,0.0,0.87,0,0,0.13,0.2444444
20180609,0.901,0.17,0.003,0.38,0.62,0,0,0.1703704
20180610,0.759,0.191,0.003,0.99,0.01,0,0,0.1851852
20180611,0.904,0.21,0.035,0.83,0,0,0.17,0.037037
20180612,0.941,0.334,0.0,0.82,0,0,0.18,0.037037
20180613,0.826,0.227,0.0,0.74,0,0,0.26,0.0592593
20180614,0.909,0.154,0.201,0,0.16,0.84,0,0.1407407
20180615,0.952,0.213,0.114,0,0.02,0.98,0,0.1555556
20180616,0.893,0.201,0.0,0.82,0,0,0.18,0.0518519
20180617,0.774,0.203,0.0,0.89,0,0,0.11,0.0888889
20180618,0.877,0.34,0.0,0.91,0,0,0.09,0.2592593
20180619,0.926,0.218,0.0,0.87,0,0,0.13,0.2222222
20180620,0.929,0.35,0.0,0.89,0,0,0.11,0.2074074
20180621,0.915,0.307,0.0,0.87,0,0,0.13,0.2222222
20180622,0.893,0.285,0.0,0.89,0,0,0.11,0.1851852
20180623,0.889,0.359,0.0,0.96,0,0,0.04,0.2
20180624,0.752,0.277,0.0,0.82,0,0,0.18,0.1777778
20180625,0.887,0.171,0.0,0.78,0,0,0.22,0.2814815
20180626,0.832,0.441,0.495,0,0,0.62,0.38,0.2740741
20180627,0.891,0.318,0.007,0,0,0.29,0.71,0.2592593
20180628,0.906,0.204,0.183,0,0,0.13,0.87,0.1481481
20180629,0.923,0.251,0.045,0.84,0,0,0.16,0.1111111
20180630,0.829,0.098,0.1,0.31,0.69,0,0,0.2
20180701,0.652,0.106,0.578,0,0.07,0.93,0,0.2592593
20180702,0.808,0.101,0.412,0.47,0.53,0,0,0.0444444
20180703,0.89,0.144,0.003,0.37,0.63,0,0,0.0444444
20180704,0.907,0.328,0.0,0.98,0,0,0.02,0.0592593
20180705,0.883,0.157,0.003,0.43,0.57,0,0,0.0962963
20180706,0.929,0.271,0.0,0,0.02,0.98,0,0.1037037
20180707,0.887,0.218,0.0,0.84,0.16,0,0,0.0222222
20180708,0.767,0.183,0.0,0,0.4,0.6,0,0.0296296
20180709,0.829,0.173,0.097,0,0.2,0.8,0,0.0444444
20180710,0.879,0.141,0.114,0.42,0.58,0,0,0.037037
20180711,0.91,0.106,0.021,0.36,0.64,0,0,0.0888889
20180712,0.92,0.241,0.007,0.8,0,0,0.2,0.1333333
20180713,0.952,0.23,0.0,0.84,0,0,0.16,0.1111111
20180714,0.907,0.272,0.0,0.82,0,0,0.18,0.0962963
20180715,0.786,0.304,0.0,0.89,0,0,0.11,0.0962963
20180716,0.891,0.271,0.0,0.73,0,0,0.27,0.1185185
20180717,0.906,0.274,0.0,0.81,0,0,0.19,0.1259259
20180718,0.915,0.277,0.0,0.82,0,0,0.18,0.162963
20180719,0.919,0.288,0.0,0.8,0,0,0.2,0.1925926
20180720,0.921,0.298,0.0,0.82,0,0,0.18,0.1555556
20180721,0.882,0.218,0.0,0.76,0,0,0.24,0.1777778
20180722,0.769,0.287,0.0,0.87,0,0,0.13,0.1925926
20180723,0.889,0.25,0.0,0.98,0,0,0.02,0.1481481
20180724,0.911,0.348,0.0,0.91,0,0,0.09,0.1481481
20180725,0.92,0.271,0.0,0.82,0,0,0.18,0.2074074
20180726,0.906,0.291,0.0,0.89,0,0,0.11,0.1555556
20180727,0.953,0.332,0.0,0.87,0,0,0.13,0.2
20180728,0.878,0.214,0.052,0,0,0.99,0.01,0.2444444
20180729,0.76,0.23,0.0,0.36,0.64,0,0,0.2
20180730,0.894,0.197,0.0,0.53,0.47,0,0,0.0888889
20180731,0.941,0.163,0.0,0,0.24,0.76,0,0.0444444
20180801,0.927,0.297,0.0,0.84,0,0,0.16,0.0740741
20180802,0.913,0.281,0.0,0.93,0,0,0.07,0.1481481
20180803,0.93,0.367,0.0,0.87,0,0,0.13,0.2
20180804,0.691,0.345,0.0,0.91,0,0,0.09,0.237037
20180805,0.757,0.422,0.014,0.88,0,0,0.12,0.1333333
20180806,0.876,0.252,0.048,0.89,0,0,0.11,0.1259259
20180807,0.9,0.341,0.0,0.91,0,0,0.09,0.1481481
20180808,0.899,0.368,0.0,0.91,0,0,0.09,0.0888889
20180809,0.903,0.261,0.014,0.92,0,0,0.08,0.1259259
20180810,0.936,0.141,0.0,0.33,0.67,0,0,0.1259259
20180811,0.878,0.23,0.0,0,0.58,0.42,0,0.0666667
20180812,0.764,0.26,0.035,0,0.4,0.6,0,0.0444444
20180813,0.89,0.106,0.007,0.31,0.69,0,0,0.0740741
20180814,0.941,0.047,0.0,0.22,0.78,0,0,0.162963
20180815,0.824,0.118,0.007,0.56,0.44,0,0,0.1259259
20180816,0.895,0.2,0.0,0.4,0.6,0,0,0.1407407
20180817,0.924,0.284,0.0,0,0.24,0.76,0,0.0592593
20180818,0.9,0.211,0.0,0.12,0,0,0.88,0.037037
20180819,0.771,0.123,0.0,0.47,0.53,0,0,0.0518519
20180820,0.897,0.407,0.0,0,0,0.07,0.93,0.0962963
20180821,0.889,0.468,0.035,0,0,0.11,0.89,0.1555556
20180822,0.909,0.146,0.0,0.49,0.51,0,0,0.0888889
20180823,0.862,0.29,0.021,0.73,0.27,0,0,0.1037037
20180824,0.834,0.312,0.052,0.91,0,0,0.09,0.0444444
20180825,0.896,0.418,0.0,0,0,0.13,0.87,0.0296296
20180826,0.785,0.107,0.014,0.42,0.58,0,0,0.0888889
20180827,0.857,0.131,0.135,0.69,0.31,0,0,0.0740741
20180828,0.869,0.074,0.668,0.58,0.42,0,0,0.037037
20180829,0.853,0.444,0.291,0,0,0.2,0.8,0.037037
20180830,0.877,0.254,0.066,0.89,0,0,0.11,0.0518519
20180831,0.921,0.284,0.0,0.87,0,0,0.13,0.1259259
20180901,0.86,0.113,0.0,0.29,0.71,0,0,0.1037037
20180902,0.763,0.243,0.0,0,0.38,0.62,0,0.0666667
20180903,0.831,0.136,0.239,0,0.18,0.82,0,0.0444444
20180905,0.907,0.464,0.0,0.96,0,0,0.04,0.0592593
20180906,0.919,0.438,0.007,0,0,0.21,0.79,0.0740741
20180907,0.933,0.371,0.003,0.62,0,0,0.38,0.1333333
20180908,0.904,0.307,0.0,0.61,0,0,0.39,0.0888889
20180909,0.784,0.167,0.0,0.61,0.39,0,0,0.0740741
20180910,0.902,0.251,0.0,0.8,0.2,0,0,0.0740741
20180911,0.93,0.223,0.0,0.84,0.16,0,0,0.037037
20180912,0.923,0.214,0.0,0.6,0.4,0,0,0.037037
20180913,0.916,0.183,0.0,0.64,0.36,0,0,0.0518519
20180914,0.919,0.193,0.003,0.76,0.24,0,0,0.0666667
20180915,0.863,0.154,0.0,0.84,0.16,0,0,0.0666667
20180916,0.764,0.262,0.014,0.96,0,0,0.04,0.0518519
20180917,0.887,0.264,0.0,0.87,0,0,0.13,0.1851852
20180918,0.916,0.277,0.0,0.91,0,0,0.09,0.1111111
20180919,0.933,0.049,0.0,0.22,0.78,0,0,0.1259259
20180920,0.856,0.251,0.035,0.8,0.2,0,0,0.1407407
20180921,0.888,0.231,0.125,0.89,0.11,0,0,0.0666667
20180922,0.847,0.292,0.045,0.87,0,0,0.13,0.0296296
20180923,0.726,0.347,0.0,0.84,0,0,0.16,0.0814815
20180924,0.777,0.305,0.0,0.82,0,0,0.18,0.0740741
20180925,0.693,0.13,0.0,0.37,0.63,0,0,0.0444444
20180926,0.703,0.227,0.0,0.78,0.22,0,0,0.0518519
20180927,0.869,0.171,0.0,0.53,0.47,0,0,0.0296296
20180928,0.88,0.187,0.0,0.8,0.2,0,0,0.0296296
20180929,0.867,0.124,0.0,0.67,0.33,0,0,0.0444444
20180930,0.736,0.504,0.0,0.9,0,0,0.1,0.0592593
20181001,0.846,0.448,0.0,0.87,0,0,0.13,0.0740741
20181002,0.917,0.28,0.0,0.84,0,0,0.16,0.0592593
20181003,0.807,0.121,0.0,0.36,0.64,0,0,0.0962963
20181004,0.899,0.158,0.0,0.51,0.49,0,0,0.1111111
20181005,0.883,0.201,0.253,0.87,0.13,0,0,0.0814815
20181006,0.835,0.35,0.384,0.92,0.08,0,0,0.037037
20181007,0.785,0.198,0.0,0.76,0,0,0.24,0.0222222
20181008,0.901,0.185,0.0,0.78,0,0,0.22,0.0740741
20181009,0.802,0.164,0.0,0,0.28,0.72,0,0.0592593
20181010,0.893,0.378,0.048,0.91,0,0,0.09,0.0814815
20181011,0.921,0.255,0.0,0.64,0,0,0.36,0.0740741
20181012,0.925,0.164,0.0,0.84,0,0,0.16,0.0518519
20181013,0.895,0.123,0.0,0.38,0.62,0,0,0.0888889
20181014,0.786,0.141,0.0,0.38,0.62,0,0,0.1555556
20181015,0.873,0.217,0.0,0.69,0,0,0.31,0.162963
20181016,0.88,0.207,0.0,0.84,0,0,0.16,0.2740741
20181017,0.9,0.217,0.0,0.74,0,0,0.26,0.1925926
20181018,0.878,0.108,0.0,0.31,0.69,0,0,0.1185185
20181019,0.915,0.22,0.0,0.82,0,0,0.18,0.0518519
20181020,0.883,0.144,0.0,0.38,0.62,0,0,0.0666667
20181021,0.796,0.054,0.0,0.24,0.76,0,0,0.1481481
20181022,0.841,0.098,0.0,0.37,0.63,0,0,0.162963
20181023,0.89,0.116,0.035,0.39,0.61,0,0,0.2444444
20181024,0.902,0.218,0.0,0.76,0,0,0.24,0.2222222
20181025,0.879,0.153,0.0,0.36,0.64,0,0,0.1333333
20181026,0.92,0.325,0.076,0.89,0,0,0.11,0.1407407
20181027,0.924,0.431,0.0,0.87,0,0,0.13,0.1407407
20181028,0.783,0.254,0.038,0.71,0,0,0.29,0.0444444
20181029,0.838,0.334,0.0,0.56,0,0,0.44,0.0592593
20181030,0.901,0.271,0.0,0.88,0,0,0.12,0.0518519
20181031,0.909,0.254,0.0,0.64,0,0,0.36,0.0740741
20181101,0.913,0.194,0.0,0.76,0,0,0.24,0.0888889
20181102,0.897,0.121,0.0,0.33,0.67,0,0,0.1407407
20181103,0.862,0.144,0.0,0.31,0.69,0,0,0.1925926
20181104,0.756,0.064,0.0,0.24,0.76,0,0,0.2592593
20181105,0.844,0.224,0.0,0.87,0,0,0.13,0.2222222
20181106,0.856,0.151,0.0,0.96,0,0,0.04,0.2888889
20181107,0.869,0.168,0.014,0.82,0.18,0,0,0.5259259
20181108,0.851,0.26,0.443,0.89,0.11,0,0,0.3333333
20181109,0.829,0.425,0.007,0.93,0,0,0.07,0.037037
20181110,0.757,0.252,0.0,0.89,0,0,0.11,0.1777778
20181111,0.674,0.155,0.0,0.37,0.63,0,0,0.3407407
20181112,0.852,0.181,0.0,0.67,0,0,0.33,0.3037037
20181113,0.886,0.174,0.0,0.76,0,0,0.24,0.1259259
20181114,0.876,0.208,0.0,0.58,0,0,0.42,0.1777778
20181115,0.882,0.121,0.0,0.31,0.69,0,0,0.162963
20181116,0.914,0.111,0.0,0.3,0.7,0,0,0.2444444
20181117,0.911,0.2,0.0,0.73,0,0,0.27,0.2888889
20181118,0.811,0.04,0.0,0.18,0.82,0,0,0.1259259
20181119,0.906,0.06,0.0,0.22,0.78,0,0,0.162963
20181120,0.919,0.148,0.0,0.31,0.69,0,0,0.2296296
20181121,0.924,0.214,0.007,0.16,0,0,0.84,0.1333333
20181122,0.945,0.385,0.0,0.84,0,0,0.16,0.1259259
20181123,0.955,0.204,0.0,0.51,0,0,0.49,0.0666667
20181124,0.809,0.267,0.083,0.91,0.09,0,0,0.0814815
20181125,0.787,0.14,0.0,0.36,0.64,0,0,0.1111111
20181126,0.896,0.165,0.0,0.4,0.6,0,0,0.2518519
20181127,0.912,0.12,0.0,0.28,0.72,0,0,0.3111111
20181128,0.925,0.191,0.0,0.71,0,0,0.29,0.3851852
20181129,0.927,0.157,0.0,0.42,0.58,0,0,0.1555556
20181130,0.944,0.274,0.0,0.87,0,0,0.13,0.1555556
20181201,0.891,0.14,0.0,0.38,0.62,0,0,0.162963
20181202,0.771,0.204,0.0,0.94,0.06,0,0,0.1703704
20181203,0.871,0.188,0.066,0,0.02,0.98,0,0.1777778
20181204,0.947,0.35,0.035,0.89,0,0,0.11,0.162963
20181205,0.956,0.291,0.0,0.87,0,0,0.13,0.1185185
20181206,0.977,0.374,0.0,0.87,0,0,0.13,0.0814815
20181207,1.0,0.586,0.0,0.58,0,0,0.42,0.1259259
20181208,0.935,0.359,0.0,0.53,0,0,0.47,0.0592593
20181209,0.796,0.267,0.0,0.93,0,0,0.07,0.0592593
20181210,0.941,0.151,0.0,0.51,0.49,0,0,0.0740741
20181211,0.942,0.14,0.0,0.36,0.64,0,0,0.1333333
20181212,0.956,0.334,0.0,0.93,0,0,0.07,0.1703704
20181213,0.906,0.589,0.003,0.49,0,0,0.51,0.162963
20181214,0.906,0.235,0.0,0.84,0,0,0.16,0.1703704
20181217,0.833,0.074,0.0,0.21,0.79,0,0,0.2962963
20181218,0.93,0.26,0.0,0.96,0,0,0.04,0.3555556
20181219,0.935,0.197,0.0,0.76,0,0,0.24,0.1925926
20181220,0.929,0.07,0.0,0.2,0.8,0,0,0.2296296
20181221,0.98,0.141,0.0,0.36,0.64,0,0,0.2740741
20181222,0.949,0.25,0.0,0.9,0,0,0.1,0.3703704
20181223,0.818,0.391,0.0,0.89,0,0,0.11,0.4666667
20181224,0.949,0.288,0.0,0.92,0,0,0.08,0.2074074
20181225,0.801,0.163,0.0,0.42,0.58,0,0,0.0888889
20181226,0.963,0.447,0.0,0.6,0,0,0.4,0.162963
20181227,0.958,0.536,0.0,0.62,0,0,0.38,0.1851852
20181228,0.963,0.431,0.0,0.93,0,0,0.07,0.0592593
20181229,0.88,0.454,0.0,0.68,0,0,0.32,0.0962963
20181230,0.758,0.134,0.0,0.82,0,0,0.18,0.0666667
20181231,0.903,0.077,0.0,0.13,0.87,0,0,0.1259259
20190101,0.649,0.328,0.0,0.98,0,0,0.02,0.2148148
20190102,0.856,0.225,0.0,0.84,0,0,0.16,0.1851852
20190103,0.897,0.203,0.0,0.87,0,0,0.13,0.162963
20190104,0.924,0.083,0.0,0.24,0.76,0,0,0.1777778
20190105,0.815,0.365,0.0,0.58,0,0,0.42,0.3111111
20190106,0.658,0.218,0.0,0.87,0,0,0.13,0.2962963
20190107,0.857,0.215,0.0,0.79,0,0,0.21,0.1703704
20190108,0.915,0.382,0.0,0.89,0,0,0.11,0.2740741
20190109,0.908,0.21,0.0,0.92,0,0,0.08,0.1333333
20190110,0.918,0.235,0.0,0.86,0,0,0.14,0.162963
20190111,0.923,0.121,0.0,0.33,0.67,0,0,0.2518519
20190112,0.866,0.243,0.0,0.87,0,0,0.13,0.4222222
20190113,0.733,0.252,0.0,0.92,0,0,0.08,0.5111111
20190114,0.871,0.178,0.0,0.93,0,0,0.07,0.6148148
20190115,0.908,0.368,0.0,0.91,0,0,0.09,0.9555556
20190116,0.913,0.328,0.0,0.84,0,0,0.16,0.6
20190117,0.919,0.295,0.0,0.76,0,0,0.24,0.1259259
20190118,0.942,0.183,0.0,0.84,0,0,0.16,0.162963
20190119,0.881,0.164,0.0,0.42,0.58,0,0,0.2888889
20190120,0.771,0.448,0.0,0.84,0,0,0.16,0.4962963
20190121,0.898,0.234,0.0,0.87,0,0,0.13,0.2444444
20190122,0.929,0.245,0.0,0,0,0.96,0.04,0.1555556
20190123,0.931,0.205,0.0,0,0,0.98,0.02,0.2444444
20190124,0.939,0.271,0.0,0.87,0,0,0.13,0.3259259
20190125,0.962,0.297,0.0,0.81,0,0,0.19,0.1555556
20190126,0.888,0.401,0.0,0.68,0,0,0.32,0.1555556
20190127,0.744,0.301,0.0,0.84,0,0,0.16,0.1481481
20190128,0.9,0.496,0.0,0.58,0,0,0.42,0.1481481
20190129,0.934,0.244,0.0,0.84,0,0,0.16,0.1777778
20190130,0.95,0.245,0.0,0.92,0,0,0.08,0.1703704
20190131,0.96,0.409,0.0,0.84,0,0,0.16,0.2444444
20190201,0.927,0.261,0.0,0.82,0,0,0.18,0.1555556
20190202,0.797,0.154,0.0,0.6,0.4,0,0,0.1333333
20190203,0.643,0.223,0.111,0.87,0.13,0,0,0.2666667
20190204,0.627,0.347,0.0,0.91,0,0,0.09,0.2222222
20190205,0.77,0.128,0.0,0.67,0.33,0,0,0.2666667
20190206,0.646,0.144,0.0,0.47,0.53,0,0,0.2074074
20190207,0.857,0.566,0.003,0.93,0,0,0.07,0.2592593
20190208,0.911,0.381,0.0,0.92,0,0,0.08,0.237037
20190209,0.838,0.405,0.0,0.51,0,0,0.49,0.1259259
20190210,0.707,0.277,0.0,0.8,0,0,0.2,0.1259259
20190211,0.889,0.302,0.0,0.87,0,0,0.13,0.1703704
20190212,0.764,0.292,0.0,0.58,0,0,0.42,0.1703704
20190213,0.916,0.372,0.0,0.58,0,0,0.42,0.2814815
20190214,0.922,0.235,0.0,0.99,0,0,0.01,0.1481481
20190215,0.845,0.215,0.0,0.91,0,0,0.09,0.2
20190216,0.837,0.341,0.0,0.62,0,0,0.38,0.2074074
20190217,0.729,0.24,0.0,0.82,0,0,0.18,0.3555556
20190218,0.87,0.197,0.0,0.81,0,0,0.19,0.1851852
20190219,0.777,0.243,0.021,0.92,0,0,0.08,0.2
20190221,0.893,0.243,0.0,0.89,0,0,0.11,0.3777778
20190223,0.868,0.153,0.0,0.31,0.69,0,0,0.4074074
20190224,0.749,0.123,0.0,0.29,0.71,0,0,0.2888889
20190225,0.877,0.358,0.0,0.96,0,0,0.04,0.3777778
20190226,0.88,0.251,0.0,0.87,0,0,0.13,0.437037
20190227,0.887,0.292,0.0,0.87,0,0,0.13,0.2074074
20190228,0.908,0.304,0.0,0.89,0,0,0.11,0.3333333
20190302,0.763,0.151,0.0,0.69,0,0,0.31,0.6222222
20190303,0.675,0.077,0.0,0.24,0.76,0,0,0.6296296
20190304,0.832,0.281,0.0,0.89,0,0,0.11,0.5703704
20190305,0.856,0.287,0.0,0.91,0,0,0.09,0.8666667
20190306,0.871,0.265,0.0,0.88,0,0,0.12,1
20190308,0.925,0.32,0.0,0.96,0,0,0.04,0.2888889
20190309,0.872,0.19,0.0,0.82,0,0,0.18,0.1925926
20190310,0.731,0.14,0.0,0.73,0.27,0,0,0.2148148
20190311,0.88,0.375,0.0,0.84,0,0,0.16,0.2518519
20190312,0.895,0.465,0.0,0.93,0,0,0.07,0.3407407
20190313,0.907,0.447,0.0,0.87,0,0,0.13,0.362963
20190314,0.915,0.295,0.0,0,0,0.2,0.8,0.0814815
20190315,0.908,0.225,0.024,0.82,0,0,0.18,0.1481481
20190316,0.855,0.315,0.0,0.76,0,0,0.24,0.237037
20190317,0.732,0.241,0.0,0.84,0,0,0.16,0.2074074
20190318,0.88,0.18,0.0,0.78,0,0,0.22,0.1703704
20190319,0.893,0.111,0.0,0.3,0.7,0,0,0.1703704
20190320,0.876,0.188,0.114,0.87,0.13,0,0,0.3111111
20190321,0.891,0.518,0.023,0.96,0,0,0.04,0.5037037
20190322,0.922,0.417,0.0,0.48,0,0,0.52,0.1925926
20190323,0.857,0.3,0.012,0.82,0,0,0.18,0.1407407
20190324,0.749,0.301,0.0,0.91,0,0,0.09,0.1111111
20190325,0.879,0.345,0.0,0,0,0.36,0.64,0.0962963
20190326,0.89,0.285,0.0,0.9,0,0,0.1,0.2074074
20190327,0.884,0.405,0.0,0,0,0.67,0.33,0.2518519
20190328,0.903,0.389,0.0,0.89,0,0,0.11,0.4444444
20190329,0.846,0.388,0.0,0.87,0,0,0.13,0.362963
20190330,0.853,0.598,0.012,0.89,0,0,0.11,0.1407407
20190331,0.737,0.471,0.0,0.88,0,0,0.12,0.1777778
20190401,0.889,0.277,0.0,0.73,0,0,0.27,0.1925926
20190402,0.894,0.331,0.0,0.84,0,0,0.16,0.0888889
20190403,0.896,0.392,0.0,0.96,0,0,0.04,0.1259259
20190404,0.898,0.379,0.0,0,0,0.87,0.13,0.162963
20190405,0.919,0.429,0.0,0.91,0,0,0.09,0.1481481
20190406,0.862,0.167,0.006,0.4,0.6,0,0,0.1777778
20190407,0.764,0.35,0.0,0.66,0,0,0.34,0.1407407
20190408,0.899,0.402,0.0,0.62,0,0,0.38,0.1185185
20190409,0.917,0.331,0.12,0.81,0.19,0,0,0.0888889
20190410,0.911,0.288,0.039,0.31,0,0,0.69,0.0740741
20190411,0.932,0.307,0.0,0.87,0,0,0.13,0.037037
20190412,0.951,0.26,0.0,0.82,0,0,0.18,0.1259259
20190413,0.906,0.337,0.0,0.89,0,0,0.11,0.2296296
20190414,0.743,0.371,0.012,0.84,0,0,0.16,0.2222222
20190415,0.921,0.267,0.0,0.89,0,0,0.11,0.1555556
20190416,0.937,0.14,0.0,0.33,0.67,0,0,0.1259259
20190417,0.939,0.268,0.0,0.84,0,0,0.16,0.162963
20190418,0.932,0.277,0.0,0.82,0,0,0.18,0.1481481
20190419,0.955,0.213,0.0,0.62,0.38,0,0,0.1777778
20190420,0.892,0.32,0.008,0.9,0,0,0.1,0.162963
20190421,0.769,0.308,0.002,0.89,0,0,0.11,0.1851852
20190422,0.901,0.243,0.0,0.9,0,0,0.1,0.1851852
20190423,0.913,0.22,0.0,0.89,0,0,0.11,0.3037037
20190424,0.911,0.389,0.028,0.91,0,0,0.09,0.3259259
20190425,0.905,0.295,0.078,0.87,0.13,0,0,0.2962963
20190426,0.914,0.234,0.034,0.44,0.56,0,0,0.1333333
20190427,0.876,0.322,0.0,0.84,0,0,0.16,0.0444444
20190428,0.75,0.305,0.0,0.91,0,0,0.09,0.0740741
20190429,0.893,0.124,0.0,0.31,0.69,0,0,0.0962963
20190430,0.923,0.078,0.0,0.27,0.73,0,0,0.1185185
20190501,0.82,0.344,0.0,0.87,0,0,0.13,0.1555556
20190502,0.918,0.335,0.0,0.91,0,0,0.09,0.2
20190503,0.937,0.307,0.0,0.87,0,0,0.13,0.1111111
20190504,0.877,0.291,0.0,0.89,0,0,0.11,0.237037
20190505,0.766,0.434,0.0,0.84,0,0,0.16,0.4296296
20190506,0.777,0.551,0.0,0.36,0,0,0.64,0.3037037
20190507,0.898,0.32,0.0,0.84,0,0,0.16,0.0740741
20190508,0.926,0.324,0.0,0.96,0,0,0.04,0.1333333
20190509,0.921,0.342,0.0,0.92,0,0,0.08,0.1777778
20190510,0.947,0.294,0.0,0.91,0,0,0.09,0.1777778
20190511,0.895,0.295,0.0,0.89,0,0,0.11,0.2592593
20190512,0.776,0.257,0.0,0.89,0,0,0.11,0.2740741
20190513,0.901,0.305,0.0,0.87,0,0,0.13,0.2740741
20190514,0.922,0.204,0.0,0.91,0,0,0.09,0.2666667
20190515,0.903,0.317,0.0,0.89,0,0,0.11,0.2444444
20190516,0.916,0.308,0.0,0.89,0,0,0.11,0.3333333
20190517,0.927,0.17,0.0,0.9,0,0,0.1,0.3259259
20190518,0.876,0.318,0.0,0,0.49,0.51,0,0.2888889
20190519,0.713,0.18,0.152,0,1,0,0,0.1259259
20190520,0.866,0.488,0.06,0.98,0,0,0.02,0.0814815
20190521,0.901,0.351,0.0,0,0,0.18,0.82,0.0962963
20190522,0.902,0.442,0.0,0,0,0.28,0.72,0.1481481
20190523,0.922,0.304,0.0,0.91,0,0,0.09,0.2074074
20190524,0.942,0.354,0.0,0.93,0,0,0.07,0.3111111
20190525,0.891,0.203,0.0,0.84,0,0,0.16,0.4
20190526,0.77,0.368,0.0,0.91,0,0,0.09,0.3925926
20190527,0.805,0.215,0.049,0,0.14,0.86,0,0.1777778
20190529,0.92,0.369,0.0,0.78,0,0,0.22,0.0592593
20190530,0.92,0.519,0.0,0,0,0.16,0.84,0.1703704
20190531,0.933,0.404,0.0,0.84,0,0,0.16,0.1851852
20190601,0.868,0.275,0.0,0.92,0,0,0.08,0.0814815
20190602,0.743,0.33,0.0,0.88,0,0,0.12,0.1851852
20190603,0.871,0.337,0.0,0.91,0,0,0.09,0.1703704
20190604,0.91,0.417,0.0,0.91,0,0,0.09,0.162963
20190605,0.938,0.381,0.0,0.82,0,0,0.18,0.1481481
20190606,0.788,0.187,0.052,0.73,0.27,0,0,0.2814815
20190607,0.838,0.265,0.244,0.51,0.49,0,0,0.3111111
20190608,0.857,0.171,0.0,0.47,0.53,0,0,0.0666667
20190609,0.724,0.334,0.017,0.89,0,0,0.11,0.1185185
20190610,0.86,0.231,0.066,0.78,0.22,0,0,0.2148148
20190611,0.912,0.181,0.0,0.62,0.38,0,0,0.0444444
20190612,0.898,0.355,0.0,0.84,0,0,0.16,0.0518519
20190613,0.911,0.271,0.0,0.87,0,0,0.13,0.1333333
20190614,0.938,0.23,0.0,0.91,0,0,0.09,0.1481481
20190615,0.872,0.407,0.015,0.6,0,0,0.4,0.1703704
20190616,0.735,0.127,0.0,0.44,0.56,0,0,0.1481481
20190617,0.878,0.281,0.0,0.96,0,0,0.04,0.0814815
20190618,0.878,0.284,0.096,0.84,0,0,0.16,0.1111111
20190619,0.872,0.302,0.001,0.93,0,0,0.07,0.1703704
20190620,0.919,0.298,0.0,0.93,0,0,0.07,0.1851852
20190621,0.892,0.292,0.001,0.9,0,0,0.1,0.1481481
20190622,0.874,0.21,0.0,0.67,0.33,0,0,0.1407407
20190623,0.751,0.17,0.0,0.6,0.4,0,0,0.0518519
20190624,0.889,0.34,0.0,0.87,0,0,0.13,0.0592593
20190625,0.886,0.321,0.0,0.98,0,0,0.02,0.0962963
20190626,0.89,0.138,0.0,0.49,0.51,0,0,0.1555556
20190627,0.889,0.165,0.01,0.49,0.51,0,0,0.162963
20190628,0.911,0.294,0.0,0.82,0,0,0.18,0.1185185
20190629,0.846,0.143,0.01,0.53,0.47,0,0,0.2296296
20190630,0.739,0.378,0.0,0,0,0.24,0.76,0.1481481
20190701,0.859,0.375,0.0,0.89,0,0,0.11,0.1925926
20190702,0.882,0.361,0.0,0.87,0,0,0.13,0.1925926
20190703,0.872,0.287,0.0,0.96,0,0,0.04,0.162963
20190704,0.895,0.348,0.0,0.87,0,0,0.13,0.1777778
20190705,0.92,0.292,0.0,0.96,0,0,0.04,0.1555556
20190706,0.855,0.238,0.0,0.89,0.11,0,0,0.1555556
20190707,0.736,0.325,0.0,0.8,0.2,0,0,0.1555556
20190708,0.873,0.305,0.0,0.78,0.22,0,0,0.0814815
20190709,0.89,0.244,0.0,0.71,0.29,0,0,0.037037
20190710,0.889,0.295,0.059,0.78,0.22,0,0,0.0444444
20190711,0.869,0.16,0.02,0.51,0.49,0,0,0.0444444
20190712,0.937,0.308,0.0,0.96,0,0,0.04,0.0222222
20190713,0.844,0.29,0.0,0.93,0,0,0.07,0.0666667
20190714,0.736,0.241,0.0,0.96,0,0,0.04,0.1851852
20190715,0.837,0.106,0.053,0.56,0.44,0,0,0.2740741
20190716,0.887,0.262,0.044,0.91,0,0,0.09,0.237037
20190717,0.908,0.193,0.005,0.91,0,0,0.09,0.1851852
20190718,0.9,0.281,0.0,0.86,0,0,0.14,0.3555556
20190719,0.931,0.187,0.0,0.69,0.31,0,0,0.3925926
20190720,0.857,0.317,0.008,0.93,0.07,0,0,0.1925926
20190721,0.729,0.438,0.043,0,0,0.58,0.42,0.0296296
20190722,0.884,0.315,0.001,0.93,0,0,0.07,0.0666667
20190723,0.9,0.29,0.0,0.93,0,0,0.07,0.2444444
20190724,0.875,0.207,0.007,0,0,0.38,0.62,0.1259259
20190725,0.838,0.26,0.067,0,0,0.27,0.73,0.1111111
20190726,0.807,0.3,0.415,0,0,0.31,0.69,0.1333333
20190727,0.828,0.086,0.004,0.51,0.49,0,0,0.1037037
20190728,0.681,0.321,0.177,0,0,0.24,0.76,0.0962963
20190729,0.848,0.378,0.003,0,0,0.11,0.89,0.0666667
20190730,0.851,0.518,0.008,0,0,0.22,0.78,0.0592593
20190731,0.833,0.424,0.431,0,0,0.27,0.73,0.0740741
20190801,0.871,0.24,0.186,0.92,0,0,0.08,0.0740741
20190802,0.895,0.252,0.0,0.9,0,0,0.1,0.0592593
20190803,0.808,0.116,0.021,0.4,0.6,0,0,0.0814815
20190804,0.705,0.137,0.06,0.39,0.61,0,0,0.0962963
20190805,0.848,0.116,0.0,0.33,0.67,0,0,0.1555556
20190806,0.871,0.215,0.0,0.62,0.38,0,0,0.2148148
20190807,0.855,0.244,0.055,0,0,0,1,0.1481481
20190808,0.891,0.251,0.0,0.84,0,0,0.16,0.0962963
20190809,0.914,0.252,0.0,0.73,0,0,0.27,0.2148148
20190810,0.846,0.2,0.0,0.98,0.02,0,0,0.1333333
20190811,0.724,0.359,0.046,0.98,0.02,0,0,0.1037037
20190813,0.878,0.264,0.045,0.93,0,0,0.07,0.0962963
20190814,0.892,0.248,0.0,0.83,0.17,0,0,0.1037037
20190815,0.73,0.178,0.112,0.64,0.36,0,0,0.0962963
20190816,0.88,0.328,0.001,0.82,0,0,0.18,0.037037
20190817,0.827,0.352,0.0,0.87,0,0,0.13,0.0666667
20190818,0.729,0.305,0.0,0.96,0,0,0.04,0.1481481
20190819,0.869,0.146,0.0,0.51,0.49,0,0,0.0962963
20190820,0.88,0.141,0.0,0.73,0.27,0,0,0.1111111
20190821,0.881,0.096,0.009,0.58,0.42,0,0,0.1407407
20190822,0.901,0.305,0.0,0.89,0,0,0.11,0.1703704
20190823,0.94,0.364,0.0,0.78,0,0,0.22,0.2148148
20190824,0.896,0.297,0.0,0.84,0,0,0.16,0.1407407
20190825,0.778,0.362,0.0,0.89,0,0,0.11,0.0814815
20190826,0.91,0.114,0.0,0.38,0.62,0,0,0.0888889
20190827,0.916,0.185,0.138,0.78,0,0,0.22,0.1185185
20190828,0.931,0.221,0.0,0.87,0,0,0.13,0.1333333
20190829,0.909,0.375,0.255,0,0.44,0.56,0,0.1407407
20190830,0.925,0.408,0.001,0,0,0.31,0.69,0.1481481
20190831,0.897,0.354,0.0,0,0,0.27,0.73,0.0666667
20190901,0.779,0.198,0.0,0.29,0,0,0.71,0.0740741
20190902,0.893,0.2,0.0,0.42,0,0,0.58,0.0888889
20190903,0.912,0.337,0.0,0.07,0,0,0.93,0.1037037
20190904,0.858,0.377,0.157,0.02,0,0,0.98,0.0962963
20190905,0.858,0.291,0.252,0.04,0,0,0.96,0.037037
20190906,0.911,0.285,0.017,0.02,0,0,0.98,0.037037
20190907,0.694,0.73,0.019,0.02,0.98,0,0,0.0666667
20190908,0.695,0.394,0.0,0,0.57,0.43,0,0.0444444
20190909,0.86,0.193,0.0,0.22,0,0,0.78,0.162963
20190910,0.824,0.314,0.437,0.02,0,0,0.98,0.1851852
20190911,0.882,0.442,0.053,0.04,0.96,0,0,0.0666667
20190912,0.706,0.401,0.027,0.04,0.96,0,0,0.037037
20190913,0.745,0.334,0.001,0.03,0,0,0.97,0.037037
20190914,0.634,0.181,0.002,0.56,0,0,0.44,0.0444444
20190915,0.651,0.184,0.0,0.2,0,0,0.8,0.0888889
20190916,0.835,0.252,0.0,0.09,0,0,0.91,0.0814815
20190917,0.883,0.332,0.0,0.04,0.96,0,0,0.0444444
20190918,0.882,0.466,0.0,0,0,0.62,0.38,0.0666667
20190919,0.894,0.397,0.0,0.91,0,0,0.09,0.0888889
20190920,0.903,0.337,0.0,0.16,0,0,0.84,0.0740741
20190921,0.866,0.254,0.0,0.11,0,0,0.89,0.0740741
20190922,0.697,0.532,0.003,0.04,0,0,0.96,0.0518519
20190923,0.881,0.244,0.0,0,0,0.31,0.69,0.0222222
20190924,0.907,0.174,0.0,0.36,0,0,0.64,0.0444444
20190925,0.907,0.243,0.0,0.42,0,0,0.58,0.0888889
20190926,0.909,0.22,0.0,0.11,0,0,0.89,0.1185185
20190927,0.915,0.26,0.0,0.07,0,0,0.93,0.1185185
20190928,0.859,0.247,0.0,0,0,0.37,0.63,0.0888889
20190929,0.75,0.315,0.0,0,0,0.24,0.76,0.1259259
20190930,0.878,0.217,0.0,0.46,0,0,0.54,0.1851852
20191001,0.904,0.218,0.0,0.49,0,0,0.51,0.2444444
20191002,0.877,0.421,0.161,0.04,0,0,0.96,0.2296296
20191003,0.738,0.328,0.032,0.12,0,0,0.88,0.1185185
20191004,0.9,0.228,0.0,0.1,0,0,0.9,0.037037
20191005,0.834,0.502,0.004,0.07,0,0,0.93,0.1185185
20191006,0.74,0.464,0.0,0.02,0,0,0.98,0.1555556
20191007,0.818,0.275,0.176,0.09,0,0,0.91,0.037037
20191009,0.777,0.272,0.0,0,0,0.66,0.34,0.0740741
20191011,0.914,0.462,0.0,0.07,0,0,0.93,0.1111111
20191012,0.853,0.462,0.0,0.09,0,0,0.91,0.1407407
20191013,0.758,0.352,0.0,0.02,0.98,0,0,0.0814815
20191014,0.878,0.431,0.0,0,0,0.68,0.32,0.0666667
20191015,0.878,0.354,0.0,0.04,0.96,0,0,0.1185185
20191016,0.892,0.177,0.0,0.48,0,0,0.52,0.0592593
20191017,0.901,0.24,0.0,0.13,0,0,0.87,0.1037037
20191018,0.928,0.358,0.0,0.07,0,0,0.93,0.1185185
20191019,0.883,0.365,0.0,0,0,0.33,0.67,0.0666667
20191020,0.775,0.161,0.0,0.31,0,0,0.69,0.0814815
20191021,0.882,0.124,0.0,0.52,0,0,0.48,0.1703704
20191022,0.894,0.274,0.0,0.69,0.31,0,0,0.1925926
20191023,0.884,0.341,0.0,0.69,0.31,0,0,0.1777778
20191024,0.905,0.397,0.0,0.78,0.22,0,0,0.1037037
20191025,0.905,0.472,0.0,0.96,0,0,0.04,0.1185185
20191026,0.871,0.419,0.0,0.98,0,0,0.02,0.0888889
20191027,0.77,0.305,0.0,0.91,0,0,0.09,0.0962963
20191028,0.862,0.201,0.012,0.57,0.43,0,0,0.1037037
20191029,0.88,0.452,0.001,0.89,0,0,0.11,0.1407407
20191030,0.904,0.338,0.0,0.89,0,0,0.11,0.1481481
20191031,0.887,0.248,0.0,0.51,0.49,0,0,0.0814815
20191102,0.876,0.171,0.0,0.27,0.73,0,0,0.2518519
20191103,0.771,0.435,0.0,0.73,0.27,0,0,0.2962963
20191104,0.889,0.34,0.0,0.73,0.27,0,0,0.2444444
20191105,0.909,0.098,0.0,0.2,0.8,0,0,0.0518519
20191106,0.91,0.295,0.0,0.91,0,0,0.09,0.1481481
20191107,0.924,0.375,0.0,0.54,0,0,0.46,0.2222222
20191108,0.935,0.19,0.0,0.84,0,0,0.16,0.1703704
20191109,0.886,0.291,0.0,0.91,0,0,0.09,0.1333333
20191111,0.895,0.321,0.008,0,0,0.93,0.07,0.1851852
20191112,0.909,0.187,0.0,0.29,0.71,0,0,0.1111111
20191113,0.902,0.221,0.052,0.52,0.48,0,0,0.162963
20191114,0.927,0.633,0.0,0.84,0,0,0.16,0.1555556
20191115,0.879,0.26,0.13,0.6,0.4,0,0,0.0444444
20191116,0.848,0.194,0.0,0.36,0.64,0,0,0.0962963
20191117,0.717,0.548,0.146,0.78,0.22,0,0,0.1555556
20191118,0.885,0.488,0.102,0.96,0,0,0.04,0.1185185
20191119,0.905,0.407,0.0,0.96,0,0,0.04,0.0814815
20191120,0.905,0.354,0.0,0.61,0,0,0.39,0.0666667
20191121,0.921,0.214,0.0,0.31,0.69,0,0,0.0740741
20191122,0.946,0.324,0.0,0.87,0.13,0,0,0.1333333
20191123,0.898,0.3,0.0,0.96,0.04,0,0,0.162963
20191124,0.762,0.215,0.026,0.38,0.62,0,0,0.1407407
20191125,0.891,0.369,0.0,0.63,0,0,0.37,0.1481481
20191126,0.912,0.185,0.0,0.51,0.49,0,0,0.1037037
20191127,0.914,0.381,0.0,0.64,0,0,0.36,0.1185185
20191128,0.93,0.225,0.0,0.89,0,0,0.11,0.162963
20191129,0.945,0.367,0.0,0.91,0,0,0.09,0.1481481
20191130,0.884,0.234,0.0,0.78,0.22,0,0,0.1703704
20191201,0.734,0.197,0.023,0.33,0.67,0,0,0.2074074
20191202,0.893,0.519,0.0,0.58,0,0,0.42,0.2148148
20191203,0.9,0.158,0.004,0.23,0.77,0,0,0.0962963
20191204,0.919,0.27,0.0,0.58,0,0,0.42,0.1185185
20191205,0.912,0.499,0.0,0.58,0,0,0.42,0.1111111
20191206,0.93,0.228,0.0,0.44,0,0,0.56,0.0814815
20191207,0.872,0.294,0.001,0.56,0.44,0,0,0.1185185
20191208,0.75,0.205,0.0,0.31,0.69,0,0,0.2296296
20191209,0.89,0.352,0.0,0.64,0.36,0,0,0.2962963
20191210,0.893,0.158,0.012,0.43,0.57,0,0,0.3407407
20191211,0.922,0.649,0.001,0.89,0,0,0.11,0.5259259
20191212,0.933,0.355,0.0,0.56,0,0,0.44,0.3777778
20191213,0.954,0.231,0.007,0.56,0.44,0,0,0.1037037
20191214,0.894,0.384,0.0,0,0,0,1,0.1185185
20191215,0.771,0.384,0.0,0.98,0.02,0,0,0.1925926
20191216,0.913,0.32,0.0,0.78,0.22,0,0,0.1925926
20191217,0.898,0.235,0.068,0.62,0.38,0,0,0.1703704
20191218,0.936,0.397,0.0,0.93,0,0,0.07,0.1407407
20191219,0.938,0.358,0.0,0.91,0,0,0.09,0.2
20191220,0.951,0.341,0.0,0.67,0,0,0.33,0.1259259
20191221,0.872,0.258,0.004,0.56,0.44,0,0,0.1407407
20191222,0.759,0.298,0.002,0.69,0.31,0,0,0.1703704
20191223,0.909,0.331,0.02,0.62,0,0,0.38,0.3185185
20191224,0.926,0.214,0.0,0.51,0.49,0,0,0.2962963
20191225,0.736,0.19,0.0,0.5,0.5,0,0,0.3851852
20191226,0.904,0.468,0.002,0.89,0,0,0.11,0.2814815
20191227,0.935,0.248,0.0,0.18,0,0,0.82,0.2444444
20191228,0.848,0.234,0.0,0.58,0.42,0,0,0.1777778
20191229,0.719,0.394,0.01,0.73,0.27,0,0,0.1851852
20191230,0.882,0.521,0.003,0.56,0,0,0.44,0.2
20191231,0.887,0.576,0.0,0.58,0,0,0.42,0.1851852
20200101,0.675,0.178,0.001,0.54,0.46,0,0,0.1111111
20200102,0.864,0.324,0.0,0.88,0,0,0.12,0.1703704
20200103,0.928,0.21,0.0,0.67,0,0,0.33,0.2962963
20200104,0.852,0.195,0.0,0.38,0.62,0,0,0.3481481
20200105,0.725,0.157,0.0,0.62,0,0,0.38,0.2814815
20200106,0.874,0.504,0.012,0.73,0.27,0,0,0.2666667
20200107,0.854,0.573,0.32,0.84,0.16,0,0,0.2
20200108,0.895,0.478,0.08,0.9,0,0,0.1,0.0444444
20200109,0.927,0.318,0.0,0.84,0,0,0.16,0.1185185
20200110,0.948,0.26,0.0,0.92,0,0,0.08,0.2962963
20200111,0.874,0.171,0.0,0.34,0.66,0,0,0.362963
20200112,0.741,0.348,0.0,0.89,0,0,0.11,0.2962963
20200113,0.906,0.412,0.0,0.93,0,0,0.07,0.2518519
20200114,0.909,0.255,0.0,0.58,0,0,0.42,0.1259259
20200115,0.914,0.271,0.0,0.91,0,0,0.09,0.1555556
20200116,0.924,0.311,0.0,0.57,0,0,0.43,0.1851852
20200117,0.944,0.194,0.0,0.73,0,0,0.27,0.2074074
20200118,0.886,0.268,0.0,0.87,0,0,0.13,0.2740741
20200119,0.744,0.318,0.004,0,0,0,1,0.2962963
20200120,0.925,0.389,0.0,0.93,0,0,0.07,0.3481481
20200121,0.951,0.194,0.0,0.31,0.69,0,0,0.2222222
20200122,0.965,0.193,0.0,0.56,0.44,0,0,0.1851852
20200123,0.934,0.415,0.0,0.51,0,0,0.49,0.2074074
20200124,0.716,0.365,0.0,0.56,0,0,0.44,0.2962963
20200125,0.782,0.178,0.0,0.36,0.64,0,0,0.3777778
20200126,0.678,0.505,0.0,0.82,0.18,0,0,0.2814815
20200127,0.637,0.722,0.001,0.76,0.24,0,0,0.1481481
20200128,0.847,0.358,0.0,0.42,0.58,0,0,0.037037
20200129,0.919,0.328,0.0,0.78,0.22,0,0,0.0444444
20200130,0.933,0.258,0.0,0.69,0.31,0,0,0.0592593
20200131,0.94,0.451,0.0,0.91,0,0,0.09,0.0740741
20200201,0.808,0.25,0.0,0.89,0,0,0.11,0.1259259
20200202,0.656,0.26,0.0,0.9,0,0,0.1,0.3851852
20200203,0.873,0.461,0.0,0.58,0,0,0.42,0.4
20200204,0.881,0.449,0.012,0.91,0,0,0.09,0.1185185
20200205,0.772,0.579,0.0,0.53,0,0,0.47,0.1185185
20200206,0.83,0.281,0.0,0.51,0,0,0.49,0.0814815
20200207,0.875,0.305,0.0,0.53,0,0,0.47,0.1481481
20200208,0.803,0.424,0.0,0.47,0,0,0.53,0.1777778
20200209,0.659,0.277,0.0,0.89,0,0,0.11,0.2148148
20200210,0.855,0.351,0.0,0.54,0,0,0.46,0.1851852
20200211,0.883,0.211,0.0,0.62,0.38,0,0,0.2296296
20200212,0.862,0.401,0.046,0.8,0.2,0,0,0.2592593
20200213,0.904,0.233,0.0,0.89,0,0,0.11,0.2518519
20200214,0.932,0.136,0.0,0.84,0,0,0.16,0.4
20200215,0.835,0.447,0.014,0.76,0.24,0,0,0.4518519
20200216,0.658,0.599,0.093,0.89,0,0,0.11,0.362963
20200217,0.814,0.525,0.007,0.49,0,0,0.51,0.1333333
20200218,0.892,0.265,0.0,0.87,0,0,0.13,0.1333333
20200219,0.894,0.254,0.0,0.6,0.4,0,0,0.1111111
20200220,0.901,0.198,0.0,0.33,0.67,0,0,0.1703704
20200221,0.905,0.248,0.029,0.58,0.42,0,0,0.3259259
20200222,0.78,0.583,0.021,0.93,0,0,0.07,0.3407407
20200223,0.621,0.347,0.0,0.89,0,0,0.11,0.2740741
20200224,0.826,0.223,0.0,0.53,0.47,0,0,0.0888889
20200225,0.806,0.613,0.115,0.78,0.22,0,0,0.1407407
20200226,0.85,0.23,0.0,0.58,0.42,0,0,0.0962963
20200227,0.861,0.268,0.0,0.73,0.27,0,0,0.0740741
20200228,0.836,0.19,0.027,0.52,0.48,0,0,0.0518519
20200229,0.723,0.275,0.003,0.91,0,0,0.09,0.1333333
20200301,0.561,0.429,0.001,0.92,0,0,0.08,0.1259259
20200302,0.843,0.379,0.0,0.91,0,0,0.09,0.2518519
20200303,0.862,0.434,0.0,0.91,0,0,0.09,0.2148148
20200304,0.871,0.489,0.0,0.89,0,0,0.11,0.2444444
20200305,0.885,0.345,0.0,0.91,0,0,0.09,0.2518519
20200306,0.901,0.205,0.0,0.4,0.6,0,0,0.2074074
20200307,0.764,0.281,0.0,0.82,0.18,0,0,0.2
20200308,0.605,0.267,0.0,0.74,0,0,0.26,0.2888889
20200309,0.86,0.243,0.0,0.91,0,0,0.09,0.3333333
20200310,0.829,0.379,0.082,0.67,0,0,0.33,0.3185185
20200311,0.888,0.519,0.0,0.91,0,0,0.09,0.237037
20200312,0.894,0.25,0.0,0.54,0.46,0,0,0.0962963
20200313,0.876,0.539,0.003,0.56,0,0,0.44,0.1037037
20200314,0.799,0.379,0.0,0,0,0,1,0.0962963
20200315,0.61,0.385,0.0,0.84,0,0,0.16,0.1407407
20200316,0.857,0.441,0.0,0.96,0,0,0.04,0.1259259
20200317,0.877,0.325,0.0,0,0,0.31,0.69,0.0888889
20200319,0.88,0.682,0.0,0.98,0,0,0.02,0.2592593
20200320,0.931,0.553,0.0,0,0,0.48,0.52,0.1925926
20200321,0.81,0.379,0.0,0.89,0,0,0.11,0.0666667
20200322,0.647,0.459,0.0,0.93,0,0,0.07,0.1259259
20200323,0.877,0.351,0.0,0.84,0,0,0.16,0.1259259
20200324,0.888,0.355,0.0,0.84,0,0,0.16,0.2074074
20200325,0.896,0.21,0.0,0.38,0.62,0,0,0.2592593
20200326,0.883,0.248,0.012,0.67,0.33,0,0,0.2222222
20200327,0.913,0.524,0.014,0.62,0,0,0.38,0.2296296
20200328,0.812,0.456,0.0,0.62,0,0,0.38,0.1851852
20200329,0.644,0.29,0.0,0.92,0,0,0.08,0.0592593
20200330,0.879,0.368,0.0,0.91,0,0,0.09,0.1185185
20200331,0.895,0.282,0.0,0.8,0,0,0.2,0.2074074
20200401,0.895,0.509,0.0,0.59,0,0,0.41,0.1925926
20200402,0.883,0.435,0.0,0.89,0,0,0.11,0.2296296
20200403,0.914,0.559,0.0,0.89,0,0,0.11,0.1777778
20200404,0.806,0.67,0.0,0.57,0,0,0.43,0.237037
20200405,0.639,0.471,0.0,0.63,0,0,0.37,0.2074074
20200406,0.864,0.391,0.0,0.93,0,0,0.07,0.1555556
20200407,0.893,0.407,0.0,0.87,0,0,0.13,0.1555556
20200408,0.895,0.465,0.0,0.6,0,0,0.4,0.1851852
20200409,0.915,0.402,0.0,0.87,0,0,0.13,0.1333333
20200410,0.94,0.354,0.0,0.7,0,0,0.3,0.1703704
20200411,0.833,0.385,0.0,0.78,0,0,0.22,0.1851852
20200412,0.661,0.702,0.0,0.89,0.11,0,0,0.162963
20200413,0.883,0.451,0.0,0.53,0.47,0,0,0.1481481
20200414,0.912,0.352,0.0,0.76,0,0,0.24,0.0814815
20200415,0.716,0.381,0.0,0.78,0,0,0.22,0.2074074
20200416,0.874,0.429,0.0,0.93,0.07,0,0,0.2666667
20200417,0.88,0.317,0.045,0,0.07,0.93,0,0.2148148
20200419,0.634,0.447,0.071,0.88,0.12,0,0,0.0962963
20200420,0.867,0.519,0.001,0.84,0,0,0.16,0.1185185
20200422,0.893,0.583,0.0,0.76,0,0,0.24,0.0666667
20200424,0.949,0.375,0.0,0.7,0,0,0.3,0.0962963
20200425,0.859,0.561,0.0,0,0,0.49,0.51,0.0962963
20200426,0.705,0.435,0.0,0.69,0,0,0.31,0.1703704
20200427,0.901,0.407,0.0,0.73,0,0,0.27,0.1037037
20200428,0.936,0.476,0.0,0,0,0.82,0.18,0.1259259
20200429,0.948,0.407,0.0,0.69,0,0,0.31,0.1407407
20200430,0.812,0.449,0.0,0.82,0,0,0.18,0.1851852
20200501,0.781,0.368,0.0,0.81,0,0,0.19,0.1407407
20200503,0.707,0.268,0.0,0.99,0.01,0,0,0.2148148
20200504,0.902,0.388,0.0,0.73,0,0,0.27,0.1333333
20200506,0.918,0.21,0.0,0.56,0.44,0,0,0.1407407
20200507,0.948,0.398,0.0,0,0.02,0.98,0,0.1185185
20200508,0.957,0.341,0.016,0,0.76,0.24,0,0.0814815
20200509,0.812,0.629,0.169,0,0.02,0.98,0,0.0888889
20200510,0.713,0.384,0.009,0,0,0.56,0.44,0.0666667
20200511,0.903,0.372,0.024,0,0,0.69,0.31,0.1481481
20200512,0.929,0.342,0.005,0.67,0,0,0.33,0.2148148
20200513,0.938,0.317,0.0,0.68,0,0,0.32,0.1111111
20200514,0.945,0.234,0.0,0,1,0,0,0.0740741
20200515,0.887,0.476,0.083,0.99,0.01,0,0,0.0962963
20200516,0.854,0.27,0.017,0.76,0,0,0.24,0.0888889
20200518,0.892,0.183,0.206,0,0.06,0.94,0,0.2074074
20200519,0.893,0.518,0.131,0.58,0.42,0,0,0.2148148
20200520,0.946,0.261,0.0,0.84,0.16,0,0,0.0518519
20200521,0.948,0.334,0.0,0.91,0.09,0,0,0.0222222
20200522,0.969,0.342,0.0,0.67,0,0,0.33,0.0740741
20200523,0.899,0.362,0.0,0.67,0,0,0.33,0.2
20200524,0.719,0.432,0.1,0.72,0,0,0.28,0.237037
20200525,0.92,0.33,0.0,0.69,0,0,0.31,0.1333333
20200526,0.922,0.285,0.01,0.76,0,0,0.24,0.1777778
20200528,0.952,0.271,0.0,0.42,0,0,0.58,0.0962963
20200529,0.961,0.328,0.0,0.71,0,0,0.29,0.1407407
20200530,0.877,0.334,0.0,0.71,0,0,0.29,0.1555556
