2015-01-01,0.0,0.6747503566333808
2015-01-02,0.0,0.43794579172610554
2015-01-03,0.0,0.18972895863052783
2015-01-04,0.0,0.34236804564907275
2015-01-05,0.0,0.43081312410841655
2015-01-06,0.020761245674740483,0.6619115549215406
2015-01-07,0.0,0.362339514978602
2015-01-08,0.0,0.29814550641940085
2015-01-09,0.0,0.25677603423680456
2015-01-10,0.0,0.37089871611982883
2015-01-11,0.0,0.6733238231098431
2015-01-12,0.0,0.24679029957203996
2015-01-13,0.0,0.3024251069900143
2015-01-14,0.0,0.25392296718972895
2015-01-15,0.0,0.34664764621968613
2015-01-16,0.0,0.6348074179743225
2015-01-17,0.0,0.5834522111269614
2015-01-18,0.02768166089965398,0.38088445078459343
2015-01-19,0.0,0.5121255349500713
2015-01-20,0.0,0.23395149786019975
2015-01-21,0.0,0.3152639087018545
2015-01-22,0.0,0.18830242510699
2015-01-23,0.0,0.3252496433666191
2015-01-24,0.0,0.289586305278174
2015-01-25,0.020761245674740483,0.5249643366619116
2015-01-26,0.0034602076124567475,0.43651925820256776
2015-01-27,0.0,0.5477888730385164
2015-01-28,0.0,0.4293865905848787
2015-01-29,0.0,0.35805991440798857
2015-01-30,0.0,0.4935805991440799
2015-01-31,0.0,0.3751783166904422
2015-02-01,0.0,0.3166904422253923
2015-02-02,0.0,0.24393723252496433
2015-02-03,0.0,0.38659058487874465
2015-02-04,0.0,0.3024251069900143
2015-02-05,0.0,0.39657631954350925
2015-02-06,0.0,0.3252496433666191
2015-02-07,0.0,0.5349500713266762
2015-02-08,0.0,0.7532097004279601
2015-02-09,0.0,0.4736091298145506
2015-02-10,0.0,0.4522111269614836
2015-02-11,0.0,0.23965763195435097
2015-02-12,0.0,0.6604850213980028
2015-02-13,0.0,0.37660485021398
2015-02-14,0.0,0.0
2015-02-15,0.0,0.5420827389443652
2015-02-16,0.0726643598615917,0.5691868758915835
2015-02-17,0.0034602076124567475,0.5278174037089871
2015-02-18,0.0,0.3823109843081312
2015-02-19,0.0,0.10699001426533523
2015-02-20,0.0,0.32667617689015693
2015-02-21,0.05536332179930796,0.5049928673323824
2015-02-22,0.01730103806228374,0.6091298145506419
2015-02-23,0.0,0.3823109843081312
2015-02-24,0.0,0.35520684736091296
2015-02-25,0.0034602076124567475,0.24108416547788872
2015-02-26,0.0034602076124567475,0.7189728958630528
2015-02-27,0.0,0.6847360912981455
2015-02-28,0.0,0.3124108416547789
2015-03-01,0.0,0.4793152639087018
2015-03-02,0.0,0.29386590584878747
2015-03-03,0.03806228373702422,0.4607703281027104
2015-03-04,0.0,0.7674750356633381
2015-03-05,0.0,0.3024251069900143
2015-03-06,0.0,0.3980028530670471
2015-03-07,0.0,0.3338088445078459
2015-03-08,0.0,0.26961483594864477
2015-03-09,0.0,0.9286733238231099
2015-03-10,0.0,0.8744650499286734
2015-03-11,0.0,0.5763195435092725
2015-03-12,0.0,0.48930099857346643
2015-03-13,0.0,0.4065620542082739
2015-03-14,0.0,0.5106990014265336
2015-03-15,0.0,0.4136947218259629
2015-03-16,0.0,0.26961483594864477
2015-03-17,0.0,0.2995720399429387
2015-03-18,0.010380622837370242,0.6932952924393724
2015-03-19,0.0,0.3252496433666191
2015-03-20,0.0,0.5805991440798859
2015-03-21,0.0,0.38088445078459343
2015-03-22,0.0,0.5121255349500713
2015-03-23,0.0,0.5520684736091298
2015-03-24,0.0,0.42796005706134094
2015-03-25,0.0,0.43794579172610554
2015-03-26,0.0,0.579172610556348
2015-03-27,0.0,0.4037089871611983
2015-03-28,0.0,0.43509272467902993
2015-03-29,0.0,0.29529243937232524
2015-03-30,0.0,0.48216833095577744
2015-03-31,0.01730103806228374,0.40228245363766046
2015-04-01,0.01730103806228374,0.68188302425107
2015-04-02,0.19377162629757785,0.6504992867332382
2015-04-03,0.02422145328719723,0.6419400855920114
2015-04-04,0.0,0.7289586305278175
2015-04-05,0.0034602076124567475,0.43081312410841655
2015-04-06,0.0,0.5164051355206848
2015-04-07,0.0,0.43651925820256776
2015-04-08,0.0,0.4322396576319543
2015-04-09,0.0,0.24536376604850219
2015-04-10,0.0,0.5848787446504993
2015-04-11,0.0,0.5007132667617689
2015-04-12,0.0,0.6077032810271041
2015-04-13,0.04498269896193772,0.8815977175463623
2015-04-14,0.0726643598615917,0.44935805991440797
2015-04-15,0.006920415224913495,0.5606276747503566
2015-04-16,0.04844290657439446,0.6176890156918687
2015-04-17,0.0,0.5877318116975749
2015-04-18,0.0,0.35235378031383735
2015-04-19,0.08304498269896193,0.6390870185449358
2015-04-20,0.03806228373702422,0.5592011412268189
2015-04-21,0.0,0.3780313837375178
2015-04-22,0.0,0.49500713266761764
2015-04-23,0.0,0.6048502139800286
2015-04-24,0.0,0.44079885877318115
2015-04-25,0.0,0.48787446504992865
2015-04-26,0.0,0.29529243937232524
2015-04-27,0.0,0.49786019971469325
2015-04-28,0.0,0.31383737517831667
2015-04-29,0.02422145328719723,0.5335235378031383
2015-04-30,0.0,0.29243937232524964
2015-05-01,0.0,0.21968616262482168
2015-05-02,0.0034602076124567475,0.39229671897289586
2015-05-03,0.02422145328719723,0.3637660485021398
2015-05-04,0.0,0.48787446504992865
2015-05-05,0.0,0.5734664764621968
2015-05-06,0.0,0.261055634807418
2015-05-07,0.0,0.18972895863052783
2015-05-08,0.0,0.38088445078459343
2015-05-09,0.0,0.3823109843081312
2015-05-10,0.0,0.39229671897289586
2015-05-11,0.09688581314878893,0.3680456490727532
2015-05-12,0.0657439446366782,1.0
2015-05-13,0.0,0.8059914407988588
2015-05-14,0.0,0.5135520684736091
2015-05-15,0.0,0.3338088445078459
2015-05-16,0.0,0.14978601997146931
2015-05-17,0.0,0.33951497860199714
2015-05-18,0.0,0.2524964336661912
2015-05-19,0.006920415224913495,0.5848787446504993
2015-05-20,0.0,0.37660485021398
2015-05-21,0.0,0.7089871611982882
2015-05-22,0.0,0.49072753209700426
2015-05-23,0.0,0.5406562054208274
2015-05-24,0.0,0.43081312410841655
2015-05-25,0.0,0.34522111269614836
2015-05-26,0.0,0.4008559201141227
2015-05-27,0.0,0.28530670470756064
2015-05-28,0.0,0.25962910128388017
2015-05-29,0.0,0.5035663338088445
2015-05-30,0.0,0.4151212553495007
2015-05-31,0.0,0.34950071326676174
2015-06-01,0.0,0.4236804564907275
2015-06-02,0.0,0.6319543509272467
2015-06-03,0.0,0.5620542082738944
2015-06-04,0.0,0.38659058487874465
2015-06-06,0.0,0.2624821683309558
2015-06-07,0.0,0.34950071326676174
2015-06-08,0.0,0.4051355206847361
2015-06-09,0.0,0.32952924393723254
2015-06-10,0.0,0.3637660485021398
2015-06-11,0.05190311418685121,0.3509272467902996
2015-06-12,0.0034602076124567475,0.5763195435092725
2015-06-13,0.0034602076124567475,0.5634807417974322
2015-06-14,0.10726643598615918,0.4151212553495007
2015-06-15,0.0,0.40228245363766046
2015-06-16,0.0,0.34664764621968613
2015-06-17,0.0657439446366782,0.3095577746077033
2015-06-18,0.020761245674740483,0.4693295292439372
2015-06-19,0.0,0.4293865905848787
2015-06-20,0.3079584775086505,0.261055634807418
2015-06-22,0.0,0.4679029957203994
2015-06-23,0.0,0.3851640513552068
2015-06-24,0.0,0.4108416547788873
2015-06-25,0.01384083044982699,0.35805991440798857
2015-06-26,0.08650519031141868,0.4664764621968616
2015-06-27,0.0,0.35235378031383735
2015-06-28,0.0,0.4764621968616262
2015-06-29,0.0,0.4222539229671897
2015-06-30,0.01730103806228374,0.2639087018544936
2015-07-01,0.0034602076124567475,0.5121255349500713
2015-07-02,0.0,0.536376604850214
2015-07-03,0.0,0.4151212553495007
2015-07-04,0.0,0.34522111269614836
2015-07-05,0.0,0.3067047075606277
2015-07-06,0.0,0.4450784593437946
2015-07-07,0.0,0.33238231098430815
2015-07-08,0.0034602076124567475,0.5920114122681882
2015-07-09,0.0,0.5064194008559201
2015-07-10,0.0,0.29101283880171186
2015-07-11,0.0,0.23965763195435097
2015-07-12,0.20069204152249134,0.6034236804564906
2015-07-13,0.06920415224913495,0.8273894436519258
2015-07-14,0.0,0.5549215406562054
2015-07-15,0.0,0.6348074179743225
2015-07-16,0.0,0.7118402282453639
2015-07-17,0.0,0.5064194008559201
2015-07-18,0.0034602076124567475,0.35520684736091296
2015-07-19,0.03460207612456748,0.2967189728958631
2015-07-20,0.0,0.34664764621968613
2015-07-21,0.07612456747404844,0.2353780313837375
2015-07-22,0.006920415224913495,0.25392296718972895
2015-07-23,0.11072664359861592,0.5263908701854494
2015-07-24,0.18339100346020762,0.32667617689015693
2015-07-25,0.5536332179930796,0.4693295292439372
2015-07-26,0.28027681660899656,0.5863052781740371
2015-07-27,0.010380622837370242,0.37660485021398
2015-07-28,0.0,0.25392296718972895
2015-07-29,0.02768166089965398,0.48216833095577744
2015-07-30,0.0,0.550641940085592
2015-07-31,0.0,0.45934379457917257
2015-08-01,0.0,0.5121255349500713
2015-08-03,0.0,0.6119828815977175
2015-08-04,0.0,0.6875891583452212
2015-08-05,0.0,0.6761768901569187
2015-08-06,0.0,0.3095577746077033
2015-08-07,0.07612456747404844,0.15263908701854492
2015-08-08,0.05190311418685121,0.2810271041369472
2015-08-09,0.0,0.4051355206847361
2015-08-10,0.0,0.33523537803138376
2015-08-11,0.0,0.3067047075606277
2015-08-12,0.0,0.20827389443651925
2015-08-13,0.0,0.261055634807418
2015-08-14,0.0,0.24536376604850219
2015-08-15,0.0,0.23680456490727536
2015-08-16,0.20069204152249134,0.4293865905848787
2015-08-18,0.0,0.40228245363766046
2015-08-19,0.0,0.3238231098430813
2015-08-20,0.0,0.25677603423680456
2015-08-21,0.01730103806228374,0.35520684736091296
2015-08-22,0.0,0.4621968616262482
2015-08-23,0.0,0.22111269614835946
2015-08-24,0.0,0.5734664764621968
2015-08-25,0.03806228373702422,0.47503566333808844
2015-08-26,0.0,0.4179743223965763
2015-08-27,0.0,0.45363766048502135
2015-08-28,0.0,0.2225392296718973
2015-08-29,0.0,0.49500713266761764
2015-08-30,0.0,0.268188302425107
2015-08-31,0.0,0.3851640513552068
2015-09-01,0.0,0.5021398002853067
2015-09-02,0.0034602076124567475,0.34807417974322397
2015-09-04,0.0,0.3409415121255349
2015-09-05,0.03460207612456748,0.33666191155492153
2015-09-06,0.0,0.49643366619115553
2015-09-07,0.0,0.2995720399429387
2015-09-08,0.0,0.470756062767475
2015-09-09,0.0,0.4693295292439372
2015-09-10,0.0,0.43081312410841655
2015-09-11,0.01730103806228374,0.39372325249643364
2015-09-12,0.0,0.2125534950071327
2015-09-13,0.0,0.43366619115549215
2015-09-14,0.0,0.28815977175463625
2015-09-15,0.0,0.30385164051355207
2015-09-16,0.0,0.4265335235378031
2015-09-17,0.0,0.48216833095577744
2015-09-18,0.0,0.3794579172610556
2015-09-19,0.0,0.5492154065620543
2015-09-20,0.0,0.174037089871612
2015-09-21,0.0,0.008559201141226819
2015-09-22,0.0,0.23965763195435097
2015-09-23,0.0,0.3152639087018545
2015-09-24,0.0,0.23109843081312412
2015-09-25,0.0,0.3666191155492154
2015-09-26,0.0,0.29243937232524964
2015-09-27,0.0,0.21825962910128385
2015-09-28,0.0,0.21540656205420824
2015-09-29,0.0,0.362339514978602
2015-09-30,0.0,0.3880171184022824
2015-10-02,0.0,0.7902995720399429
2015-10-03,0.0,0.6633380884450784
2015-10-04,0.0,0.289586305278174
2015-10-05,0.0,0.19543509272467904
2015-10-06,0.0,0.20827389443651925
2015-10-07,0.0,0.06562054208273894
2015-10-08,0.0,0.5064194008559201
2015-10-09,0.0,0.5520684736091298
2015-10-10,0.02422145328719723,0.5520684736091298
2015-10-11,0.02422145328719723,0.3537803138373752
2015-10-13,0.0,0.3723252496433666
2015-10-14,0.0,0.19828815977175465
2015-10-15,0.0,0.23680456490727536
2015-10-16,0.0,0.33951497860199714
2015-10-17,0.0,0.19828815977175465
2015-10-18,0.0,0.11269614835948645
2015-10-19,0.0,0.23395149786019975
2015-10-20,0.0,0.07845934379457918
2015-10-21,0.0,0.24251069900142658
2015-10-22,0.0,0.41226818830242506
2015-10-23,0.0,0.3609129814550642
2015-10-24,0.0726643598615917,0.3537803138373752
2015-10-25,0.0,0.44650499286733236
2015-10-26,0.01384083044982699,0.3437945791726105
2015-10-27,0.18339100346020762,0.49928673323823114
2015-10-28,0.0,0.4793152639087018
2015-10-29,0.0034602076124567475,0.09700427960057062
2015-10-30,0.0,0.4835948644793152
2015-10-31,0.0,0.3067047075606277
2015-11-01,0.0,0.24251069900142658
2015-11-02,0.0,0.02139800285306705
2015-11-03,0.0,0.1398002853067047
2015-11-04,0.0,0.20114122681883026
2015-11-05,0.0,0.12838801711840228
2015-11-06,0.031141868512110725,0.7503566333808844
2015-11-07,0.1695501730103806,0.8416547788873038
2015-11-08,0.0726643598615917,0.7403708987161198
2015-11-09,0.02422145328719723,0.35235378031383735
2015-11-10,0.0,0.24964336661911557
2015-11-11,0.0,0.43651925820256776
2015-11-12,0.0,0.45078459343794575
2015-11-13,0.15570934256055363,0.5734664764621968
2015-11-14,0.02422145328719723,0.38088445078459343
2015-11-15,0.0,0.25106990014265335
2015-11-16,0.03806228373702422,0.45934379457917257
2015-11-17,0.0,0.2781740370898716
2015-11-18,0.03806228373702422,0.7346647646219686
2015-11-19,0.0,0.4835948644793152
2015-11-20,0.0,0.07275320970042796
2015-11-21,0.0,0.268188302425107
2015-11-22,0.02422145328719723,0.5477888730385164
2015-11-23,0.04498269896193772,0.6262482168330955
2015-11-24,0.0034602076124567475,0.5677603423680456
2015-11-25,0.07612456747404844,0.5049928673323824
2015-11-26,0.0,0.5691868758915835
2015-11-27,0.0,0.44650499286733236
2015-11-28,0.0,0.3181169757489301
2015-11-29,0.020761245674740483,0.4864479315263908
2015-12-01,0.0,0.3024251069900143
2015-12-02,0.09342560553633218,0.3223965763195435
2015-12-03,0.03460207612456748,0.7988587731811697
2015-12-04,0.0,0.1326676176890157
2015-12-05,0.0,0.34236804564907275
2015-12-06,0.0,0.12125534950071326
2015-12-07,0.0,0.1398002853067047
2015-12-08,0.0,0.15834522111269614
2015-12-09,0.0,0.29101283880171186
2015-12-10,0.0,0.3209700427960057
2015-12-11,0.0,0.6718972895863053
2015-12-12,0.0,0.15406562054208275
2015-12-13,0.0,0.15406562054208275
2015-12-14,0.01730103806228374,0.31098430813124106
2015-12-15,0.0,0.4151212553495007
2015-12-16,0.0,0.45649072753209696
2015-12-17,0.0,0.23109843081312412
2015-12-18,0.0,0.11126961483594865
2015-12-19,0.0,0.2653352353780314
2015-12-20,0.0,0.1326676176890157
2015-12-21,0.01384083044982699,0.3980028530670471
2015-12-22,0.0,0.261055634807418
2015-12-23,0.0,0.1711840228245364
2015-12-24,0.0,0.1398002853067047
2015-12-25,0.0,0.2767475035663338
2015-12-26,0.006920415224913495,0.3067047075606277
2015-12-27,0.0,0.4136947218259629
2015-12-28,0.0,0.20970042796005708
2015-12-29,0.0,0.1911554921540656
2015-12-30,0.01730103806228374,0.29814550641940085
2015-12-31,0.0,0.1383737517831669
2016-01-01,0.0,0.11412268188302425
2016-01-02,0.0,0.28530670470756064
2016-01-03,0.0,0.12696148359486448
2016-01-04,0.0,0.39514978601997147
2016-01-05,0.0,0.15691868758915836
2016-01-06,0.0,0.1340941512125535
2016-01-07,0.0,0.21398002853067047
2016-01-08,0.0,0.2553495007132668
2016-01-09,0.0,0.1940085592011412
2016-01-10,0.0,0.2667617689015692
2016-01-11,0.0,0.3651925820256776
2016-01-12,0.0,0.275320970042796
2016-01-13,0.0,0.2553495007132668
2016-01-14,0.0,0.25677603423680456
2016-01-15,0.0,0.2781740370898716
2016-01-16,0.0,0.4179743223965763
2016-01-17,0.0,0.369472182596291
2016-01-18,0.0,0.1783166904422254
2016-01-19,0.0,0.7988587731811697
2016-01-20,0.0,0.0884450784593438
2016-01-21,0.0,0.0898716119828816
2016-01-22,0.0,0.41226818830242506
2016-01-23,0.0,0.6490727532097004
2016-01-24,0.0,0.4550641940085592
2016-01-25,0.0,0.07417974322396577
2016-01-26,0.0,0.06419400855920114
2016-01-27,0.0,0.02710413694721826
2016-01-28,0.0,0.12268188302425106
2016-01-29,0.0,0.30813124108416545
2016-01-30,0.0,0.12125534950071326
2016-01-31,0.0,0.42796005706134094
2016-02-01,0.0,0.4037089871611983
2016-02-02,0.0,0.02710413694721826
2016-02-03,0.0,0.07132667617689016
2016-02-04,0.0,0.015691868758915838
2016-02-05,0.0,0.18830242510699
2016-02-06,0.0,0.4265335235378031
2016-02-07,0.0,0.2967189728958631
2016-02-08,0.0,0.1312410841654779
2016-02-09,0.0,0.362339514978602
2016-02-10,0.0,0.1398002853067047
2016-02-11,0.0,0.45649072753209696
2016-02-12,0.1245674740484429,0.30527817403708984
2016-02-13,0.1453287197231834,0.3195435092724679
2016-02-14,0.01730103806228374,0.6590584878744651
2016-02-15,0.0,0.5962910128388017
2016-02-16,0.0034602076124567475,0.14978601997146931
2016-02-17,0.0,0.06704707560627675
2016-02-18,0.0,0.6990014265335235
2016-02-19,0.0,0.09700427960057062
2016-02-20,0.0,0.05135520684736091
2016-02-21,0.0,0.49500713266761764
2016-02-22,0.0,0.10841654778887304
2016-02-23,0.0034602076124567475,0.2253922967189729
2016-02-24,0.0,0.289586305278174
2016-02-25,0.0,0.06419400855920114
2016-02-26,0.0,0.25392296718972895
2016-02-27,0.0,0.052781740370898715
2016-02-28,0.020761245674740483,0.0898716119828816
2016-02-29,0.0,0.630527817403709
2016-03-01,0.0,0.34522111269614836
2016-03-02,0.0,0.6034236804564906
2016-03-03,0.0,0.07560627674750357
2016-03-04,0.0,0.42510699001426533
2016-03-05,0.2768166089965398,0.42510699001426533
2016-03-06,0.0,0.39087018544935803
2016-03-07,0.0,0.1654778887303852
2016-03-08,0.0,0.4450784593437946
2016-03-09,0.0,0.5335235378031383
2016-03-10,0.0,0.49928673323823114
2016-03-11,0.0,0.21825962910128385
2016-03-12,0.0,0.06562054208273894
2016-03-13,0.0,0.037089871611982884
2016-03-14,0.0,0.3566333808844508
2016-03-15,0.0,0.3566333808844508
2016-03-16,0.0,0.0442225392296719
2016-03-17,0.0,0.10271041369472182
2016-03-18,0.0,0.5420827389443652
2016-03-19,0.0,0.28530670470756064
2016-03-20,0.0,0.21968616262482168
2016-03-21,0.0,0.20114122681883026
2016-03-22,0.0,0.4051355206847361
2016-03-23,0.0,0.4136947218259629
2016-03-24,0.0,0.45078459343794575
2016-03-25,0.0,0.18830242510699
2016-03-26,0.0,0.34664764621968613
2016-03-27,0.0,0.4136947218259629
2016-03-28,0.0,0.04136947218259629
2016-03-29,0.0,0.5777460770328102
2016-03-30,0.0,0.35520684736091296
2016-03-31,0.0,0.11840228245363765
2016-04-01,0.0,0.10841654778887304
2016-04-02,0.0,0.07703281027104138
2016-04-03,0.01384083044982699,0.037089871611982884
2016-04-04,0.0,0.4650499286733238
2016-04-05,0.0,0.3609129814550642
2016-04-06,0.020761245674740483,0.2767475035663338
2016-04-07,0.05190311418685121,0.49215406562054204
2016-04-08,0.0,0.4065620542082739
2016-04-09,0.0,0.2724679029957204
2016-04-10,0.0,0.3823109843081312
2016-04-11,0.0,0.0456490727532097
2016-04-12,0.0,0.02995720399429387
2016-04-13,0.006920415224913495,0.15834522111269614
2016-04-14,0.0,0.275320970042796
2016-04-15,0.0,0.18259629101283878
2016-04-16,0.16262975778546712,0.5905848787446505
2016-04-17,0.14186851211072665,0.644793152639087
2016-04-18,0.010380622837370242,0.3437945791726105
2016-04-19,0.0,0.3823109843081312
2016-04-20,0.0034602076124567475,0.061340941512125546
2016-04-21,0.11764705882352941,0.6134094151212554
2016-04-22,0.0,0.40228245363766046
2016-04-23,0.0,0.1312410841654779
2016-04-24,0.0,0.03566333808844508
2016-04-25,0.0,0.022824536376604854
2016-04-26,0.0,0.03566333808844508
2016-04-27,0.0,0.5121255349500713
2016-04-28,0.0,0.24251069900142658
2016-04-29,0.0,0.4065620542082739
2016-04-30,0.0,0.45934379457917257
2016-05-01,0.0,0.3209700427960057
2016-05-02,0.11418685121107267,0.35805991440798857
2016-05-03,0.18685121107266436,0.8430813124108417
2016-05-04,0.0,0.7403708987161198
2016-05-05,0.05190311418685121,0.08273894436519258
2016-05-06,0.0657439446366782,0.034236804564907276
2016-05-08,0.0,0.06562054208273894
2016-05-09,0.0,0.06847360912981455
2016-05-10,0.09342560553633218,0.5106990014265336
2016-05-11,0.0,0.3609129814550642
2016-05-12,0.0,0.5092724679029957
2016-05-13,0.0034602076124567475,0.30527817403708984
2016-05-14,0.0,0.30099857346647646
2016-05-15,0.31141868512110726,0.45649072753209696
2016-05-16,0.01730103806228374,0.43509272467902993
2016-05-17,0.0,0.2838801711840228
2016-05-18,0.0,0.3209700427960057
2016-05-19,0.0,0.18830242510699
2016-05-20,0.0,0.3095577746077033
2016-05-21,0.0,0.3166904422253923
2016-05-22,0.0,0.20970042796005708
2016-05-23,0.0,0.3437945791726105
2016-05-24,0.2664359861591695,0.4194008559201141
2016-05-25,0.0,0.4293865905848787
2016-05-26,0.0,0.23395149786019975
2016-05-27,0.0,0.3594864479315264
2016-05-28,0.0,0.35805991440798857
2016-05-29,0.0,0.38944365192582026
2016-05-30,0.0,0.3152639087018545
2016-05-31,0.0,0.3181169757489301
2016-06-01,0.0,0.39087018544935803
2016-06-02,0.0,0.23965763195435097
2016-06-03,0.0,0.32667617689015693
2016-06-04,0.0,0.28530670470756064
2016-06-05,0.0,0.19258202567760344
2016-06-06,0.0,0.34950071326676174
2016-06-07,0.0,0.37660485021398
2016-06-08,0.0,0.3166904422253923
2016-06-09,0.0,0.3880171184022824
2016-06-10,0.0,0.30527817403708984
2016-06-11,0.020761245674740483,0.24251069900142658
2016-06-12,0.010380622837370242,0.3223965763195435
2016-06-13,0.0,0.3437945791726105
2016-06-14,0.0,0.39942938659058486
2016-06-15,0.10726643598615918,0.37089871611982883
2016-06-16,0.0,0.3666191155492154
2016-06-17,0.0,0.38373751783166904
2016-06-18,0.0,0.3851640513552068
2016-06-19,0.0,0.3195435092724679
2016-06-20,0.0,0.2796005706134094
2016-06-21,0.0,0.17261055634807418
2016-06-22,0.21107266435986158,0.3409415121255349
2016-06-23,0.0,0.24393723252496433
2016-06-24,0.02422145328719723,0.3309557774607703
2016-06-25,0.0,0.4008559201141227
2016-06-26,0.0,0.43794579172610554
2016-06-27,0.0,0.362339514978602
2016-06-28,0.0,0.29243937232524964
2016-06-29,0.0,0.34950071326676174
2016-06-30,0.0,0.4322396576319543
2016-07-01,0.7508650519031141,0.34522111269614836
2016-07-03,0.0,0.19258202567760344
2016-07-04,0.2041522491349481,0.4864479315263908
2016-07-05,0.6955017301038062,0.4664764621968616
2016-07-07,0.0,0.2639087018544936
2016-07-08,0.0,0.25677603423680456
2016-07-09,0.0,0.3723252496433666
2016-07-10,0.0,0.29814550641940085
2016-07-11,0.0,0.16119828815977175
2016-07-12,0.020761245674740483,0.362339514978602
2016-07-13,0.0,0.2867332382310984
2016-07-14,0.0,0.369472182596291
2016-07-15,0.010380622837370242,0.38659058487874465
2016-07-16,0.3217993079584775,0.5263908701854494
2016-07-17,0.01730103806228374,0.3751783166904422
2016-07-18,0.0,0.29814550641940085
2016-07-19,0.0,0.19828815977175465
2016-07-20,0.0,0.3124108416547789
2016-07-21,0.0,0.3637660485021398
2016-07-22,0.0,0.24251069900142658
2016-07-23,0.0034602076124567475,0.21968616262482168
2016-07-24,0.0034602076124567475,0.34236804564907275
2016-07-25,0.0,0.2325249643366619
2016-07-26,0.0,0.4008559201141227
2016-07-27,0.0034602076124567475,0.43366619115549215
2016-07-28,0.0,0.31098430813124106
2016-07-29,0.4117647058823529,0.25106990014265335
2016-07-30,0.0034602076124567475,0.28815977175463625
2016-07-31,0.0,0.11269614835948645
2016-08-01,0.0,0.3437945791726105
2016-08-02,0.01384083044982699,0.09272467902995721
2016-08-03,0.0,0.2225392296718973
2016-08-04,0.0,0.2282453637660485
2016-08-05,0.0,0.23965763195435097
2016-08-06,0.0,0.30099857346647646
2016-08-07,0.0,0.2667617689015692
2016-08-08,0.0,0.4165477888730385
2016-08-09,0.006920415224913495,0.3181169757489301
2016-08-10,0.0,0.26961483594864477
2016-08-11,0.0,0.34236804564907275
2016-08-12,0.0,0.35805991440798857
2016-08-13,0.0,0.3723252496433666
2016-08-14,0.0,0.22111269614835946
2016-08-15,0.0,0.33951497860199714
2016-08-16,0.0034602076124567475,0.2838801711840228
2016-08-17,0.0,0.2524964336661912
2016-08-18,0.0,0.25962910128388017
2016-08-19,0.07958477508650519,0.19971469329529243
2016-08-20,0.0,0.2325249643366619
2016-08-21,0.0,0.2667617689015692
2016-08-22,0.0,0.2125534950071327
2016-08-23,0.05536332179930796,0.37089871611982883
2016-08-24,0.0,0.2867332382310984
2016-08-25,0.031141868512110725,0.5563480741797432
2016-08-26,0.1384083044982699,0.680456490727532
2016-08-27,0.0,0.47503566333808844
2016-08-28,0.010380622837370242,0.4179743223965763
2016-08-29,0.0,0.3851640513552068
2016-08-30,0.0,0.5848787446504993
2016-08-31,0.12110726643598616,0.5592011412268189
2016-09-01,0.0,0.6262482168330955
2016-09-02,0.031141868512110725,0.2967189728958631
2016-09-03,0.0034602076124567475,0.32667617689015693
2016-09-04,0.0,0.1940085592011412
2016-09-05,0.0,0.2867332382310984
2016-09-06,0.0,0.20684736091298148
2016-09-07,0.0,0.3152639087018545
2016-09-10,0.0,0.26961483594864477
2016-09-11,0.0,0.23965763195435097
2016-09-12,0.01730103806228374,0.2624821683309558
2016-09-13,0.0,0.2624821683309558
2016-09-14,0.0,0.20827389443651925
2016-09-15,0.0,0.12125534950071326
2016-09-16,0.0,0.23965763195435097
2016-09-17,0.04844290657439446,0.44079885877318115
2016-09-18,0.0,0.43794579172610554
2016-09-19,0.0,0.49643366619115553
2016-09-20,0.0,0.43794579172610554
2016-09-21,0.0,0.30099857346647646
2016-09-22,0.0,0.3252496433666191
2016-09-23,0.0,0.20970042796005708
2016-09-24,0.0,0.09700427960057062
2016-09-25,0.0,0.07988587731811699
2016-09-26,0.0,0.19543509272467904
2016-09-27,0.09342560553633218,0.17689015691868762
2016-09-28,0.0034602076124567475,0.24108416547788872
2016-09-30,0.0,0.25962910128388017
2016-10-01,0.0,0.18259629101283878
2016-10-02,0.12802768166089964,0.44793152639087014
2016-10-03,0.04498269896193772,0.4094151212553495
2016-10-04,0.0,0.4522111269614836
2016-10-05,0.0,0.5292439372325249
2016-10-07,0.01384083044982699,0.39229671897289586
2016-10-08,0.04152249134948097,0.47218259629101283
2016-10-09,0.0,0.43081312410841655
2016-10-10,0.0,0.20399429386590587
2016-10-11,0.0,0.14978601997146931
2016-10-12,0.0,0.3181169757489301
2016-10-13,0.0,0.2624821683309558
2016-10-14,0.0,0.1783166904422254
2016-10-15,0.0,0.174037089871612
2016-10-16,0.010380622837370242,0.19828815977175465
2016-10-17,0.0,0.43366619115549215
2016-10-19,0.0,0.09415121255349501
2016-10-20,0.0,0.4222539229671897
2016-10-21,0.0,0.4793152639087018
2016-10-22,0.0,0.2482168330955778
2016-10-23,0.01730103806228374,0.5820256776034237
2016-10-24,0.0,0.39514978601997147
2016-10-25,0.2560553633217993,0.3823109843081312
2016-10-26,0.0,0.2653352353780314
2016-10-28,0.0,0.2253922967189729
2016-10-29,0.0,0.4222539229671897
2016-10-30,0.0,0.22967189728958629
2016-10-31,0.0034602076124567475,0.442225392296719
2016-11-01,0.0,0.4864479315263908
2016-11-02,0.0,0.11412268188302425
2016-11-03,0.0,0.0912981455064194
2016-11-04,0.0,0.5035663338088445
2016-11-05,0.0,0.3609129814550642
2016-11-06,0.0,0.5021398002853067
2016-11-07,0.03806228373702422,0.35235378031383735
2016-11-08,0.0034602076124567475,0.5078459343794579
2016-11-09,0.0,0.2282453637660485
2016-11-10,0.0,0.2838801711840228
2016-11-11,0.02768166089965398,0.38088445078459343
2016-11-12,0.0,0.2710413694721826
2016-11-13,0.0034602076124567475,0.29101283880171186
2016-11-14,0.010380622837370242,0.21968616262482168
2016-11-15,0.0,0.4208273894436519
2016-11-16,0.0,0.3067047075606277
2016-11-17,0.0,0.07417974322396577
2016-11-18,0.0,0.3152639087018545
2016-11-19,0.0,0.35805991440798857
2016-11-20,0.0,0.3980028530670471
2016-11-21,0.0,0.2767475035663338
2016-11-22,0.0,0.5677603423680456
2016-11-23,0.0,0.4179743223965763
2016-11-24,0.0,0.3794579172610556
2016-11-25,0.0,0.1326676176890157
2016-11-26,0.006920415224913495,0.32667617689015693
2016-11-28,0.0,0.33808844507845937
2016-11-29,0.0,0.268188302425107
2016-11-30,0.006920415224913495,0.23109843081312412
2016-12-01,0.0,0.6005706134094151
2016-12-02,0.0,0.34807417974322397
2016-12-03,0.0,0.09557774607703282
2016-12-04,0.0,0.17974322396576317
2016-12-05,0.010380622837370242,0.5320970042796006
2016-12-06,0.0,0.41226818830242506
2016-12-08,0.020761245674740483,0.3067047075606277
2016-12-09,0.020761245674740483,0.5263908701854494
2016-12-10,0.0,0.2710413694721826
2016-12-11,0.0,0.15121255349500715
2016-12-12,0.0,0.30385164051355207
2016-12-13,0.0,0.3880171184022824
2016-12-14,0.0,0.3980028530670471
2016-12-15,0.0,0.4864479315263908
2016-12-16,0.0,0.3024251069900143
2016-12-17,0.0,0.3537803138373752
2016-12-18,0.0,0.2838801711840228
2016-12-19,0.0,0.47218259629101283
2016-12-20,0.0,0.03851640513552069
2016-12-21,0.20069204152249134,0.6105563480741798
2016-12-22,0.16262975778546712,0.5634807417974322
2016-12-23,0.0,0.5763195435092725
2016-12-24,0.0,0.19543509272467904
2016-12-25,0.0,0.2653352353780314
2016-12-26,0.0,0.09415121255349501
2016-12-27,0.0,0.5335235378031383
2016-12-28,0.0,0.33238231098430815
2016-12-30,0.0,0.14550641940085593
2016-12-31,0.0,0.23965763195435097
2017-01-01,0.0,0.25392296718972895
2017-01-02,0.0,0.4037089871611983
2017-01-03,0.0,0.2738944365192582
2017-01-04,0.0,0.08416547788873038
2017-01-05,0.0,0.5534950071326676
2017-01-06,0.0,0.49786019971469325
2017-01-07,0.0,0.07988587731811699
2017-01-08,0.0,0.49928673323823114
2017-01-09,0.0,0.47503566333808844
2017-01-10,0.0,0.45078459343794575
2017-01-11,0.0,0.31383737517831667
2017-01-12,0.0,0.5620542082738944
2017-01-14,0.0,0.5777460770328102
2017-01-15,0.0,0.3823109843081312
2017-01-16,0.0,0.1312410841654779
2017-01-17,0.0,0.16975748930099857
2017-01-18,0.0,0.1783166904422254
2017-01-19,0.0,0.362339514978602
2017-01-20,0.01730103806228374,0.5820256776034237
2017-01-22,0.0,0.5734664764621968
2017-01-23,0.0,0.3594864479315264
2017-01-24,0.0,0.3238231098430813
2017-01-25,0.0,0.17261055634807418
2017-01-26,0.0,0.2253922967189729
2017-01-27,0.020761245674740483,0.45078459343794575
2017-01-28,0.0,0.24679029957203996
2017-01-29,0.02422145328719723,0.2482168330955778
2017-01-30,0.0,0.5049928673323824
2017-01-31,0.0,0.2738944365192582
2017-02-01,0.0,0.4621968616262482
2017-02-02,0.0,0.3024251069900143
2017-02-03,0.0,0.2382310984308131
2017-02-04,0.0,0.3166904422253923
2017-02-05,0.0034602076124567475,0.2995720399429387
2017-02-06,0.0,0.45078459343794575
2017-02-07,0.0,0.24108416547788872
2017-02-08,0.0,0.2867332382310984
2017-02-09,0.0,0.5192582025677603
2017-02-10,0.0,0.5691868758915835
2017-02-11,0.0,0.44935805991440797
2017-02-12,0.0,0.26961483594864477
2017-02-13,0.0,0.08701854493580599
2017-02-14,0.0,0.4165477888730385
2017-02-15,0.0,0.11697574893009985
2017-02-16,0.0,0.11982881597717546
2017-02-17,0.02768166089965398,0.5748930099857347
2017-02-18,0.0,0.43794579172610554
2017-02-19,0.006920415224913495,0.3409415121255349
2017-02-20,0.0034602076124567475,0.7318116975748931
2017-02-21,0.0,0.21968616262482168
2017-02-23,0.0,0.6148359486447931
2017-02-24,0.0,0.289586305278174
2017-02-25,0.0,0.23395149786019975
2017-02-27,0.0,0.2482168330955778
2017-02-28,0.0,0.23395149786019975
2017-03-01,0.03460207612456748,0.17974322396576317
2017-03-03,0.0,0.30527817403708984
2017-03-04,0.0,0.16405135520684735
2017-03-05,0.0034602076124567475,0.2767475035663338
2017-03-06,0.0,0.6105563480741798
2017-03-07,0.0,0.5592011412268189
2017-03-08,0.0,0.4136947218259629
2017-03-09,0.0,0.362339514978602
2017-03-10,0.0,0.39942938659058486
2017-03-11,0.0,0.30813124108416545
2017-03-12,0.0,0.3794579172610556
2017-03-13,0.0,0.3609129814550642
2017-03-14,0.0,0.5092724679029957
2017-03-15,0.0,0.3594864479315264
2017-03-16,0.0,0.39657631954350925
2017-03-17,0.0,0.32667617689015693
2017-03-18,0.0,0.4108416547788873
2017-03-19,0.0,0.1469329529243937
2017-03-20,0.0,0.25962910128388017
2017-03-21,0.0,0.3594864479315264
2017-03-22,0.0,0.3851640513552068
2017-03-23,0.0,0.3594864479315264
2017-03-24,0.0,0.3651925820256776
2017-03-25,0.0,0.24108416547788872
2017-03-26,0.0,0.3651925820256776
2017-03-27,0.0,0.3780313837375178
2017-03-28,0.0,0.3166904422253923
2017-03-29,0.0,0.37660485021398
2017-03-30,0.0,0.2639087018544936
2017-03-31,0.010380622837370242,0.37660485021398
2017-04-01,0.006920415224913495,0.39942938659058486
2017-04-02,0.0,0.0884450784593438
2017-04-03,0.0,0.39372325249643364
2017-04-04,0.0,0.45078459343794575
2017-04-05,0.25951557093425603,0.4621968616262482
2017-04-06,0.020761245674740483,0.43509272467902993
2017-04-07,0.0,0.39087018544935803
2017-04-08,0.0034602076124567475,0.3594864479315264
2017-04-10,0.0,0.5021398002853067
2017-04-11,0.0,0.45934379457917257
2017-04-12,0.0,0.5164051355206848
2017-04-13,0.0,0.5035663338088445
2017-04-14,0.04152249134948097,0.48930099857346643
2017-04-15,0.0,0.3409415121255349
2017-04-16,0.0,0.11554921540656206
2017-04-17,0.03806228373702422,0.4136947218259629
2017-04-18,0.05190311418685121,0.45649072753209696
2017-04-19,0.0,0.40228245363766046
2017-04-20,0.0,0.38944365192582026
2017-04-21,0.0,0.37375178316690444
2017-04-22,0.0,0.5206847360912982
2017-04-23,0.0,0.3651925820256776
2017-04-24,0.0,0.24679029957203996
2017-04-25,0.0,0.543509272467903
2017-04-26,0.0,0.4108416547788873
2017-04-27,0.0,0.362339514978602
2017-04-28,0.0,0.5592011412268189
2017-04-29,0.0,0.5106990014265336
2017-04-30,0.0,0.43651925820256776
2017-05-01,0.0,0.3651925820256776
2017-05-02,0.0,0.4522111269614836
2017-05-03,0.0,0.5178316690442225
2017-05-04,0.0,0.4051355206847361
2017-05-05,0.0,0.44793152639087014
2017-05-06,0.0,0.6975748930099858
2017-05-07,0.0,0.4650499286733238
2017-05-08,0.0,0.2624821683309558
2017-05-09,0.01730103806228374,0.23965763195435097
2017-05-10,0.01730103806228374,0.442225392296719
2017-05-11,0.0,0.2667617689015692
2017-05-12,0.0,0.37660485021398
2017-05-13,0.04152249134948097,0.5164051355206848
2017-05-14,0.0,0.5763195435092725
2017-05-15,0.0,0.3751783166904422
2017-05-16,0.0,0.29243937232524964
2017-05-17,0.0,0.4108416547788873
2017-05-18,0.0,0.4008559201141227
2017-05-19,0.0,0.34522111269614836
2017-05-20,0.0,0.34522111269614836
2017-05-21,0.0,0.3666191155492154
2017-05-22,0.0,0.26961483594864477
2017-05-23,0.03460207612456748,0.34522111269614836
2017-05-24,0.0,0.32667617689015693
2017-05-25,0.0,0.33238231098430815
2017-05-26,0.0,0.5520684736091298
2017-05-27,0.0,0.4450784593437946
2017-05-28,0.0,0.45934379457917257
2017-05-29,0.0,0.4136947218259629
2017-05-30,0.0,0.3666191155492154
2017-05-31,0.0,0.3252496433666191
2017-06-01,0.0,0.4051355206847361
2017-06-02,0.0,0.5378031383737518
2017-06-03,0.0,0.4008559201141227
2017-06-04,0.0,0.4522111269614836
2017-06-05,0.0,0.21825962910128385
2017-06-06,0.10726643598615918,0.3309557774607703
2017-06-07,0.08650519031141868,0.4607703281027104
2017-06-08,0.0,0.3751783166904422
2017-06-09,0.0,0.5677603423680456
2017-06-10,0.031141868512110725,0.32667617689015693
2017-06-11,0.0,0.16405135520684735
2017-06-12,0.0,0.4165477888730385
2017-06-13,0.0,0.4108416547788873
2017-06-14,0.0,0.5106990014265336
2017-06-15,0.0,0.3851640513552068
2017-06-16,0.0,0.369472182596291
2017-06-17,0.0,0.33238231098430815
2017-06-18,0.0,0.3067047075606277
2017-06-19,0.0,0.2667617689015692
2017-06-20,0.0,0.37089871611982883
2017-06-21,0.0,0.43794579172610554
2017-06-22,0.0,0.4136947218259629
2017-06-23,0.0,0.31098430813124106
2017-06-24,0.02422145328719723,0.06562054208273894
2017-06-25,0.010380622837370242,0.30527817403708984
2017-06-26,0.20069204152249134,0.30527817403708984
2017-06-27,0.0,0.24679029957203996
2017-06-28,0.0,0.39372325249643364
2017-06-29,0.0,0.4236804564907275
2017-06-30,0.0,0.3880171184022824
2017-07-01,0.0034602076124567475,0.23680456490727536
2017-07-02,0.6366782006920415,0.38088445078459343
2017-07-03,0.4671280276816609,0.557774607703281
2017-07-04,0.0034602076124567475,0.35520684736091296
2017-07-05,0.0,0.24679029957203996
2017-07-06,0.23529411764705882,0.33666191155492153
2017-07-07,0.11418685121107267,0.20970042796005708
2017-07-08,0.031141868512110725,0.41226818830242506
2017-07-09,0.22491349480968859,0.16690442225392296
2017-07-10,1.0,0.45078459343794575
2017-07-11,0.006920415224913495,0.2767475035663338
2017-07-12,0.0,0.3823109843081312
2017-07-13,0.0,0.28815977175463625
2017-07-14,0.0,0.3409415121255349
2017-07-15,0.29411764705882354,0.29529243937232524
2017-07-16,0.15570934256055363,0.22396576319543507
2017-07-17,0.05190311418685121,0.2667617689015692
2017-07-18,0.01730103806228374,0.3609129814550642
2017-07-19,0.0,0.2710413694721826
2017-07-20,0.0,0.3223965763195435
2017-07-21,0.0,0.38088445078459343
2017-07-22,0.0034602076124567475,0.33523537803138376
2017-07-23,0.9238754325259516,0.3124108416547789
2017-07-24,0.020761245674740483,0.1911554921540656
2017-07-25,0.0,0.3823109843081312
2017-07-26,0.0,0.3980028530670471
2017-07-27,0.02422145328719723,0.28815977175463625
2017-07-28,0.058823529411764705,0.22111269614835946
2017-07-29,0.0,0.30385164051355207
2017-07-30,0.0,0.3594864479315264
2017-07-31,0.02422145328719723,0.19258202567760344
2017-08-01,0.01384083044982699,0.2382310984308131
2017-08-02,0.0,0.19828815977175465
2017-08-03,0.0,0.43651925820256776
2017-08-04,0.0,0.2582025677603424
2017-08-05,0.0,0.24251069900142658
2017-08-06,0.03460207612456748,0.24964336661911557
2017-08-07,0.0,0.35235378031383735
2017-08-08,0.0,0.289586305278174
2017-08-09,0.01730103806228374,0.362339514978602
2017-08-10,0.03806228373702422,0.268188302425107
2017-08-11,0.0034602076124567475,0.3309557774607703
2017-08-12,0.0,0.32667617689015693
2017-08-13,0.0,0.39514978601997147
2017-08-14,0.010380622837370242,0.5221112696148359
2017-08-15,0.6470588235294118,0.5534950071326676
2017-08-16,0.01384083044982699,0.5335235378031383
2017-08-17,0.0034602076124567475,0.4094151212553495
2017-08-18,0.0,0.1312410841654779
2017-08-19,0.0,0.3024251069900143
2017-08-20,0.8615916955017301,0.4650499286733238
2017-08-21,0.03460207612456748,0.39372325249643364
2017-08-22,0.0,0.2767475035663338
2017-08-23,0.2179930795847751,0.6633380884450784
2017-08-24,0.09688581314878893,0.6647646219686163
2017-08-25,0.0,0.3566333808844508
2017-08-26,0.0,0.30385164051355207
2017-08-27,0.0,0.2253922967189729
2017-08-28,0.06228373702422145,0.1683309557774608
2017-08-29,0.0,0.49500713266761764
2017-08-30,0.0,0.275320970042796
2017-08-31,0.0,0.05420827389443652
2017-09-01,0.0,0.29243937232524964
2017-09-02,0.0,0.2967189728958631
2017-09-03,0.0,0.28530670470756064
2017-09-04,0.0,0.2382310984308131
2017-09-05,0.0,0.2582025677603424
2017-09-06,0.01384083044982699,0.09415121255349501
2017-09-07,0.0,0.2624821683309558
2017-09-08,0.0,0.3338088445078459
2017-09-09,0.0,0.05420827389443652
2017-09-10,0.0034602076124567475,0.20684736091298148
2017-09-11,0.16608996539792387,0.3124108416547789
2017-09-12,0.0,0.4236804564907275
2017-09-13,0.0,0.2653352353780314
2017-09-14,0.0,0.2867332382310984
2017-09-15,0.0,0.49786019971469325
2017-09-16,0.0,0.5064194008559201
2017-09-17,0.0,0.3751783166904422
2017-09-18,0.0,0.44079885877318115
2017-09-19,0.05536332179930796,0.5677603423680456
2017-09-21,0.0,0.2582025677603424
2017-09-22,0.0,0.2796005706134094
2017-09-23,0.0,0.16405135520684735
2017-09-24,0.0,0.24536376604850219
2017-09-25,0.0,0.21540656205420824
2017-09-26,0.0,0.2838801711840228
2017-09-28,0.0,0.44793152639087014
2017-09-29,0.0,0.3723252496433666
2017-09-30,0.0,0.09557774607703282
2017-10-01,0.02768166089965398,0.37660485021398
2017-10-02,0.010380622837370242,0.39229671897289586
2017-10-03,0.0,0.3723252496433666
2017-10-04,0.0,0.18259629101283878
2017-10-05,0.0,0.35520684736091296
2017-10-06,0.0034602076124567475,0.3281027104136947
2017-10-07,0.0,0.2282453637660485
2017-10-08,0.0,0.1469329529243937
2017-10-09,0.0,0.2382310984308131
2017-10-10,0.0,0.07275320970042796
2017-10-11,0.1384083044982699,0.38088445078459343
2017-10-13,0.0,0.44935805991440797
2017-10-14,0.0,0.09700427960057062
2017-10-15,0.0,0.3124108416547789
2017-10-16,0.0,0.30813124108416545
2017-10-17,0.0,0.07275320970042796
2017-10-18,0.0,0.3823109843081312
2017-10-19,0.0,0.3238231098430813
2017-10-20,0.0,0.07560627674750357
2017-10-21,0.0,0.07275320970042796
2017-10-23,0.0,0.18972895863052783
2017-10-24,0.0,0.34236804564907275
2017-10-25,0.0,0.04992867332382311
2017-10-26,0.0,0.08416547788873038
2017-10-27,0.0,0.1854493580599144
2017-10-28,0.0,0.2524964336661912
2017-10-29,0.0,0.5920114122681882
2017-10-30,0.0,0.32667617689015693
2017-10-31,0.0,0.15263908701854492
2017-11-01,0.0,0.275320970042796
2017-11-02,0.006920415224913495,0.2653352353780314
2017-11-03,0.010380622837370242,0.5121255349500713
2017-11-04,0.0,0.3823109843081312
2017-11-06,0.0,0.21398002853067047
2017-11-07,0.0,0.2796005706134094
2017-11-08,0.0,0.4079885877318117
2017-11-09,0.0,0.16975748930099857
2017-11-10,0.05190311418685121,0.1326676176890157
2017-11-11,0.0,0.29529243937232524
2017-11-12,0.0,0.22967189728958629
2017-11-13,0.031141868512110725,0.22111269614835946
2017-11-14,0.0,0.44793152639087014
2017-11-15,0.0,0.4265335235378031
2017-11-16,0.0,0.2639087018544936
2017-11-17,0.0,0.3338088445078459
2017-11-18,0.0,0.5877318116975749
2017-11-19,0.0,0.28530670470756064
2017-11-20,0.0,0.1783166904422254
2017-11-22,0.0034602076124567475,0.268188302425107
2017-11-23,0.0,0.3252496433666191
2017-11-25,0.16608996539792387,0.28815977175463625
2017-11-27,0.0,0.14835948644793154
2017-11-28,0.0034602076124567475,0.16690442225392296
2017-11-29,0.0,0.47788873038516405
2017-11-30,0.0,0.5292439372325249
2017-12-01,0.0,0.19686162624821682
2017-12-03,0.02768166089965398,0.21825962910128385
2017-12-04,0.0,0.5549215406562054
2017-12-06,0.0034602076124567475,0.18830242510699
2017-12-08,0.0,0.2810271041369472
2017-12-09,0.0,0.12125534950071326
2017-12-11,0.0,0.4522111269614836
2017-12-12,0.0,0.3680456490727532
2017-12-13,0.0,0.32952924393723254
2017-12-14,0.0,0.10413694721825963
2017-12-15,0.0,0.07132667617689016
2017-12-16,0.0,0.3666191155492154
2017-12-17,0.0,0.2738944365192582
2017-12-19,0.0,0.24679029957203996
2017-12-22,0.0,0.11697574893009985
2017-12-23,0.0,0.15977175463623397
2017-12-24,0.1384083044982699,0.4664764621968616
2017-12-25,0.0,0.3980028530670471
2017-12-26,0.0,0.39514978601997147
2017-12-27,0.0,0.3195435092724679
2017-12-28,0.0,0.1754636233951498
2017-12-29,0.0,0.21683309557774608
2017-12-30,0.006920415224913495,0.08131241084165478
2018-01-01,0.0,0.14122681883024252
2018-01-02,0.0,0.35805991440798857
2018-01-03,0.0,0.2995720399429387
2018-01-05,0.0,0.23680456490727536
2018-01-06,0.0,0.2353780313837375
2018-01-07,0.0,0.09985734664764621
2018-01-08,0.0,0.3637660485021398
2018-01-09,0.0,0.42796005706134094
2018-01-10,0.0,0.5534950071326676
2018-01-11,0.0,0.4165477888730385
2018-01-12,0.0,0.25392296718972895
2018-01-13,0.0,0.09985734664764621
2018-01-14,0.0,0.15834522111269614
2018-01-15,0.0,0.19828815977175465
2018-01-16,0.0,0.08131241084165478
2018-01-17,0.0,0.2553495007132668
2018-01-18,0.0,0.25392296718972895
2018-01-19,0.0,0.21398002853067047
2018-01-20,0.0,0.34807417974322397
2018-01-21,0.0,0.1711840228245364
2018-01-24,0.0,0.5349500713266762
2018-01-25,0.0,0.41226818830242506
2018-01-27,0.0,0.275320970042796
2018-01-28,0.0,0.34236804564907275
2018-01-29,0.0,0.3780313837375178
2018-01-30,0.0034602076124567475,0.2667617689015692
2018-02-01,0.0,0.2767475035663338
2018-02-02,0.0,0.2624821683309558
2018-02-04,0.0,0.38373751783166904
2018-02-05,0.0,0.5378031383737518
2018-02-06,0.0,0.4579172610556348
2018-02-07,0.0,0.23395149786019975
2018-02-08,0.0,0.07560627674750357
2018-02-09,0.0,0.09700427960057062
2018-02-10,0.0,0.41226818830242506
2018-02-11,0.0,0.39372325249643364
2018-02-12,0.0,0.3794579172610556
2018-02-13,0.0,0.24964336661911557
2018-02-14,0.0,0.44365192582025675
2018-02-15,0.0,0.3609129814550642
2018-02-16,0.0,0.33951497860199714
2018-02-17,0.0,0.4094151212553495
2018-02-18,0.0,0.18972895863052783
2018-02-19,0.0,0.19543509272467904
2018-02-20,0.0,0.3024251069900143
2018-02-21,0.0,0.3609129814550642
2018-02-22,0.0,0.4621968616262482
2018-02-24,0.0,0.3281027104136947
2018-02-25,0.0,0.3281027104136947
2018-02-26,0.0,0.18972895863052783
2018-02-27,0.0,0.1383737517831669
2018-02-28,0.17301038062283736,0.275320970042796
2018-03-01,0.0034602076124567475,0.4679029957203994
2018-03-02,0.0,0.2767475035663338
2018-03-03,0.0,0.31098430813124106
2018-03-04,0.07958477508650519,0.1911554921540656
2018-03-05,0.02422145328719723,0.2710413694721826
2018-03-06,0.0,0.08701854493580599
2018-03-07,0.0034602076124567475,0.2225392296718973
2018-03-08,0.02768166089965398,0.30099857346647646
2018-03-09,0.0,0.21540656205420824
2018-03-10,0.0,0.2995720399429387
2018-03-11,0.0,0.3124108416547789
2018-03-12,0.0,0.33666191155492153
2018-03-13,0.0,0.30813124108416545
2018-03-14,0.0,0.33238231098430815
2018-03-15,0.18685121107266436,0.3338088445078459
2018-03-16,0.0,0.3252496433666191
2018-03-17,0.0,0.3252496433666191
2018-03-18,0.0034602076124567475,0.22396576319543507
2018-03-19,0.006920415224913495,0.4194008559201141
2018-03-20,0.0,0.5278174037089871
2018-03-21,0.006920415224913495,0.24393723252496433
2018-03-22,0.0,0.31383737517831667
2018-03-23,0.0,0.2867332382310984
2018-03-24,0.0,0.3566333808844508
2018-03-25,0.0,0.25106990014265335
2018-03-26,0.0,0.31383737517831667
2018-03-27,0.0,0.2653352353780314
2018-03-28,0.0,0.31383737517831667
2018-03-29,0.0,0.30099857346647646
2018-03-30,0.0,0.28530670470756064
2018-03-31,0.0,0.289586305278174
2018-04-01,0.0,0.2624821683309558
2018-04-02,0.0,0.2724679029957204
2018-04-03,0.0,0.369472182596291
2018-04-04,0.12802768166089964,0.2667617689015692
2018-04-05,0.0726643598615917,0.3252496433666191
2018-04-07,0.0,0.5805991440798859
2018-04-08,0.020761245674740483,0.2524964336661912
2018-04-09,0.0,0.08559201141226819
2018-04-10,0.03460207612456748,0.8045649072753209
2018-04-12,0.0,0.34236804564907275
2018-04-13,0.0,0.1340941512125535
2018-04-14,0.06228373702422145,0.4094151212553495
2018-04-15,0.0,0.3794579172610556
2018-04-16,0.0,0.2867332382310984
2018-04-17,0.0,0.4265335235378031
2018-04-18,0.0,0.25392296718972895
2018-04-19,0.0,0.3209700427960057
2018-04-20,0.0,0.05991440798858774
2018-04-21,0.0,0.3024251069900143
2018-04-22,0.10726643598615918,0.1469329529243937
2018-04-23,0.4083044982698962,0.3252496433666191
2018-04-24,0.020761245674740483,0.20399429386590587
2018-04-25,0.0,0.4179743223965763
2018-04-26,0.0,0.3181169757489301
2018-04-27,0.0,0.2667617689015692
2018-04-28,0.0,0.2796005706134094
2018-04-29,0.0,0.35805991440798857
2018-04-30,0.0,0.289586305278174
2018-05-01,0.0,0.2125534950071327
2018-05-02,0.08304498269896193,0.4165477888730385
2018-05-03,0.006920415224913495,0.34950071326676174
2018-05-04,0.0,0.4051355206847361
2018-05-05,0.0,0.4293865905848787
2018-05-06,0.1522491349480969,0.11412268188302425
2018-05-07,0.0,0.22681883024251068
2018-05-08,0.0,0.2639087018544936
2018-05-09,0.0,0.29386590584878747
2018-05-10,0.0,0.37660485021398
2018-05-11,0.0,0.25962910128388017
2018-05-12,0.22145328719723184,0.09985734664764621
2018-05-13,0.0034602076124567475,0.3095577746077033
2018-05-14,0.0,0.2582025677603424
2018-05-15,0.0,0.11126961483594865
2018-05-16,0.31141868512110726,0.2838801711840228
2018-05-17,0.5743944636678201,0.2639087018544936
2018-05-18,0.04498269896193772,0.20256776034236804
2018-05-19,0.0,0.2325249643366619
2018-05-20,0.0,0.18259629101283878
2018-05-21,0.0,0.20827389443651925
2018-05-22,0.08650519031141868,0.1711840228245364
2018-05-23,0.04498269896193772,0.3067047075606277
2018-05-24,0.0,0.15549215406562053
2018-05-25,0.0,0.3209700427960057
2018-05-26,0.0,0.2482168330955778
2018-05-27,0.0,0.29101283880171186
2018-05-28,0.0,0.34807417974322397
2018-05-29,0.006920415224913495,0.33808844507845937
2018-05-31,0.0,0.33523537803138376
2018-06-01,0.0,0.33238231098430815
2018-06-02,0.0,0.28245363766048504
2018-06-03,0.0,0.3195435092724679
2018-06-04,0.0,0.2667617689015692
2018-06-05,0.0,0.23965763195435097
2018-06-06,0.0,0.34522111269614836
2018-06-07,0.0,0.2781740370898716
2018-06-08,0.0,0.3209700427960057
2018-06-09,0.0034602076124567475,0.16975748930099857
2018-06-10,0.0034602076124567475,0.1911554921540656
2018-06-11,0.03460207612456748,0.20970042796005708
2018-06-12,0.0,0.3338088445078459
2018-06-13,0.0,0.22681883024251068
2018-06-14,0.20069204152249134,0.15406562054208275
2018-06-15,0.11418685121107267,0.2125534950071327
2018-06-16,0.0,0.20114122681883026
2018-06-17,0.0,0.20256776034236804
2018-06-18,0.0,0.33951497860199714
2018-06-19,0.0,0.21825962910128385
2018-06-20,0.0,0.34950071326676174
2018-06-21,0.0,0.3067047075606277
2018-06-22,0.0,0.28530670470756064
2018-06-23,0.0,0.3594864479315264
2018-06-24,0.0,0.2767475035663338
2018-06-25,0.0,0.1711840228245364
2018-06-26,0.49480968858131485,0.44079885877318115
2018-06-27,0.006920415224913495,0.3181169757489301
2018-06-28,0.18339100346020762,0.20399429386590587
2018-06-29,0.04498269896193772,0.25106990014265335
2018-06-30,0.10034602076124567,0.09843081312410842
2018-07-01,0.5778546712802768,0.10556348074179743
2018-07-02,0.4117647058823529,0.10128388017118402
2018-07-03,0.0034602076124567475,0.1440798858773181
2018-07-04,0.0,0.3281027104136947
2018-07-05,0.0034602076124567475,0.15691868758915836
2018-07-06,0.0,0.2710413694721826
2018-07-07,0.0,0.21825962910128385
2018-07-08,0.0,0.18259629101283878
2018-07-09,0.09688581314878893,0.17261055634807418
2018-07-10,0.11418685121107267,0.14122681883024252
2018-07-11,0.020761245674740483,0.10556348074179743
2018-07-12,0.006920415224913495,0.24108416547788872
2018-07-13,0.0,0.22967189728958629
2018-07-14,0.0,0.2724679029957204
2018-07-15,0.0,0.30385164051355207
2018-07-16,0.0,0.2710413694721826
2018-07-17,0.0,0.2738944365192582
2018-07-18,0.0,0.2767475035663338
2018-07-19,0.0,0.28815977175463625
2018-07-20,0.0,0.29814550641940085
2018-07-21,0.0,0.21825962910128385
2018-07-22,0.0,0.2867332382310984
2018-07-23,0.0,0.24964336661911557
2018-07-24,0.0,0.34807417974322397
2018-07-25,0.0,0.2710413694721826
2018-07-26,0.0,0.29101283880171186
2018-07-27,0.0,0.33238231098430815
2018-07-28,0.05190311418685121,0.21398002853067047
2018-07-29,0.0,0.22967189728958629
2018-07-30,0.0,0.19686162624821682
2018-07-31,0.0,0.16262482168330958
2018-08-01,0.0,0.2967189728958631
2018-08-02,0.0,0.2810271041369472
2018-08-03,0.0,0.3666191155492154
2018-08-04,0.0,0.34522111269614836
2018-08-05,0.01384083044982699,0.4222539229671897
2018-08-06,0.04844290657439446,0.2524964336661912
2018-08-07,0.0,0.3409415121255349
2018-08-08,0.0,0.3680456490727532
2018-08-09,0.01384083044982699,0.261055634807418
2018-08-10,0.0,0.14122681883024252
2018-08-11,0.0,0.22967189728958629
2018-08-12,0.03460207612456748,0.25962910128388017
2018-08-13,0.006920415224913495,0.10556348074179743
2018-08-14,0.0,0.047075606276747506
2018-08-15,0.006920415224913495,0.11840228245363765
2018-08-16,0.0,0.19971469329529243
2018-08-17,0.0,0.2838801711840228
2018-08-18,0.0,0.21112696148359486
2018-08-19,0.0,0.12268188302425106
2018-08-20,0.0,0.4065620542082739
2018-08-21,0.03460207612456748,0.4679029957203994
2018-08-22,0.0,0.14550641940085593
2018-08-23,0.020761245674740483,0.289586305278174
2018-08-24,0.05190311418685121,0.3124108416547789
2018-08-25,0.0,0.4179743223965763
2018-08-26,0.01384083044982699,0.10699001426533523
2018-08-27,0.13494809688581316,0.1312410841654779
2018-08-28,0.6678200692041523,0.07417974322396577
2018-08-29,0.2906574394463668,0.44365192582025675
2018-08-30,0.0657439446366782,0.25392296718972895
2018-08-31,0.0,0.2838801711840228
2018-09-01,0.0,0.11269614835948645
2018-09-02,0.0,0.24251069900142658
2018-09-03,0.23875432525951557,0.1355206847360913
2018-09-05,0.0,0.463623395149786
2018-09-06,0.006920415224913495,0.43794579172610554
2018-09-07,0.0034602076124567475,0.37089871611982883
2018-09-08,0.0,0.3067047075606277
2018-09-09,0.0,0.16690442225392296
2018-09-10,0.0,0.25106990014265335
2018-09-11,0.0,0.2225392296718973
2018-09-12,0.0,0.21398002853067047
2018-09-13,0.0,0.18259629101283878
2018-09-14,0.0034602076124567475,0.19258202567760344
2018-09-15,0.0,0.15406562054208275
2018-09-16,0.01384083044982699,0.2624821683309558
2018-09-17,0.0,0.2639087018544936
2018-09-18,0.0,0.2767475035663338
2018-09-19,0.0,0.04850213980028531
2018-09-20,0.03460207612456748,0.25106990014265335
2018-09-21,0.1245674740484429,0.23109843081312412
2018-09-22,0.04498269896193772,0.29243937232524964
2018-09-23,0.0,0.34664764621968613
2018-09-24,0.0,0.30527817403708984
2018-09-25,0.0,0.12981455064194009
2018-09-26,0.0,0.22681883024251068
2018-09-27,0.0,0.1711840228245364
2018-09-28,0.0,0.18687589158345222
2018-09-29,0.0,0.12410841654778888
2018-09-30,0.0,0.5035663338088445
2018-10-01,0.0,0.44793152639087014
2018-10-02,0.0,0.2796005706134094
2018-10-03,0.0,0.12125534950071326
2018-10-04,0.0,0.15834522111269614
2018-10-05,0.25259515570934254,0.20114122681883026
2018-10-06,0.38408304498269896,0.34950071326676174
2018-10-07,0.0,0.19828815977175465
2018-10-08,0.0,0.1854493580599144
2018-10-09,0.0,0.16405135520684735
2018-10-10,0.04844290657439446,0.3780313837375178
2018-10-11,0.0,0.2553495007132668
2018-10-12,0.0,0.16405135520684735
2018-10-13,0.0,0.12268188302425106
2018-10-14,0.0,0.14122681883024252
2018-10-15,0.0,0.21683309557774608
2018-10-16,0.0,0.20684736091298148
2018-10-17,0.0,0.21683309557774608
2018-10-18,0.0,0.10841654778887304
2018-10-19,0.0,0.21968616262482168
2018-10-20,0.0,0.1440798858773181
2018-10-21,0.0,0.05420827389443652
2018-10-22,0.0,0.09843081312410842
2018-10-23,0.03460207612456748,0.11554921540656206
2018-10-24,0.0,0.21825962910128385
2018-10-25,0.0,0.15263908701854492
2018-10-26,0.07612456747404844,0.3252496433666191
2018-10-27,0.0,0.43081312410841655
2018-10-28,0.03806228373702422,0.25392296718972895
2018-10-29,0.0,0.3338088445078459
2018-10-30,0.0,0.2710413694721826
2018-10-31,0.0,0.25392296718972895
2018-11-01,0.0,0.1940085592011412
2018-11-02,0.0,0.12125534950071326
2018-11-03,0.0,0.1440798858773181
2018-11-04,0.0,0.06419400855920114
2018-11-05,0.0,0.22396576319543507
2018-11-06,0.0,0.15121255349500715
2018-11-07,0.01384083044982699,0.1683309557774608
2018-11-08,0.4429065743944637,0.25962910128388017
2018-11-09,0.006920415224913495,0.42510699001426533
2018-11-10,0.0,0.2524964336661912
2018-11-11,0.0,0.15549215406562053
2018-11-12,0.0,0.181169757489301
2018-11-13,0.0,0.174037089871612
2018-11-14,0.0,0.20827389443651925
2018-11-15,0.0,0.12125534950071326
2018-11-16,0.0,0.11126961483594865
2018-11-17,0.0,0.19971469329529243
2018-11-18,0.0,0.03994293865905849
2018-11-19,0.0,0.05991440798858774
2018-11-20,0.0,0.14835948644793154
2018-11-21,0.006920415224913495,0.21398002853067047
2018-11-22,0.0,0.3851640513552068
2018-11-23,0.0,0.20399429386590587
2018-11-24,0.08304498269896193,0.2667617689015692
2018-11-25,0.0,0.1398002853067047
2018-11-26,0.0,0.1654778887303852
2018-11-27,0.0,0.11982881597717546
2018-11-28,0.0,0.1911554921540656
2018-11-29,0.0,0.15691868758915836
2018-11-30,0.0,0.2738944365192582
2018-12-01,0.0,0.1398002853067047
2018-12-02,0.0,0.20399429386590587
2018-12-03,0.0657439446366782,0.18830242510699
2018-12-04,0.03460207612456748,0.34950071326676174
2018-12-05,0.0,0.29101283880171186
2018-12-06,0.0,0.37375178316690444
2018-12-07,0.0,0.5863052781740371
2018-12-08,0.0,0.3594864479315264
2018-12-09,0.0,0.2667617689015692
2018-12-10,0.0,0.15121255349500715
2018-12-11,0.0,0.1398002853067047
2018-12-12,0.0,0.3338088445078459
2018-12-13,0.0034602076124567475,0.5891583452211127
2018-12-14,0.0,0.2353780313837375
2018-12-15,0.0,0.11126961483594865
2018-12-16,0.0,0.14835948644793154
2018-12-17,0.0,0.07417974322396577
2018-12-18,0.0,0.25962910128388017
2018-12-19,0.0,0.19686162624821682
2018-12-20,0.0,0.06990014265335236
2018-12-21,0.0,0.14122681883024252
2018-12-22,0.0,0.24964336661911557
2018-12-23,0.0,0.39087018544935803
2018-12-24,0.0,0.28815977175463625
2018-12-25,0.0,0.16262482168330958
2018-12-26,0.0,0.44650499286733236
2018-12-27,0.0,0.536376604850214
2018-12-28,0.0,0.43081312410841655
2018-12-29,0.0,0.45363766048502135
2018-12-30,0.0,0.1340941512125535
2018-12-31,0.0,0.07703281027104138
2019-01-01,0.0,0.3281027104136947
2019-01-02,0.0,0.2253922967189729
2019-01-03,0.0,0.20256776034236804
2019-01-04,0.0,0.08273894436519258
2019-01-05,0.0,0.3651925820256776
2019-01-06,0.0,0.21825962910128385
2019-01-07,0.0,0.21540656205420824
2019-01-08,0.0,0.3823109843081312
2019-01-09,0.0,0.20970042796005708
2019-01-10,0.0,0.2353780313837375
2019-01-11,0.0,0.12125534950071326
2019-01-12,0.0,0.24251069900142658
2019-01-13,0.0,0.2524964336661912
2019-01-14,0.0,0.1783166904422254
2019-01-15,0.0,0.3680456490727532
2019-01-16,0.0,0.3281027104136947
2019-01-17,0.0,0.29529243937232524
2019-01-18,0.0,0.18259629101283878
2019-01-19,0.0,0.16405135520684735
2019-01-20,0.0,0.44793152639087014
2019-01-21,0.0,0.23395149786019975
2019-01-22,0.0,0.24536376604850219
2019-01-23,0.0,0.20542082738944364
2019-01-24,0.0,0.2710413694721826
2019-01-25,0.0,0.2967189728958631
2019-01-26,0.0,0.4008559201141227
2019-01-27,0.0,0.30099857346647646
2019-01-28,0.0,0.49643366619115553
2019-01-29,0.0,0.24393723252496433
2019-01-30,0.0,0.24536376604850219
2019-01-31,0.0,0.4094151212553495
2019-02-01,0.0,0.261055634807418
2019-02-02,0.0,0.15406562054208275
2019-02-03,0.11072664359861592,0.2225392296718973
2019-02-04,0.0,0.34664764621968613
2019-02-05,0.0,0.12838801711840228
2019-02-06,0.0,0.1440798858773181
2019-02-07,0.0034602076124567475,0.5663338088445078
2019-02-08,0.0,0.38088445078459343
2019-02-09,0.0,0.4051355206847361
2019-02-10,0.0,0.2767475035663338
2019-02-11,0.0,0.3024251069900143
2019-02-12,0.0,0.29243937232524964
2019-02-13,0.0,0.3723252496433666
2019-02-14,0.0,0.2353780313837375
2019-02-15,0.0,0.21540656205420824
2019-02-16,0.0,0.3409415121255349
2019-02-17,0.0,0.23965763195435097
2019-02-18,0.0,0.19686162624821682
2019-02-19,0.020761245674740483,0.24251069900142658
2019-02-21,0.0,0.24251069900142658
2019-02-23,0.0,0.15263908701854492
2019-02-24,0.0,0.12268188302425106
2019-02-25,0.0,0.35805991440798857
2019-02-26,0.0,0.25106990014265335
2019-02-27,0.0,0.29243937232524964
2019-02-28,0.0,0.30385164051355207
2019-03-02,0.0,0.15121255349500715
2019-03-03,0.0,0.07703281027104138
2019-03-04,0.0,0.2810271041369472
2019-03-05,0.0,0.2867332382310984
2019-03-06,0.0,0.2653352353780314
2019-03-08,0.0,0.3195435092724679
2019-03-09,0.0,0.18972895863052783
2019-03-10,0.0,0.1398002853067047
2019-03-11,0.0,0.3751783166904422
2019-03-12,0.0,0.4650499286733238
2019-03-13,0.0,0.44650499286733236
2019-03-14,0.0,0.29529243937232524
2019-03-15,0.02422145328719723,0.2253922967189729
2019-03-16,0.0,0.3152639087018545
2019-03-17,0.0,0.24108416547788872
2019-03-18,0.0,0.17974322396576317
2019-03-19,0.0,0.11126961483594865
2019-03-20,0.11418685121107267,0.18830242510699
2019-03-21,0.022837370242214532,0.5178316690442225
2019-03-22,0.0,0.4165477888730385
2019-03-23,0.011764705882352941,0.2995720399429387
2019-03-24,0.0,0.30099857346647646
2019-03-25,0.0,0.34522111269614836
2019-03-26,0.0,0.28530670470756064
2019-03-27,0.0,0.4051355206847361
2019-03-28,0.0,0.38944365192582026
2019-03-29,0.0,0.3880171184022824
2019-03-30,0.01245674740484429,0.5977175463623394
2019-03-31,0.0,0.470756062767475
2019-04-01,0.0,0.2767475035663338
2019-04-02,0.0,0.3309557774607703
2019-04-03,0.0,0.39229671897289586
2019-04-04,0.0,0.3794579172610556
2019-04-05,0.0,0.4293865905848787
2019-04-06,0.0055363321799307965,0.16690442225392296
2019-04-07,0.0,0.34950071326676174
2019-04-08,0.0,0.40228245363766046
2019-04-09,0.1204152249134948,0.3309557774607703
2019-04-10,0.03875432525951557,0.28815977175463625
2019-04-11,0.0,0.3067047075606277
2019-04-12,0.0,0.25962910128388017
2019-04-13,0.0,0.33666191155492153
2019-04-14,0.011764705882352941,0.37089871611982883
2019-04-15,0.0,0.2667617689015692
2019-04-16,0.0,0.1398002853067047
2019-04-17,0.0,0.268188302425107
2019-04-18,0.0,0.2767475035663338
2019-04-19,0.0,0.2125534950071327
2019-04-20,0.008304498269896193,0.3195435092724679
2019-04-21,0.002076124567474048,0.30813124108416545
2019-04-22,0.0,0.24251069900142658
2019-04-23,0.0,0.21968616262482168
2019-04-24,0.028373702422145326,0.38944365192582026
2019-04-25,0.0782006920415225,0.29529243937232524
2019-04-26,0.033910034602076124,0.23395149786019975
2019-04-27,0.0,0.3223965763195435
2019-04-28,0.0,0.30527817403708984
2019-04-29,0.0,0.12410841654778888
2019-04-30,0.0,0.07845934379457918
2019-05-01,0.0,0.3437945791726105
2019-05-02,0.0,0.33523537803138376
2019-05-03,0.0,0.3067047075606277
2019-05-04,0.0,0.29101283880171186
2019-05-05,0.0,0.43366619115549215
2019-05-06,0.0,0.550641940085592
2019-05-07,0.0,0.3195435092724679
2019-05-08,0.0,0.3238231098430813
2019-05-09,0.0,0.34236804564907275
2019-05-10,0.0,0.29386590584878747
2019-05-11,0.0,0.29529243937232524
2019-05-12,0.0,0.25677603423680456
2019-05-13,0.0,0.30527817403708984
2019-05-14,0.0,0.20399429386590587
2019-05-15,0.0,0.3166904422253923
2019-05-16,0.0,0.30813124108416545
2019-05-17,0.0,0.16975748930099857
2019-05-18,0.0,0.3181169757489301
2019-05-19,0.1522491349480969,0.17974322396576317
2019-05-20,0.0602076124567474,0.48787446504992865
2019-05-21,0.0,0.3509272467902996
2019-05-22,0.0,0.442225392296719
2019-05-23,0.0,0.30385164051355207
2019-05-24,0.0,0.3537803138373752
2019-05-25,0.0,0.20256776034236804
2019-05-26,0.0,0.3680456490727532
2019-05-27,0.04913494809688581,0.21540656205420824
2019-05-29,0.0,0.369472182596291
2019-05-30,0.0,0.5192582025677603
2019-05-31,0.0,0.4037089871611983
2019-06-01,0.0,0.275320970042796
2019-06-02,0.0,0.32952924393723254
2019-06-03,0.0,0.33666191155492153
2019-06-04,0.0,0.4165477888730385
2019-06-05,0.0,0.38088445078459343
2019-06-06,0.05190311418685121,0.18687589158345222
2019-06-07,0.24429065743944633,0.2653352353780314
2019-06-08,0.0,0.1711840228245364
2019-06-09,0.01730103806228374,0.3338088445078459
2019-06-10,0.0657439446366782,0.23109843081312412
2019-06-11,0.0,0.181169757489301
2019-06-12,0.0,0.35520684736091296
2019-06-13,0.0,0.2710413694721826
2019-06-14,0.0,0.22967189728958629
2019-06-15,0.01453287197231834,0.4065620542082739
2019-06-16,0.0,0.12696148359486448
2019-06-17,0.0,0.2810271041369472
2019-06-18,0.09550173010380623,0.2838801711840228
2019-06-19,0.0013840830449826991,0.3024251069900143
2019-06-20,0.0,0.29814550641940085
2019-06-21,0.0013840830449826991,0.29243937232524964
2019-06-22,0.0,0.20970042796005708
2019-06-23,0.0,0.16975748930099857
2019-06-24,0.0,0.33951497860199714
2019-06-25,0.0,0.3209700427960057
2019-06-26,0.0,0.1383737517831669
2019-06-27,0.009688581314878892,0.1654778887303852
2019-06-28,0.0,0.29386590584878747
2019-06-29,0.010380622837370242,0.14265335235378032
2019-06-30,0.0,0.3780313837375178
2019-07-01,0.0,0.3751783166904422
2019-07-02,0.0,0.3609129814550642
2019-07-03,0.0,0.2867332382310984
2019-07-04,0.0,0.34807417974322397
2019-07-05,0.0,0.29243937232524964
2019-07-06,0.0,0.2382310984308131
2019-07-07,0.0,0.3252496433666191
2019-07-08,0.0,0.30527817403708984
2019-07-09,0.0,0.24393723252496433
2019-07-10,0.058823529411764705,0.29529243937232524
2019-07-11,0.020069204152249134,0.15977175463623397
2019-07-12,0.0,0.30813124108416545
2019-07-13,0.0,0.289586305278174
2019-07-14,0.0,0.24108416547788872
2019-07-15,0.053287197231833915,0.10556348074179743
2019-07-16,0.04359861591695502,0.2624821683309558
2019-07-17,0.004844290657439446,0.19258202567760344
2019-07-18,0.0,0.2810271041369472
2019-07-19,0.0,0.18687589158345222
2019-07-20,0.007612456747404845,0.3166904422253923
2019-07-21,0.042906574394463666,0.43794579172610554
2019-07-22,0.0006920415224913496,0.3152639087018545
2019-07-23,0.0,0.289586305278174
2019-07-24,0.006920415224913495,0.20684736091298148
2019-07-25,0.0671280276816609,0.25962910128388017
2019-07-26,0.41522491349480967,0.2995720399429387
2019-07-27,0.004152249134948096,0.08559201141226819
2019-07-28,0.1771626297577855,0.3209700427960057
2019-07-29,0.0034602076124567475,0.3780313837375178
2019-07-30,0.008304498269896193,0.5178316690442225
2019-07-31,0.4311418685121107,0.4236804564907275
2019-08-01,0.186159169550173,0.23965763195435097
2019-08-02,0.0,0.2524964336661912
2019-08-03,0.020761245674740483,0.11554921540656206
2019-08-04,0.05951557093425605,0.1369472182596291
2019-08-05,0.0,0.11554921540656206
2019-08-06,0.0,0.21540656205420824
2019-08-07,0.05536332179930796,0.24393723252496433
2019-08-08,0.0,0.25106990014265335
2019-08-09,0.0,0.2524964336661912
2019-08-10,0.0,0.19971469329529243
2019-08-11,0.04636678200692042,0.3594864479315264
2019-08-13,0.04498269896193772,0.2639087018544936
2019-08-14,0.0,0.2482168330955778
2019-08-15,0.11211072664359861,0.1783166904422254
2019-08-16,0.0006920415224913496,0.3281027104136947
2019-08-17,0.0,0.35235378031383735
2019-08-18,0.0,0.30527817403708984
2019-08-19,0.0,0.14550641940085593
2019-08-20,0.0,0.14122681883024252
2019-08-21,0.008996539792387544,0.09557774607703282
2019-08-22,0.0,0.30527817403708984
2019-08-23,0.0,0.3637660485021398
2019-08-24,0.0,0.2967189728958631
2019-08-25,0.0,0.362339514978602
2019-08-26,0.0,0.11412268188302425
2019-08-27,0.1384083044982699,0.1854493580599144
2019-08-28,0.0,0.22111269614835946
2019-08-29,0.25536332179930793,0.3751783166904422
2019-08-30,0.0013840830449826991,0.4079885877318117
2019-08-31,0.0,0.3537803138373752
2019-09-01,0.0,0.19828815977175465
2019-09-02,0.0,0.19971469329529243
2019-09-03,0.0,0.33666191155492153
2019-09-04,0.15709342560553632,0.37660485021398
2019-09-05,0.2519031141868512,0.29101283880171186
2019-09-06,0.016608996539792385,0.28530670470756064
2019-09-07,0.019377162629757784,0.7303851640513552
2019-09-08,0.0,0.39372325249643364
2019-09-09,0.0,0.19258202567760344
2019-09-10,0.4373702422145329,0.31383737517831667
2019-09-11,0.05259515570934256,0.442225392296719
2019-09-12,0.02698961937716263,0.4008559201141227
2019-09-13,0.0006920415224913496,0.3338088445078459
2019-09-14,0.002076124567474048,0.181169757489301
2019-09-15,0.0,0.1840228245363766
2019-09-16,0.0,0.2524964336661912
2019-09-17,0.0,0.33238231098430815
2019-09-18,0.0,0.4664764621968616
2019-09-19,0.0,0.39657631954350925
2019-09-20,0.0,0.33666191155492153
2019-09-21,0.0,0.25392296718972895
2019-09-22,0.0027681660899653983,0.5320970042796006
2019-09-23,0.0,0.24393723252496433
2019-09-24,0.0,0.174037089871612
2019-09-25,0.0,0.24251069900142658
2019-09-26,0.0,0.21968616262482168
2019-09-27,0.0,0.25962910128388017
2019-09-28,0.0,0.24679029957203996
2019-09-29,0.0,0.3152639087018545
2019-09-30,0.0,0.21683309557774608
2019-10-01,0.0,0.21825962910128385
2019-10-02,0.16055363321799307,0.4208273894436519
2019-10-03,0.03183391003460207,0.3281027104136947
2019-10-04,0.0,0.2282453637660485
2019-10-05,0.004152249134948096,0.5021398002853067
2019-10-06,0.0,0.463623395149786
2019-10-07,0.17577854671280277,0.275320970042796
2019-10-09,0.0,0.2724679029957204
2019-10-11,0.0,0.4621968616262482
2019-10-12,0.0,0.4621968616262482
2019-10-13,0.0,0.35235378031383735
2019-10-14,0.0,0.43081312410841655
2019-10-15,0.0,0.3537803138373752
2019-10-16,0.0,0.17689015691868762
2019-10-17,0.0,0.23965763195435097
2019-10-18,0.0,0.35805991440798857
2019-10-19,0.0,0.3651925820256776
2019-10-20,0.0,0.16119828815977175
2019-10-21,0.0,0.12410841654778888
2019-10-22,0.0,0.2738944365192582
2019-10-23,0.0,0.3409415121255349
2019-10-24,0.0,0.39657631954350925
2019-10-25,0.0,0.47218259629101283
2019-10-26,0.0,0.4194008559201141
2019-10-27,0.0,0.30527817403708984
2019-10-28,0.011764705882352941,0.20114122681883026
2019-10-29,0.0006920415224913496,0.4522111269614836
2019-10-30,0.0,0.33808844507845937
2019-10-31,0.0,0.2482168330955778
2019-11-02,0.0,0.1711840228245364
2019-11-03,0.0,0.43509272467902993
2019-11-04,0.0,0.33951497860199714
2019-11-05,0.0,0.09843081312410842
2019-11-06,0.0,0.29529243937232524
2019-11-07,0.0,0.3751783166904422
2019-11-08,0.0,0.18972895863052783
2019-11-09,0.0,0.29101283880171186
2019-11-11,0.007612456747404845,0.3209700427960057
2019-11-12,0.0,0.18687589158345222
2019-11-13,0.05190311418685121,0.22111269614835946
2019-11-14,0.0,0.6333808844507846
2019-11-15,0.1301038062283737,0.25962910128388017
2019-11-16,0.0,0.1940085592011412
2019-11-17,0.14602076124567476,0.5477888730385164
2019-11-18,0.10173010380622836,0.48787446504992865
2019-11-19,0.0,0.4065620542082739
2019-11-20,0.0,0.3537803138373752
2019-11-21,0.0,0.21398002853067047
2019-11-22,0.0,0.3238231098430813
2019-11-23,0.0,0.2995720399429387
2019-11-24,0.02629757785467128,0.21540656205420824
2019-11-25,0.0,0.369472182596291
2019-11-26,0.0,0.1854493580599144
2019-11-27,0.0,0.38088445078459343
2019-11-28,0.0,0.2253922967189729
2019-11-29,0.0,0.3666191155492154
2019-11-30,0.0,0.23395149786019975
2019-12-01,0.022837370242214532,0.19686162624821682
2019-12-02,0.0,0.5192582025677603
2019-12-03,0.004152249134948096,0.15834522111269614
2019-12-04,0.0,0.26961483594864477
2019-12-05,0.0,0.49928673323823114
2019-12-06,0.0,0.2282453637660485
2019-12-07,0.0006920415224913496,0.29386590584878747
2019-12-08,0.0,0.20542082738944364
2019-12-09,0.0,0.35235378031383735
2019-12-10,0.011764705882352941,0.15834522111269614
2019-12-11,0.0013840830449826991,0.6490727532097004
2019-12-12,0.0,0.35520684736091296
2019-12-13,0.006920415224913495,0.23109843081312412
2019-12-14,0.0,0.38373751783166904
2019-12-15,0.0,0.38373751783166904
2019-12-16,0.0,0.3195435092724679
2019-12-17,0.06782006920415225,0.2353780313837375
2019-12-18,0.0,0.39657631954350925
2019-12-19,0.0,0.35805991440798857
2019-12-20,0.0,0.3409415121255349
2019-12-21,0.004152249134948096,0.2582025677603424
2019-12-22,0.002076124567474048,0.29814550641940085
2019-12-23,0.020069204152249134,0.3309557774607703
2019-12-24,0.0,0.21398002853067047
2019-12-25,0.0,0.18972895863052783
2019-12-26,0.002076124567474048,0.4679029957203994
2019-12-27,0.0,0.2482168330955778
2019-12-28,0.0,0.23395149786019975
2019-12-29,0.009688581314878892,0.39372325249643364
2019-12-30,0.0027681660899653983,0.5206847360912982
2019-12-31,0.0,0.5763195435092725
2020-01-01,0.0006920415224913496,0.1783166904422254
2020-01-02,0.0,0.3238231098430813
2020-01-03,0.0,0.20970042796005708
2020-01-04,0.0,0.19543509272467904
2020-01-05,0.0,0.15691868758915836
2020-01-06,0.01245674740484429,0.5035663338088445
2020-01-07,0.3204152249134948,0.5734664764621968
2020-01-08,0.08027681660899653,0.47788873038516405
2020-01-09,0.0,0.3181169757489301
2020-01-10,0.0,0.25962910128388017
2020-01-11,0.0,0.1711840228245364
2020-01-12,0.0,0.34807417974322397
2020-01-13,0.0,0.41226818830242506
2020-01-14,0.0,0.2553495007132668
2020-01-15,0.0,0.2710413694721826
2020-01-16,0.0,0.31098430813124106
2020-01-17,0.0,0.1940085592011412
2020-01-18,0.0,0.268188302425107
2020-01-19,0.004152249134948096,0.3181169757489301
2020-01-20,0.0,0.38944365192582026
2020-01-21,0.0,0.1940085592011412
2020-01-22,0.0,0.19258202567760344
2020-01-23,0.0,0.4151212553495007
2020-01-24,0.0,0.3651925820256776
2020-01-25,0.0,0.1783166904422254
2020-01-26,0.0,0.5049928673323824
2020-01-27,0.0006920415224913496,0.7218259629101283
2020-01-28,0.0,0.35805991440798857
2020-01-29,0.0,0.3281027104136947
2020-01-30,0.0,0.2582025677603424
2020-01-31,0.0,0.45078459343794575
2020-02-01,0.0,0.24964336661911557
2020-02-02,0.0,0.25962910128388017
2020-02-03,0.0,0.4607703281027104
2020-02-04,0.011764705882352941,0.44935805991440797
2020-02-05,0.0,0.579172610556348
2020-02-06,0.0,0.2810271041369472
2020-02-07,0.0,0.30527817403708984
2020-02-08,0.0,0.4236804564907275
2020-02-09,0.0,0.2767475035663338
2020-02-10,0.0,0.3509272467902996
2020-02-11,0.0,0.21112696148359486
2020-02-12,0.04636678200692042,0.4008559201141227
2020-02-13,0.0,0.2325249643366619
2020-02-14,0.0,0.1355206847360913
2020-02-15,0.01384083044982699,0.44650499286733236
2020-02-16,0.09273356401384084,0.5991440798858774
2020-02-17,0.006920415224913495,0.5249643366619116
2020-02-18,0.0,0.2653352353780314
2020-02-19,0.0,0.25392296718972895
2020-02-20,0.0,0.19828815977175465
2020-02-21,0.02906574394463668,0.2482168330955778
2020-02-22,0.021453287197231833,0.5834522111269614
2020-02-23,0.0,0.34664764621968613
2020-02-24,0.0,0.2225392296718973
2020-02-25,0.11487889273356403,0.6134094151212554
2020-02-26,0.0,0.22967189728958629
2020-02-27,0.0,0.268188302425107
2020-02-28,0.02698961937716263,0.18972895863052783
2020-02-29,0.0034602076124567475,0.275320970042796
2020-03-01,0.0013840830449826991,0.4293865905848787
2020-03-02,0.0,0.3794579172610556
2020-03-03,0.0,0.43366619115549215
2020-03-04,0.0,0.48930099857346643
2020-03-05,0.0,0.34522111269614836
2020-03-06,0.0,0.20542082738944364
2020-03-07,0.0,0.2810271041369472
2020-03-08,0.0,0.2667617689015692
2020-03-09,0.0,0.24251069900142658
2020-03-10,0.08166089965397924,0.3794579172610556
2020-03-11,0.0,0.5192582025677603
2020-03-12,0.0,0.24964336661911557
2020-03-13,0.0034602076124567475,0.5392296718972895
2020-03-14,0.0,0.3794579172610556
2020-03-15,0.0,0.3851640513552068
2020-03-16,0.0,0.44079885877318115
2020-03-17,0.0,0.3252496433666191
2020-03-19,0.0,0.68188302425107
2020-03-20,0.0,0.5534950071326676
2020-03-21,0.0,0.3794579172610556
2020-03-22,0.0,0.45934379457917257
2020-03-23,0.0,0.3509272467902996
2020-03-24,0.0,0.35520684736091296
2020-03-25,0.0,0.20970042796005708
2020-03-26,0.01245674740484429,0.2482168330955778
2020-03-27,0.01384083044982699,0.5235378031383737
2020-03-28,0.0,0.45649072753209696
2020-03-29,0.0,0.289586305278174
2020-03-30,0.0,0.3680456490727532
2020-03-31,0.0,0.28245363766048504
2020-04-01,0.0,0.5092724679029957
2020-04-02,0.0,0.43509272467902993
2020-04-03,0.0,0.5592011412268189
2020-04-04,0.0,0.6704707560627675
2020-04-05,0.0,0.470756062767475
2020-04-06,0.0,0.39087018544935803
2020-04-07,0.0,0.4065620542082739
2020-04-08,0.0,0.4650499286733238
2020-04-09,0.0,0.40228245363766046
2020-04-10,0.0,0.3537803138373752
2020-04-11,0.0,0.3851640513552068
2020-04-12,0.0,0.7018544935805991
2020-04-13,0.0,0.45078459343794575
2020-04-14,0.0,0.35235378031383735
2020-04-15,0.0,0.38088445078459343
2020-04-16,0.0,0.4293865905848787
2020-04-17,0.04498269896193772,0.3166904422253923
2020-04-19,0.071280276816609,0.44650499286733236
2020-04-20,0.0006920415224913496,0.5192582025677603
2020-04-22,0.0,0.5834522111269614
2020-04-24,0.0,0.3751783166904422
2020-04-25,0.0,0.5606276747503566
2020-04-26,0.0,0.43509272467902993
2020-04-27,0.0,0.4065620542082739
2020-04-28,0.0,0.4764621968616262
2020-04-29,0.0,0.4065620542082739
2020-04-30,0.0,0.44935805991440797
2020-05-01,0.0,0.3680456490727532
2020-05-03,0.0,0.268188302425107
2020-05-04,0.0,0.3880171184022824
2020-05-06,0.0,0.20970042796005708
2020-05-07,0.0,0.3980028530670471
2020-05-08,0.015916955017301036,0.3409415121255349
2020-05-09,0.16885813148788925,0.6291012838801712
2020-05-10,0.008996539792387544,0.38373751783166904
2020-05-11,0.023529411764705882,0.3723252496433666
2020-05-12,0.004844290657439446,0.34236804564907275
2020-05-13,0.0,0.3166904422253923
2020-05-14,0.0,0.23395149786019975
2020-05-15,0.08304498269896193,0.4764621968616262
2020-05-16,0.01730103806228374,0.26961483594864477
2020-05-18,0.20622837370242214,0.18259629101283878
2020-05-19,0.1314878892733564,0.5178316690442225
2020-05-20,0.0,0.261055634807418
2020-05-21,0.0,0.3338088445078459
2020-05-22,0.0,0.34236804564907275
2020-05-23,0.0,0.362339514978602
2020-05-24,0.10034602076124567,0.4322396576319543
2020-05-25,0.0,0.32952924393723254
2020-05-26,0.010380622837370242,0.28530670470756064
2020-05-28,0.0,0.2710413694721826
2020-05-29,0.0,0.3281027104136947
2020-05-30,0.0,0.3338088445078459
2020-05-31,0.006920415224913495,0.3566333808844508
2020-06-01,0.0006920415224913496,0.4579172610556348
2020-06-02,0.01384083044982699,0.30813124108416545
2020-06-03,0.0,0.39229671897289586
2020-06-04,0.0013840830449826991,0.3794579172610556
2020-06-05,0.0,0.2724679029957204
2020-06-06,0.0,0.3238231098430813
2020-06-07,0.0,0.32667617689015693
2020-06-08,0.0,0.43081312410841655
2020-06-09,0.0,0.3166904422253923
2020-06-10,0.042906574394463666,0.2382310984308131
2020-06-11,0.0,0.4079885877318117
2020-06-12,0.0,0.2482168330955778
2020-06-13,0.0,0.3537803138373752
2020-06-14,0.007612456747404845,0.4664764621968616
2020-06-15,0.0,0.43651925820256776
2020-06-16,0.0,0.3209700427960057
2020-06-17,0.0,0.30099857346647646
2020-06-18,0.0,0.23965763195435097
2020-06-19,0.0006920415224913496,0.2553495007132668
2020-06-20,0.0,0.3637660485021398
2020-06-21,0.0,0.30527817403708984
2020-06-22,0.0,0.3651925820256776
2020-06-23,0.0,0.29386590584878747
2020-06-24,0.2602076124567474,0.3281027104136947
2020-06-25,0.09204152249134949,0.3566333808844508
2020-06-26,0.01453287197231834,0.5021398002853067
2020-06-27,0.0,0.34950071326676174
2020-06-28,0.0,0.33238231098430815
2020-06-29,0.08235294117647059,0.40228245363766046
2020-06-30,0.44775086505190315,0.6291012838801712
