날짜,북,동,남,서,강수량,풍속
2015-01-01,0.91,0,0,0.09,0,4.85
2015-01-02,0.91,0,0,0.09,0,3.19
2015-01-03,0.36,0.64,0,0,0,1.45
2015-01-04,0.62,0.38,0,0,0,2.52
2015-01-05,0.67,0.33,0,0,0,3.14
2015-01-06,0.86,0,0,0.14,3,4.76
2015-01-07,0.87,0,0,0.13,0,2.66
2015-01-08,0.91,0,0,0.09,0,2.21
2015-01-09,0.89,0,0,0.11,0,1.92
2015-01-10,0.91,0,0,0.09,0,2.72
2015-01-11,0.84,0,0,0.16,0,4.84
2015-01-12,0.84,0,0,0.16,0,1.85
2015-01-13,0.49,0.51,0,0,0,2.24
2015-01-14,0.36,0.64,0,0,0,1.9
2015-01-15,0.96,0,0,0.04,0,2.55
2015-01-16,0.96,0,0,0.04,0,4.57
2015-01-17,0.96,0,0,0.04,0,4.21
2015-01-18,0.56,0.44,0,0,4,2.79
2015-01-19,0.97,0,0,0.03,0,3.71
2015-01-20,0.32,0.68,0,0,0,1.76
2015-01-21,0.69,0.31,0,0,0,2.33
2015-01-22,0.9,0,0,0.1,0,1.44
2015-01-23,0.62,0.38,0,0,0,2.4
2015-01-24,0.89,0,0,0.11,0,2.15
2015-01-25,0.71,0.29,0,0,3,3.8
2015-01-26,0.88,0,0,0.12,0.5,3.18
2015-01-27,0.93,0,0,0.07,0,3.96
2015-01-28,0.91,0,0,0.09,0,3.13
2015-01-29,0.64,0.36,0,0,0,2.63
2015-01-30,0.86,0,0,0.14,0,3.58
2015-01-31,0.91,0,0,0.09,0,2.75
2015-02-01,0.89,0,0,0.11,0,2.34
2015-02-02,0.36,0.64,0,0,0,1.83
2015-02-03,0.91,0,0,0.09,0,2.83
2015-02-04,0.91,0,0,0.09,0,2.24
2015-02-05,0.91,0,0,0.09,0,2.9
2015-02-06,0.84,0,0,0.16,0,2.4
2015-02-07,0.91,0,0,0.09,0,3.87
2015-02-08,0.84,0,0,0.16,0,5.4
2015-02-09,0,0,0.91,0.09,0,3.44
2015-02-10,0,0,0.8,0.2,0,3.29
2015-02-11,0,0,0.89,0.11,0,1.8
2015-02-12,0.91,0,0,0.09,0,4.75
2015-02-13,0.96,0,0,0.04,0,2.76
2015-02-14,0.47,0,0,0.53,0,0.12
2015-02-15,0.7,0.3,0,0,0,3.92
2015-02-16,0.69,0.31,0,0,10.5,4.11
2015-02-17,0.93,0,0,0.07,0.5,3.82
2015-02-18,0.91,0,0,0.09,0,2.8
2015-02-19,0.93,0,0,0.07,0,0.87
2015-02-20,0.67,0.33,0,0,0,2.41
2015-02-21,0.73,0.27,0,0,8,3.66
2015-02-22,0,0,0.93,0.07,2.5,4.39
2015-02-23,0.87,0,0,0.13,0,2.8
2015-02-24,0.92,0,0,0.08,0,2.61
2015-02-25,0.37,0.63,0,0,0.5,1.81
2015-02-26,0,0,0,1,0.5,5.16
2015-02-27,0.91,0,0,0.09,0,4.92
2015-02-28,0.46,0.54,0,0,0,2.31
2015-03-01,0.96,0,0,0.04,0,3.48
2015-03-02,0.38,0.62,0,0,0,2.18
2015-03-03,0,0,0.36,0.64,5.5,3.35
2015-03-04,0.89,0,0,0.11,0,5.5
2015-03-05,0.93,0,0,0.07,0,2.24
2015-03-06,0.91,0,0,0.09,0,2.91
2015-03-07,0.93,0,0,0.07,0,2.46
2015-03-08,0.4,0.6,0,0,0,2.01
2015-03-09,0.87,0,0,0.13,0,6.63
2015-03-10,0.82,0,0,0.18,0,6.25
2015-03-11,0,0,0.87,0.13,0,4.16
2015-03-12,0,0,0.87,0.13,0,3.55
2015-03-13,0.91,0,0,0.09,0,2.97
2015-03-14,0.98,0,0,0.02,0,3.7
2015-03-15,0.91,0,0,0.09,0,3.02
2015-03-16,0.87,0,0,0.13,0,2.01
2015-03-17,0.41,0.59,0,0,0,2.22
2015-03-18,0.7,0.3,0,0,1.5,4.98
2015-03-19,0.73,0.27,0,0,0,2.4
2015-03-20,0.91,0,0,0.09,0,4.19
2015-03-21,0.82,0,0,0.18,0,2.79
2015-03-22,0.89,0,0,0.11,0,3.71
2015-03-23,0.82,0,0,0.18,0,3.99
2015-03-24,0,0,0,1,0,3.12
2015-03-25,0,0,0,1,0,3.19
2015-03-26,0,0,0.98,0.02,0,4.18
2015-03-27,0.94,0,0,0.06,0,2.95
2015-03-28,0.93,0,0,0.07,0,3.17
2015-03-29,0.89,0,0,0.11,0,2.19
2015-03-30,0.92,0,0,0.08,0,3.5
2015-03-31,0.62,0.38,0,0,2.5,2.94
2015-04-01,0.69,0.31,0,0,2.5,4.9
2015-04-02,0.71,0.29,0,0,28,4.68
2015-04-03,0,0,0.53,0.47,3.5,4.62
2015-04-04,0.71,0.29,0,0,0,5.23
2015-04-05,0.68,0.32,0,0,0.5,3.14
2015-04-06,0.8,0,0,0.2,0,3.74
2015-04-07,0.47,0.53,0,0,0,3.18
2015-04-08,0.58,0.42,0,0,0,3.15
2015-04-09,0.51,0.49,0,0,0,1.84
2015-04-10,0,0,0.91,0.09,0,4.22
2015-04-11,0,0,0.91,0.09,0,3.63
2015-04-12,0.69,0.31,0,0,0,4.38
2015-04-13,0.71,0.29,0,0,6.5,6.3
2015-04-14,0.67,0.33,0,0,10.5,3.27
2015-04-15,0,0,0.49,0.51,1,4.05
2015-04-16,0,0,0.69,0.31,7,4.45
2015-04-17,0,0,0.6,0.4,0,4.24
2015-04-18,0.7,0.3,0,0,0,2.59
2015-04-19,0.71,0.29,0,0,12,4.6
2015-04-20,0.47,0.53,0,0,5.5,4.04
2015-04-21,0,0,0.84,0.16,0,2.77
2015-04-22,0.91,0,0,0.09,0,3.59
2015-04-23,0,0,0.6,0.4,0,4.36
2015-04-24,0.89,0,0,0.11,0,3.21
2015-04-25,0.94,0,0,0.06,0,3.54
2015-04-26,0.53,0.47,0,0,0,2.19
2015-04-27,0,0,0.5,0.5,0,3.61
2015-04-28,0.49,0.51,0,0,0,2.32
2015-04-29,0.71,0.29,0,0,3.5,3.86
2015-04-30,0.53,0.47,0,0,0,2.17
2015-05-01,0.39,0.61,0,0,0,1.66
2015-05-02,0,0,0.99,0.01,0.5,2.87
2015-05-03,0.53,0.47,0,0,3.5,2.67
2015-05-04,0,0,0.87,0.13,0,3.54
2015-05-05,0,0,0.62,0.38,0,4.14
2015-05-06,0.62,0.38,0,0,0,1.95
2015-05-07,0.51,0.49,0,0,0,1.45
2015-05-08,0.92,0,0,0.08,0,2.79
2015-05-09,0.91,0,0,0.09,0,2.8
2015-05-10,0.93,0,0,0.07,0,2.87
2015-05-11,0.67,0.33,0,0,14,2.7
2015-05-12,0,0,0.58,0.42,9.5,7.13
2015-05-13,0,0,0.56,0.44,0,5.77
2015-05-14,0,0,0.42,0.58,0,3.72
2015-05-15,0.91,0,0,0.09,0,2.46
2015-05-16,0,0,0.91,0.09,0,1.17
2015-05-17,0.84,0,0,0.16,0,2.5
2015-05-18,0.42,0.58,0,0,0,1.89
2015-05-19,0,0,0.6,0.4,1,4.22
2015-05-20,0.91,0,0,0.09,0,2.76
2015-05-21,0,0,0.6,0.4,0,5.09
2015-05-22,0,0,0.96,0.04,0,3.56
2015-05-23,0,0,0.84,0.16,0,3.91
2015-05-24,0,0,0.98,0.02,0,3.14
2015-05-25,0,0,0.91,0.09,0,2.54
2015-05-26,0.98,0,0,0.02,0,2.93
2015-05-27,0.91,0,0,0.09,0,2.12
2015-05-28,0.67,0.33,0,0,0,1.94
2015-05-29,0.96,0,0,0.04,0,3.65
2015-05-30,0,0,0.91,0.09,0,3.03
2015-05-31,0,0,0.76,0.24,0,2.57
2015-06-01,0.91,0,0,0.09,0,3.09
2015-06-02,0.9,0,0,0.1,0,4.55
2015-06-03,0.68,0,0,0.32,0,4.06
2015-06-04,0.99,0,0,0.01,0,2.83
2015-06-05,0.68,0.32,0,0,,1.82
2015-06-06,0.49,0.51,0,0,0,1.96
2015-06-07,0.91,0,0,0.09,0,2.57
2015-06-08,0.82,0,0,0.18,0,2.96
2015-06-09,0.93,0,0,0.07,0,2.43
2015-06-10,0.78,0,0,0.22,0,2.67
2015-06-11,0.69,0.31,0,0,7.5,2.58
2015-06-12,0,0,0.6,0.4,0.5,4.16
2015-06-13,0,0,0.62,0.38,0.5,4.07
2015-06-14,0.91,0,0,0.09,15.5,3.03
2015-06-15,0.91,0,0,0.09,0,2.94
2015-06-16,0.93,0,0,0.07,0,2.55
2015-06-17,0.62,0.38,0,0,9.5,2.29
2015-06-18,0.67,0.33,0,0,3,3.41
2015-06-19,0.76,0.24,0,0,0,3.13
2015-06-20,0.67,0.33,0,0,44.5,1.95
2015-06-21,0,0,0.89,0.11,,3.43
2015-06-22,0,0,0.93,0.07,0,3.4
2015-06-23,0.89,0,0,0.11,0,2.82
2015-06-24,0,0,0.96,0.04,0,3
2015-06-25,0.64,0.36,0,0,2,2.63
2015-06-26,0.4,0.6,0,0,12.5,3.39
2015-06-27,0.64,0.36,0,0,0,2.59
2015-06-28,0,0,0.96,0.04,0,3.46
2015-06-29,0.91,0,0,0.09,0,3.08
2015-06-30,0.91,0,0,0.09,2.5,1.97
2015-07-01,0,0,0.8,0.2,0.5,3.71
2015-07-02,0,0,0.33,0.67,0,3.88
2015-07-03,0.87,0,0,0.13,0,3.03
2015-07-04,0.49,0.51,0,0,0,2.54
2015-07-05,0.92,0,0,0.08,0,2.27
2015-07-06,0.9,0,0,0.1,0,3.24
2015-07-07,0,0.51,0.49,0,0,2.45
2015-07-08,0.67,0.33,0,0,0.5,4.27
2015-07-09,0.71,0.29,0,0,0,3.67
2015-07-10,0.6,0.4,0,0,0,2.16
2015-07-11,0.62,0.38,0,0,0,1.8
2015-07-12,0.71,0.29,0,0,29,4.35
2015-07-13,0,0,0.56,0.44,10,5.92
2015-07-14,0,0,0.56,0.44,0,4.01
2015-07-15,0.68,0.32,0,0,0,4.57
2015-07-16,0.73,0.27,0,0,0,5.11
2015-07-17,0.67,0.33,0,0,0,3.67
2015-07-18,0.67,0.33,0,0,0.5,2.61
2015-07-19,0.67,0.33,0,0,5,2.2
2015-07-20,0.64,0.36,0,0,0,2.55
2015-07-21,0.69,0.31,0,0,11,1.77
2015-07-22,0.98,0,0,0.02,1,1.9
2015-07-23,0,0,0.33,0.67,16,3.81
2015-07-24,0,0,0.4,0.6,26.5,2.41
2015-07-25,0,0,0.49,0.51,80,3.41
2015-07-26,0,0,0.36,0.64,40.5,4.23
2015-07-27,0.83,0,0,0.17,1.5,2.76
2015-07-28,0.84,0,0,0.16,0,1.9
2015-07-29,0,0,0.31,0.69,4,3.5
2015-07-30,0,0,0.44,0.56,0,3.98
2015-07-31,0,0,0.63,0.37,0,3.34
2015-08-01,0,0,0.54,0.46,0,3.71
2015-08-02,0,0,0.64,0.36,,3.37
2015-08-03,0,0,0.38,0.62,0,4.41
2015-08-04,0,0,0.42,0.58,0,4.94
2015-08-05,0,0,0.38,0.62,0,4.86
2015-08-06,0.67,0,0,0.33,0,2.29
2015-08-07,0.33,0.67,0,0,11,1.19
2015-08-08,0.58,0.42,0,0,7.5,2.09
2015-08-09,0.84,0,0,0.16,0,2.96
2015-08-10,0.96,0,0,0.04,0,2.47
2015-08-11,0.89,0,0,0.11,0,2.27
2015-08-12,0.42,0.58,0,0,0,1.58
2015-08-13,0.56,0.44,0,0,0,1.95
2015-08-14,0.53,0.47,0,0,0,1.84
2015-08-15,0.53,0.47,0,0,0,1.78
2015-08-16,0.68,0.32,0,0,29,3.13
2015-08-17,0.69,0.31,0,0,,2.64
2015-08-18,0.71,0.29,0,0,0,2.94
2015-08-19,0.56,0.44,0,0,0,2.39
2015-08-20,0.84,0,0,0.16,0,1.92
2015-08-21,0.87,0,0,0.13,2.5,2.61
2015-08-22,0.91,0,0,0.09,0,3.36
2015-08-23,0.47,0.53,0,0,0,1.67
2015-08-24,0.71,0.29,0,0,0,4.14
2015-08-25,0.38,0.62,0,0,5.5,3.45
2015-08-26,0.89,0,0,0.11,0,3.05
2015-08-27,0.91,0,0,0.09,0,3.3
2015-08-28,0.93,0,0,0.07,0,1.68
2015-08-29,0.89,0,0,0.11,0,3.59
2015-08-30,0.8,0,0,0.2,0,2
2015-08-31,0.71,0.29,0,0,0,2.82
2015-09-01,0.71,0.29,0,0,0,3.64
2015-09-02,0.84,0.16,0,0,0.5,2.56
2015-09-03,0.84,0,0,0.16,,2.59
2015-09-04,0.89,0,0,0.11,0,2.51
2015-09-05,0.67,0.33,0,0,5,2.48
2015-09-06,0.64,0.36,0,0,0,3.6
2015-09-07,0.78,0.22,0,0,0,2.22
2015-09-08,0.67,0.33,0,0,0,3.42
2015-09-09,0.56,0.44,0,0,0,3.41
2015-09-10,0.96,0,0,0.04,0,3.14
2015-09-11,0.84,0,0,0.16,2.5,2.88
2015-09-12,0,0,0,1,0,1.61
2015-09-13,0.96,0,0,0.04,0,3.16
2015-09-14,0.53,0.47,0,0,0,2.14
2015-09-15,0.56,0.44,0,0,0,2.25
2015-09-16,0.64,0.36,0,0,0,3.11
2015-09-17,0.69,0.31,0,0,0,3.5
2015-09-18,0.69,0.31,0,0,0,2.78
2015-09-19,0.91,0,0,0.09,0,3.97
2015-09-20,0.38,0.62,0,0,0,1.34
2015-09-21,0.5,0,0,0.5,0,0.18
2015-09-22,0.67,0.33,0,0,0,1.8
2015-09-23,0.58,0.42,0,0,0,2.33
2015-09-24,0.6,0.4,0,0,0,1.74
2015-09-25,0.69,0.31,0,0,0,2.69
2015-09-26,0.82,0,0,0.18,0,2.17
2015-09-27,0.39,0.61,0,0,0,1.65
2015-09-28,0.4,0.6,0,0,0,1.63
2015-09-29,0.59,0.41,0,0,0,2.66
2015-09-30,0.96,0.04,0,0,0,2.84
2015-10-01,0.73,0.27,0,0,,3.57
2015-10-02,0,0,0.6,0.4,0,5.66
2015-10-03,0,0,0,1,0,4.77
2015-10-04,0.71,0,0,0.29,0,2.15
2015-10-05,0.36,0.64,0,0,0,1.49
2015-10-06,0.37,0.63,0,0,0,1.58
2015-10-07,0.28,0.72,0,0,0,0.58
2015-10-08,0.96,0,0,0.04,0,3.67
2015-10-09,0.96,0,0,0.04,0,3.99
2015-10-10,0,0,0.36,0.64,3.5,3.99
2015-10-11,0,0,0.96,0.04,3.5,2.6
2015-10-12,0.87,0,0,0.13,,2.73
2015-10-13,0,0,0.71,0.29,0,2.73
2015-10-14,0.33,0.67,0,0,0,1.51
2015-10-15,0.38,0.62,0,0,0,1.78
2015-10-16,0.82,0,0,0.18,0,2.5
2015-10-17,0.47,0.53,0,0,0,1.51
2015-10-18,0.34,0.66,0,0,0,0.91
2015-10-19,0.67,0.33,0,0,0,1.76
2015-10-20,0,0,0,1,0,0.67
2015-10-21,0.73,0,0,0.27,0,1.82
2015-10-22,0.69,0.31,0,0,0,3.01
2015-10-23,0,0,0.49,0.51,0,2.65
2015-10-24,0.8,0,0,0.2,10.5,2.6
2015-10-25,0.76,0.24,0,0,0,3.25
2015-10-26,0.69,0.31,0,0,2,2.53
2015-10-27,0.88,0,0,0.12,26.5,3.62
2015-10-28,0.96,0,0,0.04,0,3.48
2015-10-29,0.27,0.73,0,0,0.5,0.8
2015-10-30,0.82,0,0,0.18,0,3.51
2015-10-31,0.78,0,0,0.22,0,2.27
2015-11-01,0.44,0.56,0,0,0,1.82
2015-11-02,0.27,0.73,0,0,0,0.27
2015-11-03,0.34,0.66,0,0,0,1.1
2015-11-04,0.34,0.66,0,0,0,1.53
2015-11-05,0.31,0.69,0,0,0,1.02
2015-11-06,0.73,0.27,0,0,4.5,5.38
2015-11-07,0.73,0.27,0,0,24.5,6.02
2015-11-08,0.72,0.28,0,0,10.5,5.31
2015-11-09,0.8,0,0,0.2,3.5,2.59
2015-11-10,0.96,0,0,0.04,0,1.87
2015-11-11,0.71,0.29,0,0,0,3.18
2015-11-12,0.71,0.29,0,0,0,3.28
2015-11-13,0.71,0.29,0,0,22.5,4.14
2015-11-14,0.69,0.31,0,0,3.5,2.79
2015-11-15,0.93,0,0,0.07,0,1.88
2015-11-16,0.69,0.31,0,0,5.5,3.34
2015-11-17,0.76,0,0,0.24,0,2.07
2015-11-18,0.71,0.29,0,0,5.5,5.27
2015-11-19,0.73,0.27,0,0,0,3.51
2015-11-20,0.2,0.8,0,0,0,0.63
2015-11-21,0.73,0,0,0.27,0,2
2015-11-22,0.71,0.29,0,0,3.5,3.96
2015-11-23,0.71,0.29,0,0,6.5,4.51
2015-11-24,0.71,0.29,0,0,0.5,4.1
2015-11-25,0.69,0.31,0,0,11,3.66
2015-11-26,0.69,0,0,0.31,0,4.11
2015-11-27,0.82,0,0,0.18,0,3.25
2015-11-28,0.56,0.44,0,0,0,2.35
2015-11-29,0.67,0.33,0,0,3,3.53
2015-11-30,0.78,0,0,0.22,,2.21
2015-12-01,0.49,0.51,0,0,0,2.24
2015-12-02,0.64,0.36,0,0,13.5,2.38
2015-12-03,0.78,0,0,0.22,5,5.72
2015-12-04,0,0,0.91,0.09,0,1.05
2015-12-05,0,0,0.8,0.2,0,2.52
2015-12-06,0,0,0.84,0.16,0,0.97
2015-12-07,0.16,0,0,0.84,0,1.1
2015-12-08,0.41,0,0,0.59,0,1.23
2015-12-09,0,0.24,0.76,0,0,2.16
2015-12-10,0,0.31,0.69,0,0,2.37
2015-12-11,0.89,0.11,0,0,0,4.83
2015-12-12,0.19,0.81,0,0,0,1.2
2015-12-13,0.19,0.81,0,0,0,1.2
2015-12-14,0.19,0.81,0,0,2.5,2.3
2015-12-15,0.4,0.6,0,0,0,3.03
2015-12-16,0.36,0.64,0,0,0,3.32
2015-12-17,0.62,0.38,0,0,0,1.74
2015-12-18,0.62,0.38,0,0,0,0.9
2015-12-19,0,0.38,0.62,0,0,1.98
2015-12-20,0,0,0.28,0.72,0,1.05
2015-12-21,0,0.56,0.44,0,2,2.91
2015-12-22,0,0.47,0.53,0,0,1.95
2015-12-23,0,0.69,0.31,0,0,1.32
2015-12-24,0.91,0,0,0.09,0,1.1
2015-12-25,0,0,0.91,0.09,0,2.06
2015-12-26,0.73,0.27,0,0,1,2.27
2015-12-27,0.03,0.97,0,0,0,3.02
2015-12-28,0.81,0.19,0,0,0,1.59
2015-12-29,0,0.31,0.69,0,0,1.46
2015-12-30,0,0,0.16,0.84,2.5,2.21
2015-12-31,0.53,0.47,0,0,0,1.09
2016-01-01,0.91,0.09,0,0,0,0.92
2016-01-02,0.53,0,0,0.47,0,2.12
2016-01-03,0.28,0,0,0.72,0,1.01
2016-01-04,0.33,0,0,0.67,0,2.89
2016-01-05,0.28,0.72,0,0,0,1.22
2016-01-06,0.73,0.27,0,0,0,1.06
2016-01-07,0.22,0.78,0,0,0,1.62
2016-01-08,0.38,0.62,0,0,0,1.91
2016-01-09,0.47,0.53,0,0,0,1.48
2016-01-10,0.09,0,0,0.91,0,1.99
2016-01-11,0.56,0.44,0,0,0,2.68
2016-01-12,0.4,0.6,0,0,0,2.05
2016-01-13,0.5,0.5,0,0,0,1.91
2016-01-14,0,0,0.57,0.43,0,1.92
2016-01-15,0,0.5,0.5,0,0,2.07
2016-01-16,0,1,0,0,0,3.05
2016-01-17,0.91,0.09,0,0,0,2.71
2016-01-18,0.5,0,0,0.5,0,1.37
2016-01-19,0.33,0,0,0.67,0,5.72
2016-01-20,0.53,0.47,0,0,0,0.74
2016-01-21,0,0.09,0.91,0,0,0.75
2016-01-22,0.31,0,0,0.69,0,3.01
2016-01-23,0.22,0,0,0.78,0,4.67
2016-01-24,0.32,0,0,0.68,0,3.31
2016-01-25,0.12,0,0,0.88,0,0.64
2016-01-26,0.22,0.78,0,0,0,0.57
2016-01-27,0.43,0.57,0,0,0,0.31
2016-01-28,0.91,0.09,0,0,0,0.98
2016-01-29,0,0.16,0.84,0,0,2.28
2016-01-30,0.38,0,0,0.62,0,0.97
2016-01-31,0.56,0,0,0.44,0,3.12
2016-02-01,0.36,0,0,0.64,0,2.95
2016-02-02,0.47,0.53,0,0,0,0.31
2016-02-03,0.62,0.38,0,0,0,0.62
2016-02-04,0.24,0.76,0,0,0,0.23
2016-02-05,0.31,0,0,0.69,0,1.44
2016-02-06,0.29,0,0,0.71,0,3.11
2016-02-07,0.64,0,0,0.36,0,2.2
2016-02-08,0.62,0,0,0.38,0,1.04
2016-02-09,0.6,0,0,0.4,0,2.66
2016-02-10,0.93,0.07,0,0,0,1.1
2016-02-11,0,0.33,0.67,0,0,3.32
2016-02-12,0,1,0,0,18,2.26
2016-02-13,0,0.4,0.6,0,21,2.36
2016-02-14,0.69,0,0,0.31,2.5,4.74
2016-02-15,0.34,0,0,0.66,0,4.3
2016-02-16,0.5,0,0,0.5,0.5,1.17
2016-02-17,0.57,0,0,0.43,0,0.59
2016-02-18,0,0,0.91,0.09,0,5.02
2016-02-19,0.24,0,0,0.76,0,0.8
2016-02-20,0.72,0.28,0,0,0,0.48
2016-02-21,0.53,0,0,0.47,0,3.59
2016-02-22,0.28,0,0,0.72,0,0.88
2016-02-23,0.24,0,0,0.76,0.5,1.7
2016-02-24,0.31,0,0,0.69,0,2.15
2016-02-25,0.24,0,0,0.76,0,0.57
2016-02-26,0.41,0,0,0.59,0,1.9
2016-02-27,0.78,0.22,0,0,0,0.49
2016-02-28,0.66,0.34,0,0,3,0.75
2016-02-29,0.3,0,0,0.7,0,4.54
2016-03-01,0.47,0,0,0.53,0,2.54
2016-03-02,0,0,0.99,0.01,0,4.35
2016-03-03,0,0.07,0.93,0,0,0.65
2016-03-04,0,0.16,0.84,0,0,3.1
2016-03-05,0,0.13,0.87,0,40,3.1
2016-03-06,0.24,0,0,0.76,0,2.86
2016-03-07,0.07,0.93,0,0,0,1.28
2016-03-08,0.2,0,0,0.8,0,3.24
2016-03-09,0.24,0,0,0.76,0,3.86
2016-03-10,0.37,0,0,0.63,0,3.62
2016-03-11,0.57,0,0,0.43,0,1.65
2016-03-12,0.34,0,0,0.66,0,0.58
2016-03-13,0.62,0.38,0,0,0,0.38
2016-03-14,0.4,0,0,0.6,0,2.62
2016-03-15,0.36,0,0,0.64,0,2.62
2016-03-16,0.72,0.28,0,0,0,0.43
2016-03-17,0.24,0,0,0.76,0,0.84
2016-03-18,0.27,0,0,0.73,0,3.92
2016-03-19,0.36,0,0,0.64,0,2.12
2016-03-20,0.53,0,0,0.47,0,1.66
2016-03-21,0.47,0,0,0.53,0,1.53
2016-03-22,0.71,0,0,0.29,0,2.96
2016-03-23,0.37,0,0,0.63,0,3.02
2016-03-24,0.42,0,0,0.58,0,3.28
2016-03-25,0.31,0,0,0.69,0,1.44
2016-03-26,0.47,0,0,0.53,0,2.55
2016-03-27,0.51,0,0,0.49,0,3.02
2016-03-28,0.5,0,0,0.5,0,0.41
2016-03-29,0.93,0,0,0.07,0,4.17
2016-03-30,0.49,0,0,0.51,0,2.61
2016-03-31,0.31,0,0,0.69,0,0.95
2016-04-01,0.88,0.12,0,0,0,0.88
2016-04-02,0.5,0,0,0.5,0,0.66
2016-04-03,0.66,0.34,0,0,2,0.38
2016-04-04,0.53,0,0,0.47,0,3.38
2016-04-05,0.61,0,0,0.39,0,2.65
2016-04-06,0.96,0.04,0,0,3,2.06
2016-04-07,0.64,0,0,0.36,7.5,3.57
2016-04-08,0.51,0,0,0.49,0,2.97
2016-04-09,0.56,0,0,0.44,0,2.03
2016-04-10,0.6,0,0,0.4,0,2.8
2016-04-11,0.43,0,0,0.57,0,0.44
2016-04-12,0.62,0.38,0,0,0,0.33
2016-04-13,0.88,0.12,0,0,1,1.23
2016-04-14,0.5,0,0,0.5,0,2.05
2016-04-15,0.62,0,0,0.38,0,1.4
2016-04-16,0,0.18,0.82,0,23.5,4.26
2016-04-17,0.73,0,0,0.27,20.5,4.64
2016-04-18,0.69,0,0,0.31,1.5,2.53
2016-04-19,0.51,0,0,0.49,0,2.8
2016-04-20,0.69,0.31,0,0,0.5,0.55
2016-04-21,0,0.16,0.84,0,17,4.42
2016-04-22,0.47,0,0,0.53,0,2.94
2016-04-23,0.81,0.19,0,0,0,1.04
2016-04-24,0.4,0.6,0,0,0,0.37
2016-04-25,0.24,0,0,0.76,0,0.28
2016-04-26,0.62,0.38,0,0,0,0.37
2016-04-27,0,0.2,0.8,0,0,3.71
2016-04-28,0.87,0.13,0,0,0,1.82
2016-04-29,0.62,0,0,0.38,0,2.97
2016-04-30,0.96,0,0,0.04,0,3.34
2016-05-01,0,0,0.97,0.03,0,2.37
2016-05-02,0,0,0.8,0.2,16.5,2.63
2016-05-03,0.96,0,0,0.04,27,6.03
2016-05-04,0.73,0,0,0.27,0,5.31
2016-05-05,0.59,0,0,0.41,7.5,0.7
2016-05-06,0.76,0.24,0,0,9.5,0.36
2016-05-07,0.6,0,0,0.4,,3.09
2016-05-08,0.03,0.97,0,0,0,0.58
2016-05-09,0,0.38,0.62,0,0,0.6
2016-05-10,0.61,0.39,0,0,13.5,3.7
2016-05-11,0,0,0.93,0.07,0,2.65
2016-05-12,0,0,0.62,0.38,0,3.69
2016-05-13,0,0,0.33,0.67,0.5,2.26
2016-05-14,0.58,0.42,0,0,0,2.23
2016-05-15,0,0,0.89,0.11,45,3.32
2016-05-16,0,0,0.89,0.11,2.5,3.17
2016-05-17,0,0,0.84,0.16,0,2.11
2016-05-18,0.91,0,0,0.09,0,2.37
2016-05-19,0.31,0.69,0,0,0,1.44
2016-05-20,0.62,0.38,0,0,0,2.29
2016-05-21,0.64,0.36,0,0,0,2.34
2016-05-22,0.47,0.53,0,0,0,1.59
2016-05-23,0.82,0,0,0.18,0,2.53
2016-05-24,0,0,0.42,0.58,38.5,3.06
2016-05-25,0,0,0.36,0.64,0,3.13
2016-05-26,0,0,0.98,0.02,0,1.76
2016-05-27,0,0,0.97,0.03,0,2.64
2016-05-28,0,0,0.89,0.11,0,2.63
2016-05-29,0,0,0.91,0.09,0,2.85
2016-05-30,0,0,0.93,0.07,0,2.33
2016-05-31,0,0,0.89,0.11,0,2.35
2016-06-01,0.62,0.38,0,0,0,2.86
2016-06-02,0.61,0.39,0,0,0,1.8
2016-06-03,0,0,0.98,0.02,0,2.41
2016-06-04,0,0,0,1,0,2.12
2016-06-05,0.56,0.44,0,0,0,1.47
2016-06-06,0,0.38,0.62,0,0,2.57
2016-06-07,0,0,0,1,0,2.76
2016-06-08,0,0,0.92,0.08,0,2.34
2016-06-09,0,0,0.87,0.13,0,2.84
2016-06-10,0,0,0.88,0.12,0,2.26
2016-06-11,0,0,0.96,0.04,3,1.82
2016-06-12,0,0,0.91,0.09,1.5,2.38
2016-06-13,0,0,0.93,0.07,0,2.53
2016-06-14,0.87,0,0,0.13,0,2.92
2016-06-15,0,0,0.84,0.16,15.5,2.72
2016-06-16,0,0,0.92,0.08,0,2.69
2016-06-17,0,0,0.23,0.77,0,2.81
2016-06-18,0,0,0.93,0.07,0,2.82
2016-06-19,0,0,0.98,0.02,0,2.36
2016-06-20,0,0,0.98,0.02,0,2.08
2016-06-21,0.6,0.4,0,0,0,1.33
2016-06-22,0.6,0.4,0,0,30.5,2.51
2016-06-23,0.58,0.42,0,0,0,1.83
2016-06-24,0,0,0.94,0.06,3.5,2.44
2016-06-25,0,0,0.87,0.13,0,2.93
2016-06-26,0,0,0.94,0.06,0,3.19
2016-06-27,0.98,0,0,0.02,0,2.66
2016-06-28,0,0,0.96,0.04,0,2.17
2016-06-29,0,0,0.69,0.31,0,2.57
2016-06-30,0,0,0.24,0.76,0,3.15
2016-07-01,0,0,0.2,0.8,108.5,2.54
2016-07-02,0,0,0.96,0.04,,2.53
2016-07-03,0,0,0.9,0.1,0,1.47
2016-07-04,0.64,0.36,0,0,29.5,3.53
2016-07-05,0.64,0.36,0,0,100.5,3.39
2016-07-06,0,0,0.96,0.04,,2.17
2016-07-07,0,0,0.87,0.13,0,1.97
2016-07-08,0.67,0,0,0.33,0,1.92
2016-07-09,0,0,0.97,0.03,0,2.73
2016-07-10,0,0,0.98,0.02,0,2.21
2016-07-11,0,0,0.91,0.09,0,1.25
2016-07-12,0.73,0,0,0.27,3,2.66
2016-07-13,0.98,0,0,0.02,0,2.13
2016-07-14,0,0,0.22,0.78,0,2.71
2016-07-15,0.63,0.37,0,0,1.5,2.83
2016-07-16,0.62,0.38,0,0,46.5,3.81
2016-07-17,0,0,0.22,0.78,2.5,2.75
2016-07-18,0,0,0,1,0,2.21
2016-07-19,0.6,0.4,0,0,0,1.51
2016-07-20,0.56,0.44,0,0,0,2.31
2016-07-21,0.58,0.42,0,0,0,2.67
2016-07-22,0.53,0.47,0,0,0,1.82
2016-07-23,0,0,0.98,0.02,0.5,1.66
2016-07-24,0,0,0.2,0.8,0.5,2.52
2016-07-25,0.87,0,0,0.13,0,1.75
2016-07-26,0,0,0.62,0.38,0,2.93
2016-07-27,0,0,0.2,0.8,0.5,3.16
2016-07-28,0.8,0,0,0.2,0,2.3
2016-07-29,0.51,0.49,0,0,59.5,1.88
2016-07-30,0.87,0,0,0.13,0.5,2.14
2016-07-31,0.06,0.94,0,0,0,0.91
2016-08-01,0,0,0.96,0.04,0,2.53
2016-08-02,0.02,0.98,0,0,2,0.77
2016-08-03,0.47,0.53,0,0,0,1.68
2016-08-04,0.36,0.64,0,0,0,1.72
2016-08-05,0.5,0.5,0,0,0,1.8
2016-08-06,0.76,0,0,0.24,0,2.23
2016-08-07,0,0,0,1,0,1.99
2016-08-08,0.27,0,0,0.73,0,3.04
2016-08-09,0.62,0.38,0,0,1,2.35
2016-08-10,0,0,0.89,0.11,0,2.01
2016-08-11,0,0,0,1,0,2.52
2016-08-12,0,0,0.89,0.11,0,2.63
2016-08-13,0,0,0.93,0.07,0,2.73
2016-08-14,0.82,0,0,0.18,0,1.67
2016-08-15,0,0,0.98,0.02,0,2.5
2016-08-16,0.96,0,0,0.04,0.5,2.11
2016-08-17,0.47,0.53,0,0,0,1.89
2016-08-18,0.56,0.44,0,0,0,1.94
2016-08-19,0.51,0.49,0,0,11.5,1.52
2016-08-20,0.61,0.39,0,0,0,1.75
2016-08-21,0.58,0.42,0,0,0,1.99
2016-08-22,0.49,0.51,0,0,0,1.61
2016-08-23,0.67,0.33,0,0,8,2.72
2016-08-24,0.89,0,0,0.11,0,2.13
2016-08-25,0.73,0,0,0.27,4.5,4.02
2016-08-26,0.64,0.36,0,0,20,4.89
2016-08-27,0.62,0.38,0,0,0,3.45
2016-08-28,0.31,0.69,0,0,1.5,3.05
2016-08-29,0.79,0,0,0.21,0,2.82
2016-08-30,0,0,0,1,0,4.22
2016-08-31,0,0,0.82,0.18,17.5,4.04
2016-09-01,0,0,0.22,0.78,0,4.51
2016-09-02,0.64,0.36,0,0,4.5,2.2
2016-09-03,0.64,0.36,0,0,0.5,2.41
2016-09-04,0.58,0.42,0,0,0,1.48
2016-09-05,0,0,0.91,0.09,0,2.13
2016-09-06,0,0,0.94,0.06,0,1.57
2016-09-07,0,0,0.93,0.07,0,2.33
2016-09-08,0,0,0.87,0.13,,1.71
2016-09-09,0.24,0.76,0,0,,1.24
2016-09-10,0.62,0.38,0,0,0,2.01
2016-09-11,0.71,0.29,0,0,0,1.8
2016-09-12,0.62,0.38,0,0,2.5,1.96
2016-09-13,0.64,0.36,0,0,0,1.96
2016-09-14,0.56,0.44,0,0,0,1.58
2016-09-15,0.26,0.74,0,0,0,0.97
2016-09-16,0,0,0.91,0.09,0,1.8
2016-09-17,0.64,0.36,0,0,7,3.21
2016-09-18,0.64,0.36,0,0,0,3.19
2016-09-19,0.62,0.38,0,0,0,3.6
2016-09-20,0.62,0.38,0,0,0,3.19
2016-09-21,0.6,0.4,0,0,0,2.23
2016-09-22,0.6,0.4,0,0,0,2.4
2016-09-23,0.56,0.44,0,0,0,1.59
2016-09-24,0.22,0.78,0,0,0,0.8
2016-09-25,0.18,0.82,0,0,0,0.68
2016-09-26,0.56,0.44,0,0,0,1.49
2016-09-27,0.6,0.4,0,0,13.5,1.36
2016-09-28,0.76,0,0,0.24,0.5,1.81
2016-09-29,0.66,0.34,0,0,,3.23
2016-09-30,0.49,0.51,0,0,0,1.94
2016-10-01,0.53,0.47,0,0,0,1.4
2016-10-02,0.62,0.38,0,0,18.5,3.26
2016-10-03,0.77,0,0,0.23,6.5,2.99
2016-10-04,0.62,0.38,0,0,0,3.29
2016-10-05,0.64,0.36,0,0,0,3.83
2016-10-06,0.71,0,0,0.29,,2.85
2016-10-07,0.64,0.36,0,0,2,2.87
2016-10-08,0,0,0.91,0.09,6,3.43
2016-10-09,0.73,0,0,0.27,0,3.14
2016-10-10,0.73,0,0,0.27,0,1.55
2016-10-11,0.23,0.77,0,0,0,1.17
2016-10-12,0.71,0,0,0.29,0,2.35
2016-10-13,0.76,0,0,0.24,0,1.96
2016-10-14,0.27,0.73,0,0,0,1.37
2016-10-15,0.24,0.76,0,0,0,1.34
2016-10-16,0.64,0.36,0,0,1.5,1.51
2016-10-17,0.73,0,0,0.27,0,3.16
2016-10-18,0.49,0.51,0,0,,1.83
2016-10-19,0.2,0.8,0,0,0,0.78
2016-10-20,0.6,0.4,0,0,0,3.08
2016-10-21,0.56,0.44,0,0,0,3.48
2016-10-22,0.49,0.51,0,0,0,1.86
2016-10-23,0.56,0.44,0,0,2.5,4.2
2016-10-24,0.49,0.51,0,0,0,2.89
2016-10-25,0.6,0.4,0,0,37,2.8
2016-10-26,0.82,0,0,0.18,0,1.98
2016-10-27,0.6,0.4,0,0,,2.08
2016-10-28,0.47,0.53,0,0,0,1.7
2016-10-29,0.84,0,0,0.16,0,3.08
2016-10-30,0.87,0,0,0.13,0,1.73
2016-10-31,0.78,0,0,0.22,0.5,3.22
2016-11-01,0.82,0,0,0.18,0,3.53
2016-11-02,0.09,0.91,0,0,0,0.92
2016-11-03,0.13,0.87,0,0,0,0.76
2016-11-04,0,0,0.2,0.8,0,3.65
2016-11-05,0,0,0.27,0.73,0,2.65
2016-11-06,0.56,0.44,0,0,0,3.64
2016-11-07,0.56,0.44,0,0,5.5,2.59
2016-11-08,0.8,0,0,0.2,0.5,3.68
2016-11-09,0,0,0.96,0.04,0,1.72
2016-11-10,0.56,0.44,0,0,0,2.11
2016-11-11,0,0,0.73,0.27,4,2.79
2016-11-12,0.42,0.58,0,0,0,2.02
2016-11-13,0.57,0.43,0,0,0.5,2.16
2016-11-14,0.61,0.39,0,0,1.5,1.66
2016-11-15,0.8,0,0,0.2,0,3.07
2016-11-16,0.79,0,0,0.21,0,2.27
2016-11-17,0.11,0.89,0,0,0,0.64
2016-11-18,0.56,0.44,0,0,0,2.33
2016-11-19,0,0,0.89,0.11,0,2.63
2016-11-20,0.84,0,0,0.16,0,2.91
2016-11-21,0.62,0.38,0,0,0,2.06
2016-11-22,0.82,0,0,0.18,0,4.1
2016-11-23,0.84,0,0,0.16,0,3.05
2016-11-24,0.8,0,0,0.2,0,2.78
2016-11-25,0.11,0.89,0,0,0,1.05
2016-11-26,0.44,0.56,0,0,1,2.41
2016-11-27,0.36,0.64,0,0,,1.98
2016-11-28,0.87,0,0,0.13,0,2.49
2016-11-29,0.93,0,0,0.07,0,2
2016-11-30,0,0,0.42,0.58,1,1.74
2016-12-01,0.84,0,0,0.16,0,4.33
2016-12-02,0.89,0,0,0.11,0,2.56
2016-12-03,0.13,0.87,0,0,0,0.79
2016-12-04,0.24,0.76,0,0,0,1.38
2016-12-05,0,0,0.9,0.1,1.5,3.85
2016-12-06,0.87,0,0,0.13,0,3.01
2016-12-07,0.44,0.56,0,0,,3.08
2016-12-08,0.4,0.6,0,0,3,2.27
2016-12-09,0.82,0,0,0.18,3,3.81
2016-12-10,0.82,0,0,0.18,0,2.02
2016-12-11,0.19,0.81,0,0,0,1.18
2016-12-12,0.56,0.44,0,0,0,2.25
2016-12-13,0.82,0,0,0.18,0,2.84
2016-12-14,0.87,0,0,0.13,0,2.91
2016-12-15,0.84,0,0,0.16,0,3.53
2016-12-16,0,0,0.91,0.09,0,2.24
2016-12-17,0.38,0.62,0,0,0,2.6
2016-12-18,0.42,0.58,0,0,0,2.11
2016-12-19,0.53,0.47,0,0,0,3.43
2016-12-20,0.11,0.89,0,0,0,0.39
2016-12-21,0.6,0.4,0,0,29,4.4
2016-12-22,0,0,0.82,0.18,23.5,4.07
2016-12-23,0.87,0,0,0.13,0,4.16
2016-12-24,0.16,0.84,0,0,0,1.49
2016-12-25,0.44,0.56,0,0,0,1.98
2016-12-26,0.16,0.84,0,0,0,0.78
2016-12-27,0.82,0,0,0.18,0,3.86
2016-12-28,0,0,0.87,0.13,0,2.45
2016-12-29,0.81,0,0,0.19,,3.27
2016-12-30,0.2,0.8,0,0,0,1.14
2016-12-31,0.31,0.69,0,0,0,1.8
2017-01-01,0.38,0.62,0,0,0,1.9
2017-01-02,0,0,0.87,0.13,0,2.95
2017-01-03,0,0,0.98,0.02,0,2.04
2017-01-04,0.09,0.91,0,0,0,0.71
2017-01-05,0.56,0.44,0,0,0,4
2017-01-06,0.51,0.49,0,0,0,3.61
2017-01-07,0.18,0.82,0,0,0,0.68
2017-01-08,0,0,0.91,0.09,0,3.62
2017-01-09,0.88,0,0,0.12,0,3.45
2017-01-10,0.96,0,0,0.04,0,3.28
2017-01-11,0,0,0.87,0.13,0,2.32
2017-01-12,0.82,0,0,0.18,0,4.06
2017-01-13,0.88,0,0,0.12,,3.67
2017-01-14,0.78,0,0,0.22,0,4.17
2017-01-15,0.87,0,0,0.13,0,2.8
2017-01-16,0.11,0.89,0,0,0,1.04
2017-01-17,0.24,0.76,0,0,0,1.31
2017-01-18,0.97,0,0,0.03,0,1.37
2017-01-19,0,0,0.87,0.13,0,2.66
2017-01-20,0.8,0,0,0.2,2.5,4.2
2017-01-21,0.11,0.89,0,0,,1.04
2017-01-22,0.77,0,0,0.23,0,4.14
2017-01-23,0,0,0.87,0.13,0,2.64
2017-01-24,0.82,0,0,0.18,0,2.39
2017-01-25,0.87,0,0,0.13,0,1.33
2017-01-26,0.24,0.76,0,0,0,1.7
2017-01-27,0.91,0,0,0.09,3,3.28
2017-01-28,0.48,0.52,0,0,0,1.85
2017-01-29,0.54,0.46,0,0,3.5,1.86
2017-01-30,0,0,0.82,0.18,0,3.66
2017-01-31,0.82,0,0,0.18,0,2.04
2017-02-01,0.82,0,0,0.18,0,3.36
2017-02-02,0,0,0.82,0.18,0,2.24
2017-02-03,0,0,0.98,0.02,0,1.79
2017-02-04,0.4,0.6,0,0,0,2.34
2017-02-05,0,0,0.9,0.1,0.5,2.22
2017-02-06,0,0,0.87,0.13,0,3.28
2017-02-07,0.96,0,0,0.04,0,1.81
2017-02-08,0,0,0.89,0.11,0,2.13
2017-02-09,0,0,0.88,0.12,0,3.76
2017-02-10,0,0,0.93,0.07,0,4.11
2017-02-11,0,0,0.84,0.16,0,3.27
2017-02-12,0,0,0.91,0.09,0,2.01
2017-02-13,0.13,0.87,0,0,0,0.73
2017-02-14,0.84,0,0,0.16,0,3.04
2017-02-15,0.18,0.82,0,0,0,0.94
2017-02-16,0.2,0.8,0,0,0,0.96
2017-02-17,0,0,0.89,0.11,4,4.15
2017-02-18,0.81,0,0,0.19,0,3.19
2017-02-19,0.36,0.64,0,0,1,2.51
2017-02-20,0.8,0,0,0.2,0.5,5.25
2017-02-21,0,0,0.87,0.13,0,1.66
2017-02-22,0.59,0.41,0,0,,2.91
2017-02-23,0.84,0,0,0.16,0,4.43
2017-02-24,0,0,0.9,0.1,0,2.15
2017-02-25,0.94,0,0,0.06,0,1.76
2017-02-26,0.8,0,0,0.2,,2.99
2017-02-27,0,0,0.96,0.04,0,1.86
2017-02-28,0,0,0.88,0.12,0,1.76
2017-03-01,0.27,0.73,0,0,5,1.38
2017-03-02,0.8,0,0,0.2,,3.23
2017-03-03,0,0,0.89,0.11,0,2.26
2017-03-04,0.27,0.73,0,0,0,1.27
2017-03-05,0,0,0.98,0.02,0.5,2.06
2017-03-06,0.82,0,0,0.18,0,4.4
2017-03-07,0.82,0,0,0.18,0,4.04
2017-03-08,0,0,0.82,0.18,0,3.02
2017-03-09,0,0,0.9,0.1,0,2.66
2017-03-10,0,0,0.87,0.13,0,2.92
2017-03-11,0,0,0.89,0.11,0,2.28
2017-03-12,0,0,0.84,0.16,0,2.78
2017-03-13,0.87,0,0,0.13,0,2.65
2017-03-14,0.84,0,0,0.16,0,3.69
2017-03-15,0,0,0.88,0.12,0,2.64
2017-03-16,0,0,0.93,0.07,0,2.9
2017-03-17,0,0,0.94,0.06,0,2.41
2017-03-18,0,0,0.88,0.12,0,3
2017-03-19,0.27,0.73,0,0,0,1.15
2017-03-20,0.58,0.42,0,0,0,1.94
2017-03-21,0,0,0.93,0.07,0,2.64
2017-03-22,0.84,0,0,0.16,0,2.82
2017-03-23,0,0,0.8,0.2,0,2.64
2017-03-24,0.4,0.6,0,0,0,2.68
2017-03-25,0.9,0,0,0.1,0,1.81
2017-03-26,0,0,0.96,0.04,0,2.68
2017-03-27,0,0,0.91,0.09,0,2.77
2017-03-28,0,0,0.87,0.13,0,2.34
2017-03-29,0,0,0.89,0.11,0,2.76
2017-03-30,0.98,0,0,0.02,0,1.97
2017-03-31,0.51,0.49,0,0,1.5,2.76
2017-04-01,0.49,0.51,0,0,1,2.92
2017-04-02,0.17,0.83,0,0,0,0.74
2017-04-03,0,0,0.82,0.18,0,2.88
2017-04-04,0,0,0.91,0.09,0,3.28
2017-04-05,0.56,0.44,0,0,37.5,3.36
2017-04-06,0,0,0.44,0.56,3,3.17
2017-04-07,0,0,0.84,0.16,0,2.86
2017-04-08,0,0,0.86,0.14,0.5,2.64
2017-04-09,0.78,0.22,0,0,,3.47
2017-04-10,0.56,0.44,0,0,0,3.64
2017-04-11,0,0,0.93,0.07,0,3.34
2017-04-12,0,0,0.84,0.16,0,3.74
2017-04-13,0,0,0.38,0.62,0,3.65
2017-04-14,0,0,0.38,0.62,6,3.55
2017-04-15,0,0,0.84,0.16,0,2.51
2017-04-16,0.69,0,0,0.31,0,0.93
2017-04-17,0.4,0,0,0.6,5.5,3.02
2017-04-18,0,0,0.76,0.24,7.5,3.32
2017-04-19,0,0,0,1,0,2.94
2017-04-20,0.76,0,0,0.24,0,2.85
2017-04-21,0,0,0,1,0,2.74
2017-04-22,0,0,0.96,0.04,0,3.77
2017-04-23,0,0,0.93,0.07,0,2.68
2017-04-24,0.47,0.53,0,0,0,1.85
2017-04-25,0,0,0.47,0.53,0,3.93
2017-04-26,0.76,0,0,0.24,0,3
2017-04-27,0.73,0,0,0.27,0,2.66
2017-04-28,0,0,0.26,0.74,0,4.04
2017-04-29,0,0,0.33,0.67,0,3.7
2017-04-30,0,0,0.3,0.7,0,3.18
2017-05-01,0,0,0,1,0,2.68
2017-05-02,0,0,0.92,0.08,0,3.29
2017-05-03,0,0,0.98,0.02,0,3.75
2017-05-04,0.98,0,0,0.02,0,2.96
2017-05-05,0,0,0.96,0.04,0,3.26
2017-05-06,0,0,0.58,0.42,0,5.01
2017-05-07,0,0,0.94,0.06,0,3.38
2017-05-08,0,0,0.89,0.11,0,1.96
2017-05-09,0.58,0.42,0,0,2.5,1.8
2017-05-10,0,0,0.91,0.09,2.5,3.22
2017-05-11,0.49,0.51,0,0,0,1.99
2017-05-12,0,0,0.29,0.71,0,2.76
2017-05-13,0,0,0.38,0.62,6,3.74
2017-05-14,0,0,0.89,0.11,0,4.16
2017-05-15,0,0,0.89,0.11,0,2.75
2017-05-16,0,0,0.99,0.01,0,2.17
2017-05-17,0,0,0.93,0.07,0,3
2017-05-18,0,0,0,1,0,2.93
2017-05-19,0,0,0.93,0.07,0,2.54
2017-05-20,0,0,0,1,0,2.54
2017-05-21,0,0,0.98,0.02,0,2.69
2017-05-22,0,0,0,1,0,2.01
2017-05-23,0,0,0.93,0.07,5,2.54
2017-05-24,0.91,0,0,0.09,0,2.41
2017-05-25,0,0,0.93,0.07,0,2.45
2017-05-26,0.76,0,0,0.24,0,3.99
2017-05-27,0,0,0.98,0.02,0,3.24
2017-05-28,0,0,0.42,0.58,0,3.34
2017-05-29,0,0,0.31,0.69,0,3.02
2017-05-30,0,0,0.44,0.56,0,2.69
2017-05-31,0,0,0,1,0,2.4
2017-06-01,0.7,0,0,0.3,0,2.96
2017-06-02,0,0,0.98,0.02,0,3.89
2017-06-03,0,0,0.96,0.04,0,2.93
2017-06-04,0,0,0.93,0.07,0,3.29
2017-06-05,0.6,0.4,0,0,0,1.65
2017-06-06,0.67,0.33,0,0,15.5,2.44
2017-06-07,0.99,0,0,0.01,12.5,3.35
2017-06-08,0,0,0.82,0.18,0,2.75
2017-06-09,0,0,0.56,0.44,0,4.1
2017-06-10,0,0,0.98,0.02,4.5,2.41
2017-06-11,0.33,0.67,0,0,0,1.27
2017-06-12,0.73,0.27,0,0,0,3.04
2017-06-13,0,0,0.87,0.13,0,3
2017-06-14,0,0,0.91,0.09,0,3.7
2017-06-15,0,0,0.33,0.67,0,2.82
2017-06-16,0,0,0.98,0.02,0,2.71
2017-06-17,0,0,0.98,0.02,0,2.45
2017-06-18,0.98,0,0,0.02,0,2.27
2017-06-19,0,0,0.98,0.02,0,1.99
2017-06-20,0,0,0.91,0.09,0,2.72
2017-06-21,0,0,0,1,0,3.19
2017-06-22,0,0,0.96,0.04,0,3.02
2017-06-23,0.99,0,0,0.01,0,2.3
2017-06-24,0.18,0.82,0,0,3.5,0.58
2017-06-25,0.6,0.4,0,0,1.5,2.26
2017-06-26,0.64,0.36,0,0,29,2.26
2017-06-27,0.53,0.47,0,0,0,1.85
2017-06-28,0,0,0.96,0.04,0,2.88
2017-06-29,0.97,0,0,0.03,0,3.09
2017-06-30,0,0,0.93,0.07,0,2.84
2017-07-01,0.71,0,0,0.29,0.5,1.78
2017-07-02,0,0,0.36,0.64,92,2.79
2017-07-03,0,0,0.49,0.51,67.5,4.03
2017-07-04,0,0,0.98,0.02,0.5,2.61
2017-07-05,0.98,0,0,0.02,0,1.85
2017-07-06,0.71,0,0,0.29,34,2.48
2017-07-07,0,0.27,0.73,0,16.5,1.59
2017-07-08,0,0,0.21,0.79,4.5,3.01
2017-07-09,0.67,0.33,0,0,32.5,1.29
2017-07-10,0,0,0.4,0.6,144.5,3.28
2017-07-11,0,0,0.89,0.11,1,2.06
2017-07-12,0,0,0.98,0.02,0,2.8
2017-07-13,0,0,0.98,0.02,0,2.14
2017-07-14,0,0,0,1,0,2.51
2017-07-15,0,0,0.89,0.11,42.5,2.19
2017-07-16,0,0,0.44,0.56,22.5,1.69
2017-07-17,0,0,0.33,0.67,7.5,1.99
2017-07-18,0,0,0.96,0.04,2.5,2.65
2017-07-19,0,0,0.96,0.04,0,2.02
2017-07-20,0,0,0.91,0.09,0,2.38
2017-07-21,0,0,0.27,0.73,0,2.79
2017-07-22,0,0,0.22,0.78,0.5,2.47
2017-07-23,0,0,0.3,0.7,133.5,2.31
2017-07-24,0,0,0.96,0.04,3,1.46
2017-07-25,0.64,0.36,0,0,0,2.8
2017-07-26,0.71,0.29,0,0,0,2.91
2017-07-27,0.51,0.49,0,0,3.5,2.14
2017-07-28,0.49,0.51,0,0,8.5,1.67
2017-07-29,0.62,0.38,0,0,0,2.25
2017-07-30,0.78,0,0,0.22,0,2.64
2017-07-31,0.53,0.47,0,0,3.5,1.47
2017-08-01,0.62,0.38,0,0,2,1.79
2017-08-02,0.51,0.49,0,0,0,1.51
2017-08-03,0,0.38,0.62,0,0,3.18
2017-08-04,0.51,0.49,0,0,0,1.93
2017-08-05,0.67,0.33,0,0,0,1.82
2017-08-06,0.6,0.4,0,0,5,1.87
2017-08-07,0,0,0.96,0.04,0,2.59
2017-08-08,0.67,0,0,0.33,0,2.15
2017-08-09,0.64,0.36,0,0,2.5,2.66
2017-08-10,0.59,0.41,0,0,5.5,2
2017-08-11,0.64,0.36,0,0,0.5,2.44
2017-08-12,0.67,0.33,0,0,0,2.41
2017-08-13,0.64,0.36,0,0,0,2.89
2017-08-14,0.69,0.31,0,0,1.5,3.78
2017-08-15,0.67,0.33,0,0,93.5,4
2017-08-16,0.64,0.36,0,0,2,3.86
2017-08-17,0.64,0.36,0,0,0.5,2.99
2017-08-18,0.47,0.53,0,0,0,1.04
2017-08-19,0.62,0.38,0,0,0,2.24
2017-08-20,0.71,0.29,0,0,124.5,3.38
2017-08-21,0,0,0.31,0.69,5,2.88
2017-08-22,0.99,0,0,0.01,0,2.06
2017-08-23,0,0,0.58,0.42,31.5,4.77
2017-08-24,0,0,0.47,0.53,14,4.78
2017-08-25,0,0,0.96,0.04,0,2.62
2017-08-26,0.69,0,0,0.31,0,2.25
2017-08-27,0.56,0.44,0,0,0,1.7
2017-08-28,0.22,0.78,0,0,9,1.3
2017-08-29,0.49,0,0,0.51,0,3.59
2017-08-30,0.69,0,0,0.31,0,2.05
2017-08-31,0.24,0.76,0,0,0,0.5
2017-09-01,0.63,0.37,0,0,0,2.17
2017-09-02,0.58,0.42,0,0,0,2.2
2017-09-03,0.6,0.4,0,0,0,2.12
2017-09-04,0.61,0.39,0,0,0,1.79
2017-09-05,0.6,0.4,0,0,0,1.93
2017-09-06,0.2,0.8,0,0,2,0.78
2017-09-07,0.76,0,0,0.24,0,1.96
2017-09-08,0,0,0.93,0.07,0,2.46
2017-09-09,0.24,0.76,0,0,0,0.5
2017-09-10,0.58,0.42,0,0,0.5,1.57
2017-09-11,0.56,0.44,0,0,24,2.31
2017-09-12,0,0,0.93,0.07,0,3.09
2017-09-13,0.71,0,0,0.29,0,1.98
2017-09-14,0.76,0.24,0,0,0,2.13
2017-09-15,0.69,0.31,0,0,0,3.61
2017-09-16,0.67,0.33,0,0,0,3.67
2017-09-17,0.56,0.44,0,0,0,2.75
2017-09-18,0,0,0.96,0.04,0,3.21
2017-09-19,0,0,0.44,0.56,8,4.1
2017-09-20,0,0,0.96,0.04,,2.58
2017-09-21,0.56,0.44,0,0,0,1.93
2017-09-22,0.62,0.38,0,0,0,2.08
2017-09-23,0.47,0.53,0,0,0,1.27
2017-09-24,0.67,0.33,0,0,0,1.84
2017-09-25,0.56,0.44,0,0,0,1.63
2017-09-26,0.71,0.29,0,0,0,2.11
2017-09-27,0,0,0.93,0.07,,2.22
2017-09-28,0.71,0,0,0.29,0,3.26
2017-09-29,0,0,0.42,0.58,0,2.73
2017-09-30,0.24,0.76,0,0,0,0.79
2017-10-01,0.67,0.33,0,0,4,2.76
2017-10-02,0.67,0.33,0,0,1.5,2.87
2017-10-03,0.67,0,0,0.33,0,2.73
2017-10-04,0.92,0,0,0.08,0,1.4
2017-10-05,0.71,0.29,0,0,0,2.61
2017-10-06,0.64,0.36,0,0,0.5,2.42
2017-10-07,0.62,0.38,0,0,0,1.72
2017-10-08,0.56,0.44,0,0,0,1.15
2017-10-09,0,0,0,1,0,1.79
2017-10-10,0.22,0.78,0,0,0,0.63
2017-10-11,0.71,0,0,0.29,20,2.79
2017-10-12,0.76,0,0,0.24,,2.39
2017-10-13,0.98,0,0,0.02,0,3.27
2017-10-14,0.27,0.73,0,0,0,0.8
2017-10-15,0.69,0.31,0,0,0,2.31
2017-10-16,0.7,0,0,0.3,0,2.28
2017-10-17,0.2,0.8,0,0,0,0.63
2017-10-18,0.67,0.33,0,0,0,2.8
2017-10-19,0.67,0.33,0,0,0,2.39
2017-10-20,0.24,0.76,0,0,0,0.65
2017-10-21,0.21,0.79,0,0,0,0.63
2017-10-22,0.69,0.31,0,0,,3.8
2017-10-23,0.31,0.69,0,0,0,1.45
2017-10-24,0.71,0,0,0.29,0,2.52
2017-10-25,0.22,0.78,0,0,0,0.47
2017-10-26,0.26,0.74,0,0,0,0.71
2017-10-27,0.78,0,0,0.22,0,1.42
2017-10-28,0.62,0.38,0,0,0,1.89
2017-10-29,0.71,0,0,0.29,0,4.27
2017-10-30,0.76,0,0,0.24,0,2.41
2017-10-31,0.27,0.73,0,0,0,1.19
2017-11-01,0,0,0.38,0.62,0,2.05
2017-11-02,0,0,0.91,0.09,1,1.98
2017-11-03,0.98,0,0,0.02,1.5,3.71
2017-11-04,0.71,0,0,0.29,0,2.8
2017-11-05,0.96,0,0,0.04,,1.65
2017-11-06,0.42,0.58,0,0,0,1.62
2017-11-07,0.58,0.42,0,0,0,2.08
2017-11-08,0,0,0.98,0.02,0,2.98
2017-11-09,0.73,0,0,0.27,0,1.31
2017-11-10,0.28,0.72,0,0,7.5,1.05
2017-11-11,0.76,0,0,0.24,0,2.19
2017-11-12,0,0,0.96,0.04,0,1.73
2017-11-13,0.49,0.51,0,0,4.5,1.67
2017-11-14,0,0,0.93,0.07,0,3.26
2017-11-15,0.69,0,0,0.31,0,3.11
2017-11-16,0.69,0,0,0.31,0,1.97
2017-11-17,0.64,0.36,0,0,0,2.46
2017-11-18,0.67,0,0,0.33,0,4.24
2017-11-19,0,0,0.89,0.11,0,2.12
2017-11-20,0.29,0.71,0,0,0,1.37
2017-11-21,0.52,0.48,0,0,,1.73
2017-11-22,0.51,0.49,0,0,0.5,2
2017-11-23,0.98,0,0,0.02,0,2.4
2017-11-24,0.2,0.8,0,0,,0.49
2017-11-25,0.5,0.5,0,0,24,2.14
2017-11-26,0.69,0,0,0.31,,2.34
2017-11-27,0.27,0.73,0,0,0,1.16
2017-11-28,0.4,0.6,0,0,0.5,1.29
2017-11-29,0.71,0,0,0.29,0,3.47
2017-11-30,0.69,0,0,0.31,0,3.83
2017-12-01,0.73,0,0,0.27,0,1.5
2017-12-02,0.47,0.53,0,0,,1.72
2017-12-03,0.44,0.56,0,0,4,1.65
2017-12-04,0.71,0,0,0.29,0,4.01
2017-12-05,0,0,0.96,0.04,,2.68
2017-12-06,0,0.41,0.59,0,0.5,1.44
2017-12-07,0.88,0,0,0.12,,1.94
2017-12-08,0.91,0,0,0.09,0,2.09
2017-12-09,0.33,0.67,0,0,0,0.97
2017-12-10,0.76,0,0,0.24,,3.73
2017-12-11,0.82,0,0,0.18,0,3.29
2017-12-12,0.51,0,0,0.49,0,2.7
2017-12-13,0.57,0,0,0.43,0,2.43
2017-12-14,0.21,0.79,0,0,0,0.85
2017-12-15,0.2,0.8,0,0,0,0.62
2017-12-16,0.67,0,0,0.33,0,2.69
2017-12-17,0.86,0,0,0.14,0,2.04
2017-12-18,0.29,0.71,0,0,,1.18
2017-12-19,0.82,0,0,0.18,0,1.85
2017-12-20,0,0.1,0.9,0,,1.42
2017-12-21,0.89,0,0,0.11,,1.37
2017-12-22,0.31,0.69,0,0,0,0.94
2017-12-23,0,0,0.11,0.89,0,1.24
2017-12-24,0.87,0,0,0.13,20,3.39
2017-12-25,0.91,0,0,0.09,0,2.91
2017-12-26,0.84,0,0,0.16,0,2.89
2017-12-27,0.89,0,0,0.11,0,2.36
2017-12-28,0.91,0,0,0.09,0,1.35
2017-12-29,0.84,0,0,0.16,0,1.64
2017-12-30,0.2,0.8,0,0,1,0.69
2017-12-31,0.8,0,0,0.2,,2.31
2018-01-01,0.62,0,0,0.38,0,1.11
2018-01-02,0.91,0,0,0.09,0,2.63
2018-01-03,0.64,0,0,0.36,0,2.22
2018-01-04,0.9,0,0,0.1,,1.65
2018-01-05,0.87,0,0,0.13,0,1.78
2018-01-06,0.9,0,0,0.1,0,1.77
2018-01-07,0.27,0.73,0,0,0,0.82
2018-01-08,0.93,0,0,0.07,0,2.67
2018-01-09,0.82,0,0,0.18,0,3.12
2018-01-10,0.58,0,0,0.42,0,4
2018-01-11,0.91,0,0,0.09,0,3.04
2018-01-12,0.91,0,0,0.09,0,1.9
2018-01-13,0.36,0.64,0,0,0,0.82
2018-01-14,0,0.07,0.93,0,0,1.23
2018-01-15,0.86,0,0,0.14,0,1.51
2018-01-16,0.24,0.76,0,0,0,0.69
2018-01-17,0.8,0,0,0.2,0,1.91
2018-01-18,0.89,0,0,0.11,0,1.9
2018-01-19,0.8,0,0,0.2,0,1.62
2018-01-20,0.83,0,0,0.17,0,2.56
2018-01-21,0.76,0,0,0.24,0,1.32
2018-01-22,0.82,0,0,0.18,,2.6
2018-01-23,0.87,0,0,0.13,,3.65
2018-01-24,0.51,0,0,0.49,0,3.87
2018-01-25,0.38,0,0,0.62,0,3.01
2018-01-26,0.49,0,0,0.51,,2.98
2018-01-27,0.91,0,0,0.09,0,2.05
2018-01-28,0.92,0,0,0.08,0,2.52
2018-01-29,0,0,0,1,0,2.77
2018-01-30,0,0,0.2,0.8,0.5,1.99
2018-01-31,0.62,0,0,0.38,,1.86
2018-02-01,0.56,0,0,0.44,0,2.06
2018-02-02,0.83,0,0,0.17,0,1.96
2018-02-03,0.8,0,0,0.2,,3.41
2018-02-04,0.82,0,0,0.18,0,2.81
2018-02-05,0.58,0,0,0.42,0,3.89
2018-02-06,0.91,0,0,0.09,0,3.33
2018-02-07,0.73,0,0,0.27,0,1.76
2018-02-08,0.18,0.82,0,0,0,0.65
2018-02-09,0.28,0.72,0,0,0,0.8
2018-02-10,0.83,0,0,0.17,0,3.01
2018-02-11,0.91,0,0,0.09,0,2.88
2018-02-12,0.8,0,0,0.2,0,2.78
2018-02-13,0.91,0,0,0.09,0,1.87
2018-02-14,0.67,0,0,0.33,0,3.23
2018-02-15,0.84,0,0,0.16,0,2.65
2018-02-16,0.93,0,0,0.07,0,2.5
2018-02-17,0.89,0,0,0.11,0,2.99
2018-02-18,0.82,0,0,0.18,0,1.45
2018-02-19,0.82,0,0,0.18,0,1.49
2018-02-20,0.8,0,0,0.2,0,2.24
2018-02-21,0.53,0,0,0.47,0,2.65
2018-02-22,0,0,0.64,0.36,0,3.36
2018-02-23,0.87,0,0,0.13,,1.37
2018-02-24,0.82,0,0,0.18,0,2.42
2018-02-25,0.93,0,0,0.07,0,2.42
2018-02-26,0.71,0,0,0.29,0,1.45
2018-02-27,0.78,0,0,0.22,0,1.09
2018-02-28,0.98,0.02,0,0,25,2.05
2018-03-01,0.91,0,0,0.09,0.5,3.4
2018-03-02,0.96,0,0,0.04,0,2.06
2018-03-03,0.96,0,0,0.04,0,2.3
2018-03-04,0.49,0.51,0,0,11.5,1.46
2018-03-05,0,0.1,0.9,0,3.5,2.02
2018-03-06,0.22,0.78,0,0,0,0.73
2018-03-07,0,0.24,0.76,0,0.5,1.68
2018-03-08,0.62,0,0,0.38,4,2.23
2018-03-09,0.8,0,0,0.2,0,1.63
2018-03-10,0.84,0,0,0.16,0,2.22
2018-03-11,0.84,0,0,0.16,0,2.31
2018-03-12,0.82,0,0,0.18,0,2.48
2018-03-13,0,0,0.31,0.69,0,2.28
2018-03-14,0,0,0.52,0.48,0,2.45
2018-03-15,0.73,0,0,0.27,27,2.46
2018-03-16,0.94,0.06,0,0,0,2.4
2018-03-17,0.87,0,0,0.13,0,2.4
2018-03-18,0,0,0,1,0.5,1.69
2018-03-19,0.96,0.04,0,0,1,3.06
2018-03-20,0,0.02,0.98,0,0,3.82
2018-03-21,0.31,0.69,0,0,1,1.83
2018-03-22,0.91,0,0,0.09,0,2.32
2018-03-23,0.82,0,0,0.18,0,2.13
2018-03-24,0.86,0,0,0.14,0,2.62
2018-03-25,0.93,0,0,0.07,0,1.88
2018-03-26,0.87,0,0,0.13,0,2.32
2018-03-27,0.8,0,0,0.2,0,1.98
2018-03-28,0.92,0,0,0.08,0,2.32
2018-03-29,0.84,0,0,0.16,0,2.23
2018-03-30,0.8,0,0,0.2,0,2.12
2018-03-31,0.87,0,0,0.13,0,2.15
2018-04-01,0,0,0.22,0.78,0,1.96
2018-04-02,0,0,0.44,0.56,0,2.03
2018-04-03,0.87,0,0,0.13,0,2.71
2018-04-04,0,0.07,0.93,0,18.5,1.99
2018-04-05,0.98,0.02,0,0,10.5,2.4
2018-04-06,0.89,0,0,0.11,,3.08
2018-04-07,0.87,0,0,0.13,0,4.19
2018-04-08,0.89,0,0,0.11,3,1.89
2018-04-09,0.29,0.71,0,0,0,0.72
2018-04-10,0,0,0.31,0.69,5,5.76
2018-04-11,0.84,0,0,0.16,,2.96
2018-04-12,0.87,0,0,0.13,0,2.52
2018-04-13,0.4,0.6,0,0,0,1.06
2018-04-14,0.91,0,0,0.09,9,2.99
2018-04-15,0.8,0,0,0.2,0,2.78
2018-04-16,0.71,0,0,0.29,0,2.13
2018-04-17,0.91,0,0,0.09,0,3.11
2018-04-18,0.91,0,0,0.09,0,1.9
2018-04-19,0.8,0,0,0.2,0,2.37
2018-04-20,0.26,0.74,0,0,0,0.54
2018-04-21,0.87,0,0,0.13,0,2.24
2018-04-22,0.36,0.64,0,0,15.5,1.15
2018-04-23,0,0.27,0.73,0,59,2.4
2018-04-24,0,0.2,0.8,0,3,1.55
2018-04-25,0.84,0,0,0.16,0,3.05
2018-04-26,0.89,0,0,0.11,0,2.35
2018-04-27,0.84,0,0,0.16,0,1.99
2018-04-28,0.84,0,0,0.16,0,2.08
2018-04-29,0.89,0,0,0.11,0,2.63
2018-04-30,0.79,0,0,0.21,0,2.15
2018-05-01,0.82,0,0,0.18,0,1.61
2018-05-02,0.89,0,0,0.11,12,3.04
2018-05-03,0.83,0,0,0.17,1,2.57
2018-05-04,0.91,0,0,0.09,0,2.96
2018-05-05,0,0,0.16,0.84,0,3.13
2018-05-06,0.49,0.51,0,0,22,0.92
2018-05-07,0.87,0,0,0.13,0,1.71
2018-05-08,0,0.04,0.96,0,0,1.97
2018-05-09,0.87,0,0,0.13,0,2.18
2018-05-10,0.91,0,0,0.09,0,2.76
2018-05-11,0.93,0,0,0.07,0,1.94
2018-05-12,0.58,0.42,0,0,32,0.82
2018-05-13,0.86,0,0,0.14,0.5,2.29
2018-05-14,0.93,0,0,0.07,0,1.93
2018-05-15,0.71,0,0,0.29,0,0.9
2018-05-16,0,0,0,1,45,2.11
2018-05-17,0.82,0,0,0.18,83,1.97
2018-05-18,0.36,0.64,0,0,6.5,1.54
2018-05-19,0.38,0.62,0,0,0,1.75
2018-05-20,0.42,0.58,0,0,0,1.4
2018-05-21,0,0.42,0.58,0,0,1.58
2018-05-22,0.82,0,0,0.18,12.5,1.32
2018-05-23,0.53,0,0,0.47,6.5,2.27
2018-05-24,0.29,0.71,0,0,0,1.21
2018-05-25,0.84,0,0,0.16,0,2.37
2018-05-26,0.91,0,0,0.09,0,1.86
2018-05-27,0.91,0,0,0.09,0,2.16
2018-05-28,0.89,0,0,0.11,0,2.56
2018-05-29,0.82,0,0,0.18,1,2.49
2018-05-30,0.96,0,0,0.04,,2.86
2018-05-31,0.79,0,0,0.21,0,2.47
2018-06-01,0.89,0,0,0.11,0,2.45
2018-06-02,0.84,0,0,0.16,0,2.1
2018-06-03,0.84,0,0,0.16,0,2.36
2018-06-04,0.87,0,0,0.13,0,1.99
2018-06-05,0.49,0,0,0.51,0,1.8
2018-06-06,0.98,0,0,0.02,0,2.54
2018-06-07,0.98,0,0,0.02,0,2.07
2018-06-08,0.87,0,0,0.13,0,2.37
2018-06-09,0.38,0.62,0,0,0.5,1.31
2018-06-10,0.99,0.01,0,0,0.5,1.46
2018-06-11,0.83,0,0,0.17,5,1.59
2018-06-12,0.82,0,0,0.18,0,2.46
2018-06-13,0.74,0,0,0.26,0,1.71
2018-06-14,0,0.16,0.84,0,29,1.2
2018-06-15,0,0.02,0.98,0,16.5,1.61
2018-06-16,0.82,0,0,0.18,0,1.53
2018-06-17,0.89,0,0,0.11,0,1.54
2018-06-18,0.91,0,0,0.09,0,2.5
2018-06-19,0.87,0,0,0.13,0,1.65
2018-06-20,0.89,0,0,0.11,0,2.57
2018-06-21,0.87,0,0,0.13,0,2.27
2018-06-22,0.89,0,0,0.11,0,2.12
2018-06-23,0.96,0,0,0.04,0,2.64
2018-06-24,0.82,0,0,0.18,0,2.06
2018-06-25,0.78,0,0,0.22,0,1.32
2018-06-26,0,0,0.62,0.38,71.5,3.21
2018-06-27,0,0,0.29,0.71,1,2.35
2018-06-28,0,0,0.13,0.87,26.5,1.55
2018-06-29,0.84,0,0,0.16,6.5,1.88
2018-06-30,0.31,0.69,0,0,14.5,0.81
2018-07-01,0,0.07,0.93,0,83.5,0.86
2018-07-02,0.47,0.53,0,0,59.5,0.83
2018-07-03,0.37,0.63,0,0,0.5,1.13
2018-07-04,0.98,0,0,0.02,0,2.42
2018-07-05,0.43,0.57,0,0,0.5,1.22
2018-07-06,0,0.02,0.98,0,0,2.02
2018-07-07,0.84,0.16,0,0,0,1.65
2018-07-08,0,0.4,0.6,0,0,1.4
2018-07-09,0,0.2,0.8,0,14,1.33
2018-07-10,0.42,0.58,0,0,16.5,1.11
2018-07-11,0.36,0.64,0,0,3,0.86
2018-07-12,0.8,0,0,0.2,1,1.81
2018-07-13,0.84,0,0,0.16,0,1.73
2018-07-14,0.82,0,0,0.18,0,2.03
2018-07-15,0.89,0,0,0.11,0,2.25
2018-07-16,0.73,0,0,0.27,0,2.02
2018-07-17,0.81,0,0,0.19,0,2.04
2018-07-18,0.82,0,0,0.18,0,2.06
2018-07-19,0.8,0,0,0.2,0,2.14
2018-07-20,0.82,0,0,0.18,0,2.21
2018-07-21,0.76,0,0,0.24,0,1.65
2018-07-22,0.87,0,0,0.13,0,2.13
2018-07-23,0.98,0,0,0.02,0,1.87
2018-07-24,0.91,0,0,0.09,0,2.56
2018-07-25,0.82,0,0,0.18,0,2.02
2018-07-26,0.89,0,0,0.11,0,2.16
2018-07-27,0.87,0,0,0.13,0,2.45
2018-07-28,0,0,0.99,0.01,7.5,1.62
2018-07-29,0.36,0.64,0,0,0,1.73
2018-07-30,0.53,0.47,0,0,0,1.5
2018-07-31,0,0.24,0.76,0,0,1.26
2018-08-01,0.84,0,0,0.16,0,2.2
2018-08-02,0.93,0,0,0.07,0,2.09
2018-08-03,0.87,0,0,0.13,0,2.69
2018-08-04,0.91,0,0,0.09,0,2.54
2018-08-05,0.88,0,0,0.12,2,3.08
2018-08-06,0.89,0,0,0.11,7,1.89
2018-08-07,0.91,0,0,0.09,0,2.51
2018-08-08,0.91,0,0,0.09,0,2.7
2018-08-09,0.92,0,0,0.08,2,1.95
2018-08-10,0.33,0.67,0,0,0,1.11
2018-08-11,0,0.58,0.42,0,0,1.73
2018-08-12,0,0.4,0.6,0,5,1.94
2018-08-13,0.31,0.69,0,0,1,0.86
2018-08-14,0.22,0.78,0,0,0,0.45
2018-08-15,0.56,0.44,0,0,1,0.95
2018-08-16,0.4,0.6,0,0,0,1.52
2018-08-17,0,0.24,0.76,0,0,2.11
2018-08-18,0.12,0,0,0.88,0,1.6
2018-08-19,0.47,0.53,0,0,0,0.98
2018-08-20,0,0,0.07,0.93,0,2.97
2018-08-21,0,0,0.11,0.89,5,3.4
2018-08-22,0.49,0.51,0,0,0,1.14
2018-08-23,0.73,0.27,0,0,3,2.15
2018-08-24,0.91,0,0,0.09,7.5,2.31
2018-08-25,0,0,0.13,0.87,0,3.05
2018-08-26,0.42,0.58,0,0,2,0.87
2018-08-27,0.69,0.31,0,0,19.5,1.04
2018-08-28,0.58,0.42,0,0,96.5,0.64
2018-08-29,0,0,0.2,0.8,42,3.23
2018-08-30,0.89,0,0,0.11,9.5,1.9
2018-08-31,0.87,0,0,0.13,0,2.11
2018-09-01,0.29,0.71,0,0,0,0.91
2018-09-02,0,0.38,0.62,0,0,1.82
2018-09-03,0,0.18,0.82,0,34.5,1.07
2018-09-04,0.56,0,0,0.44,,2.74
2018-09-05,0.96,0,0,0.04,0,3.37
2018-09-06,0,0,0.21,0.79,1,3.19
2018-09-07,0.62,0,0,0.38,0.5,2.72
2018-09-08,0.61,0,0,0.39,0,2.27
2018-09-09,0.61,0.39,0,0,0,1.29
2018-09-10,0.8,0.2,0,0,0,1.88
2018-09-11,0.84,0.16,0,0,0,1.68
2018-09-12,0.6,0.4,0,0,0,1.62
2018-09-13,0.64,0.36,0,0,0,1.4
2018-09-14,0.76,0.24,0,0,0.5,1.47
2018-09-15,0.84,0.16,0,0,0,1.2
2018-09-16,0.96,0,0,0.04,2,1.96
2018-09-17,0.87,0,0,0.13,0,1.97
2018-09-18,0.91,0,0,0.09,0,2.06
2018-09-19,0.22,0.78,0,0,0,0.46
2018-09-20,0.8,0.2,0,0,5,1.88
2018-09-21,0.89,0.11,0,0,18,1.74
2018-09-22,0.87,0,0,0.13,6.5,2.17
2018-09-23,0.84,0,0,0.16,0,2.55
2018-09-24,0.82,0,0,0.18,0,2.26
2018-09-25,0.37,0.63,0,0,0,1.03
2018-09-26,0.78,0.22,0,0,0,1.71
2018-09-27,0.53,0.47,0,0,0,1.32
2018-09-28,0.8,0.2,0,0,0,1.43
2018-09-29,0.67,0.33,0,0,0,0.99
2018-09-30,0.9,0,0,0.1,0,3.65
2018-10-01,0.87,0,0,0.13,0,3.26
2018-10-02,0.84,0,0,0.16,0,2.08
2018-10-03,0.36,0.64,0,0,0,0.97
2018-10-04,0.51,0.49,0,0,0,1.23
2018-10-05,0.87,0.13,0,0,36.5,1.53
2018-10-06,0.92,0.08,0,0,55.5,2.57
2018-10-07,0.76,0,0,0.24,0,1.51
2018-10-08,0.78,0,0,0.22,0,1.42
2018-10-09,0,0.28,0.72,0,0,1.27
2018-10-10,0.91,0,0,0.09,7,2.77
2018-10-11,0.64,0,0,0.36,0,1.91
2018-10-12,0.84,0,0,0.16,0,1.27
2018-10-13,0.38,0.62,0,0,0,0.98
2018-10-14,0.38,0.62,0,0,0,1.11
2018-10-15,0.69,0,0,0.31,0,1.64
2018-10-16,0.84,0,0,0.16,0,1.57
2018-10-17,0.74,0,0,0.26,0,1.64
2018-10-18,0.31,0.69,0,0,0,0.88
2018-10-19,0.82,0,0,0.18,0,1.66
2018-10-20,0.38,0.62,0,0,0,1.13
2018-10-21,0.24,0.76,0,0,0,0.5
2018-10-22,0.37,0.63,0,0,0,0.81
2018-10-23,0.39,0.61,0,0,5,0.93
2018-10-24,0.76,0,0,0.24,0,1.65
2018-10-25,0.36,0.64,0,0,0,1.19
2018-10-26,0.89,0,0,0.11,11,2.4
2018-10-27,0.87,0,0,0.13,0,3.14
2018-10-28,0.71,0,0,0.29,5.5,1.9
2018-10-29,0.56,0,0,0.44,0,2.46
2018-10-30,0.88,0,0,0.12,0,2.02
2018-10-31,0.64,0,0,0.36,0,1.9
2018-11-01,0.76,0,0,0.24,0,1.48
2018-11-02,0.33,0.67,0,0,0,0.97
2018-11-03,0.31,0.69,0,0,0,1.13
2018-11-04,0.24,0.76,0,0,0,0.57
2018-11-05,0.87,0,0,0.13,0,1.69
2018-11-06,0.96,0,0,0.04,0,1.18
2018-11-07,0.82,0.18,0,0,2,1.3
2018-11-08,0.89,0.11,0,0,64,1.94
2018-11-09,0.93,0,0,0.07,1,3.1
2018-11-10,0.89,0,0,0.11,0,1.89
2018-11-11,0.37,0.63,0,0,0,1.21
2018-11-12,0.67,0,0,0.33,0,1.39
2018-11-13,0.76,0,0,0.24,0,1.34
2018-11-14,0.58,0,0,0.42,0,1.58
2018-11-15,0.31,0.69,0,0,0,0.97
2018-11-16,0.3,0.7,0,0,0,0.9
2018-11-17,0.73,0,0,0.27,0,1.52
2018-11-18,0.18,0.82,0,0,0,0.4
2018-11-19,0.22,0.78,0,0,0,0.54
2018-11-20,0.31,0.69,0,0,0,1.16
2018-11-21,0.16,0,0,0.84,1,1.62
2018-11-22,0.84,0,0,0.16,0,2.82
2018-11-23,0.51,0,0,0.49,0,1.55
2018-11-24,0.91,0.09,0,0,12,1.99
2018-11-25,0.36,0.64,0,0,0,1.1
2018-11-26,0.4,0.6,0,0,0,1.28
2018-11-27,0.28,0.72,0,0,0,0.96
2018-11-28,0.71,0,0,0.29,0,1.46
2018-11-29,0.42,0.58,0,0,0,1.22
2018-11-30,0.87,0,0,0.13,0,2.04
2018-12-01,0.38,0.62,0,0,0,1.1
2018-12-02,0.94,0.06,0,0,0,1.55
2018-12-03,0,0.02,0.98,0,9.5,1.44
2018-12-04,0.89,0,0,0.11,5,2.57
2018-12-05,0.87,0,0,0.13,0,2.16
2018-12-06,0.87,0,0,0.13,0,2.74
2018-12-07,0.58,0,0,0.42,0,4.23
2018-12-08,0.53,0,0,0.47,0,2.64
2018-12-09,0.93,0,0,0.07,0,1.99
2018-12-10,0.51,0.49,0,0,0,1.18
2018-12-11,0.36,0.64,0,0,0,1.1
2018-12-12,0.93,0,0,0.07,0,2.46
2018-12-13,0.49,0,0,0.51,0.5,4.25
2018-12-14,0.84,0,0,0.16,0,1.77
2018-12-15,0.32,0.68,0,0,0,0.9
2018-12-16,0.33,0.67,0,0,0,1.16
2018-12-17,0.21,0.79,0,0,0,0.64
2018-12-18,0.96,0,0,0.04,0,1.94
2018-12-19,0.76,0,0,0.24,0,1.5
2018-12-20,0.2,0.8,0,0,0,0.61
2018-12-21,0.36,0.64,0,0,0,1.11
2018-12-22,0.9,0,0,0.1,0,1.87
2018-12-23,0.89,0,0,0.11,0,2.86
2018-12-24,0.92,0,0,0.08,0,2.14
2018-12-25,0.42,0.58,0,0,0,1.26
2018-12-26,0.6,0,0,0.4,0,3.25
2018-12-27,0.62,0,0,0.38,0,3.88
2018-12-28,0.93,0,0,0.07,0,3.14
2018-12-29,0.68,0,0,0.32,0,3.3
2018-12-30,0.82,0,0,0.18,0,1.06
2018-12-31,0.13,0.87,0,0,0,0.66
2019-01-01,0.98,0,0,0.02,0,2.42
2019-01-02,0.84,0,0,0.16,0,1.7
2019-01-03,0.87,0,0,0.13,0,1.54
2019-01-04,0.24,0.76,0,0,0,0.7
2019-01-05,0.58,0,0,0.42,0,2.68
2019-01-06,0.87,0,0,0.13,0,1.65
2019-01-07,0.79,0,0,0.21,0,1.63
2019-01-08,0.89,0,0,0.11,0,2.8
2019-01-09,0.92,0,0,0.08,0,1.59
2019-01-10,0.86,0,0,0.14,0,1.77
2019-01-11,0.33,0.67,0,0,0,0.97
2019-01-12,0.87,0,0,0.13,0,1.82
2019-01-13,0.92,0,0,0.08,0,1.89
2019-01-14,0.93,0,0,0.07,0,1.37
2019-01-15,0.91,0,0,0.09,0,2.7
2019-01-16,0.84,0,0,0.16,0,2.42
2019-01-17,0.76,0,0,0.24,0,2.19
2019-01-18,0.84,0,0,0.16,0,1.4
2019-01-19,0.42,0.58,0,0,0,1.27
2019-01-20,0.84,0,0,0.16,0,3.26
2019-01-21,0.87,0,0,0.13,0,1.76
2019-01-22,0,0,0.96,0.04,0,1.84
2019-01-23,0,0,0.98,0.02,0,1.56
2019-01-24,0.87,0,0,0.13,0,2.02
2019-01-25,0.81,0,0,0.19,0,2.2
2019-01-26,0.68,0,0,0.32,0,2.93
2019-01-27,0.84,0,0,0.16,0,2.23
2019-01-28,0.58,0,0,0.42,0,3.6
2019-01-29,0.84,0,0,0.16,0,1.83
2019-01-30,0.92,0,0,0.08,0,1.84
2019-01-31,0.84,0,0,0.16,0,2.99
2019-02-01,0.82,0,0,0.18,0,1.95
2019-02-02,0.6,0.4,0,0,0,1.2
2019-02-03,0.87,0.13,0,0,16,1.68
2019-02-04,0.91,0,0,0.09,0,2.55
2019-02-05,0.67,0.33,0,0,0,1.02
2019-02-06,0.47,0.53,0,0,0,1.13
2019-02-07,0.93,0,0,0.07,0.5,4.09
2019-02-08,0.92,0,0,0.08,0,2.79
2019-02-09,0.51,0,0,0.49,0,2.96
2019-02-10,0.8,0,0,0.2,0,2.06
2019-02-11,0.87,0,0,0.13,0,2.24
2019-02-12,0.58,0,0,0.42,0,2.17
2019-02-13,0.58,0,0,0.42,0,2.73
2019-02-14,0.99,0,0,0.01,0,1.77
2019-02-15,0.91,0,0,0.09,0,1.63
2019-02-16,0.62,0,0,0.38,0,2.51
2019-02-17,0.82,0,0,0.18,0,1.8
2019-02-18,0.81,0,0,0.19,0,1.5
2019-02-19,0.92,0,0,0.08,3,1.82
2019-02-20,0.91,0,0,0.09,,2.52
2019-02-21,0.89,0,0,0.11,0,1.82
2019-02-22,0.96,0,0,0.04,,1.97
2019-02-23,0.31,0.69,0,0,0,1.19
2019-02-24,0.29,0.71,0,0,0,0.98
2019-02-25,0.96,0,0,0.04,0,2.63
2019-02-26,0.87,0,0,0.13,0,1.88
2019-02-27,0.87,0,0,0.13,0,2.17
2019-02-28,0.89,0,0,0.11,0,2.25
2019-03-01,0.91,0,0,0.09,,2.55
2019-03-02,0.69,0,0,0.31,0,1.18
2019-03-03,0.24,0.76,0,0,0,0.66
2019-03-04,0.89,0,0,0.11,0,2.09
2019-03-05,0.91,0,0,0.09,0,2.13
2019-03-06,0.88,0,0,0.12,0,1.98
2019-03-07,0.89,0,0,0.11,,2.18
2019-03-08,0.96,0,0,0.04,0,2.36
2019-03-09,0.82,0,0,0.18,0,1.45
2019-03-10,0.73,0.27,0,0,0,1.1
2019-03-11,0.84,0,0,0.16,0,2.75
2019-03-12,0.93,0,0,0.07,0,3.38
2019-03-13,0.87,0,0,0.13,0,3.25
2019-03-14,0,0,0.2,0.8,0,2.19
2019-03-15,0.82,0,0,0.18,3.5,1.7
2019-03-16,0.76,0,0,0.24,0,2.33
2019-03-17,0.84,0,0,0.16,0,1.81
2019-03-18,0.78,0,0,0.22,0,1.38
2019-03-19,0.3,0.7,0,0,0,0.9
2019-03-20,0.87,0.13,0,0,16.5,1.44
2019-03-21,0.96,0,0,0.04,3.3,3.75
2019-03-22,0.48,0,0,0.52,0,3.04
2019-03-23,0.82,0,0,0.18,1.7,2.22
2019-03-24,0.91,0,0,0.09,0,2.23
2019-03-25,0,0,0.36,0.64,0,2.54
2019-03-26,0.9,0,0,0.1,0,2.12
2019-03-27,0,0,0.67,0.33,0,2.96
2019-03-28,0.89,0,0,0.11,0,2.85
2019-03-29,0.87,0,0,0.13,0,2.84
2019-03-30,0.89,0,0,0.11,1.8,4.31
2019-03-31,0.88,0,0,0.12,0,3.42
2019-04-01,0.73,0,0,0.27,0,2.06
2019-04-02,0.84,0,0,0.16,0,2.44
2019-04-03,0.96,0,0,0.04,0,2.87
2019-04-04,0,0,0.87,0.13,0,2.78
2019-04-05,0.91,0,0,0.09,0,3.13
2019-04-06,0.4,0.6,0,0,0.8,1.29
2019-04-07,0.66,0,0,0.34,0,2.57
2019-04-08,0.62,0,0,0.38,0,2.94
2019-04-09,0.81,0.19,0,0,17.4,2.44
2019-04-10,0.31,0,0,0.69,5.6,2.14
2019-04-11,0.87,0,0,0.13,0,2.27
2019-04-12,0.82,0,0,0.18,0,1.94
2019-04-13,0.89,0,0,0.11,0,2.48
2019-04-14,0.84,0,0,0.16,1.7,2.72
2019-04-15,0.89,0,0,0.11,0,1.99
2019-04-16,0.33,0.67,0,0,0,1.1
2019-04-17,0.84,0,0,0.16,0,2
2019-04-18,0.82,0,0,0.18,0,2.06
2019-04-19,0.62,0.38,0,0,0,1.61
2019-04-20,0.9,0,0,0.1,1.2,2.36
2019-04-21,0.89,0,0,0.11,0.3,2.28
2019-04-22,0.9,0,0,0.1,0,1.82
2019-04-23,0.89,0,0,0.11,0,1.66
2019-04-24,0.91,0,0,0.09,4.1,2.85
2019-04-25,0.87,0.13,0,0,11.3,2.19
2019-04-26,0.44,0.56,0,0,4.9,1.76
2019-04-27,0.84,0,0,0.16,0,2.38
2019-04-28,0.91,0,0,0.09,0,2.26
2019-04-29,0.31,0.69,0,0,0,0.99
2019-04-30,0.27,0.73,0,0,0,0.67
2019-05-01,0.87,0,0,0.13,0,2.53
2019-05-02,0.91,0,0,0.09,0,2.47
2019-05-03,0.87,0,0,0.13,0,2.27
2019-05-04,0.89,0,0,0.11,0,2.16
2019-05-05,0.84,0,0,0.16,0,3.16
2019-05-06,0.36,0,0,0.64,0,3.98
2019-05-07,0.84,0,0,0.16,0,2.36
2019-05-08,0.96,0,0,0.04,0,2.39
2019-05-09,0.92,0,0,0.08,0,2.52
2019-05-10,0.91,0,0,0.09,0,2.18
2019-05-11,0.89,0,0,0.11,0,2.19
2019-05-12,0.89,0,0,0.11,0,1.92
2019-05-13,0.87,0,0,0.13,0,2.26
2019-05-14,0.91,0,0,0.09,0,1.55
2019-05-15,0.89,0,0,0.11,0,2.34
2019-05-16,0.89,0,0,0.11,0,2.28
2019-05-17,0.9,0,0,0.1,0,1.31
2019-05-18,0,0.49,0.51,0,0,2.35
2019-05-19,0,1,0,0,22,1.38
2019-05-20,0.98,0,0,0.02,8.7,3.54
2019-05-21,0,0,0.18,0.82,0,2.58
2019-05-22,0,0,0.28,0.72,0,3.22
2019-05-23,0.91,0,0,0.09,0,2.25
2019-05-24,0.93,0,0,0.07,0,2.6
2019-05-25,0.84,0,0,0.16,0,1.54
2019-05-26,0.91,0,0,0.09,0,2.7
2019-05-27,0,0.14,0.86,0,7.1,1.63
2019-05-28,0.84,0,0,0.16,,2.8
2019-05-29,0.78,0,0,0.22,0,2.71
2019-05-30,0,0,0.16,0.84,0,3.76
2019-05-31,0.84,0,0,0.16,0,2.95
2019-06-01,0.92,0,0,0.08,0,2.05
2019-06-02,0.88,0,0,0.12,0,2.43
2019-06-03,0.91,0,0,0.09,0,2.48
2019-06-04,0.91,0,0,0.09,0,3.04
2019-06-05,0.82,0,0,0.18,0,2.79
2019-06-06,0.73,0.27,0,0,7.5,1.43
2019-06-07,0.51,0.49,0,0,35.3,1.98
2019-06-08,0.47,0.53,0,0,0,1.32
2019-06-09,0.89,0,0,0.11,2.5,2.46
2019-06-10,0.78,0.22,0,0,9.5,1.74
2019-06-11,0.62,0.38,0,0,0,1.39
2019-06-12,0.84,0,0,0.16,0,2.61
2019-06-13,0.87,0,0,0.13,0,2.02
2019-06-14,0.91,0,0,0.09,0,1.73
2019-06-15,0.6,0,0,0.4,2.1,2.97
2019-06-16,0.44,0.56,0,0,0,1.01
2019-06-17,0.96,0,0,0.04,0,2.09
2019-06-18,0.84,0,0,0.16,13.8,2.11
2019-06-19,0.93,0,0,0.07,0.2,2.24
2019-06-20,0.93,0,0,0.07,0,2.21
2019-06-21,0.9,0,0,0.1,0.2,2.17
2019-06-22,0.67,0.33,0,0,0,1.59
2019-06-23,0.6,0.4,0,0,0,1.31
2019-06-24,0.87,0,0,0.13,0,2.5
2019-06-25,0.98,0,0,0.02,0,2.37
2019-06-26,0.49,0.51,0,0,0,1.09
2019-06-27,0.49,0.51,0,0,1.4,1.28
2019-06-28,0.82,0,0,0.18,0,2.18
2019-06-29,0.53,0.47,0,0,1.5,1.12
2019-06-30,0,0,0.24,0.76,0,2.77
2019-07-01,0.89,0,0,0.11,0,2.75
2019-07-02,0.87,0,0,0.13,0,2.65
2019-07-03,0.96,0,0,0.04,0,2.13
2019-07-04,0.87,0,0,0.13,0,2.56
2019-07-05,0.96,0,0,0.04,0,2.17
2019-07-06,0.89,0.11,0,0,0,1.79
2019-07-07,0.8,0.2,0,0,0,2.4
2019-07-08,0.78,0.22,0,0,0,2.26
2019-07-09,0.71,0.29,0,0,0,1.83
2019-07-10,0.78,0.22,0,0,8.5,2.19
2019-07-11,0.51,0.49,0,0,2.9,1.24
2019-07-12,0.96,0,0,0.04,0,2.28
2019-07-13,0.93,0,0,0.07,0,2.15
2019-07-14,0.96,0,0,0.04,0,1.81
2019-07-15,0.56,0.44,0,0,7.7,0.86
2019-07-16,0.91,0,0,0.09,6.3,1.96
2019-07-17,0.91,0,0,0.09,0.7,1.47
2019-07-18,0.86,0,0,0.14,0,2.09
2019-07-19,0.69,0.31,0,0,0,1.43
2019-07-20,0.93,0.07,0,0,1.1,2.34
2019-07-21,0,0,0.58,0.42,6.2,3.19
2019-07-22,0.93,0,0,0.07,0.1,2.33
2019-07-23,0.93,0,0,0.07,0,2.15
2019-07-24,0,0,0.38,0.62,1,1.57
2019-07-25,0,0,0.27,0.73,9.7,1.94
2019-07-26,0,0,0.31,0.69,60,2.22
2019-07-27,0.51,0.49,0,0,0.6,0.72
2019-07-28,0,0,0.24,0.76,25.6,2.37
2019-07-29,0,0,0.11,0.89,0.5,2.77
2019-07-30,0,0,0.22,0.78,1.2,3.75
2019-07-31,0,0,0.27,0.73,62.3,3.09
2019-08-01,0.92,0,0,0.08,26.9,1.8
2019-08-02,0.9,0,0,0.1,0,1.89
2019-08-03,0.4,0.6,0,0,3,0.93
2019-08-04,0.39,0.61,0,0,8.6,1.08
2019-08-05,0.33,0.67,0,0,0,0.93
2019-08-06,0.62,0.38,0,0,0,1.63
2019-08-07,0,0,0,1,8,1.83
2019-08-08,0.84,0,0,0.16,0,1.88
2019-08-09,0.73,0,0,0.27,0,1.89
2019-08-10,0.98,0.02,0,0,0,1.52
2019-08-11,0.98,0.02,0,0,6.7,2.64
2019-08-12,0,1,0,0,,1.41
2019-08-13,0.93,0,0,0.07,6.5,1.97
2019-08-14,0.83,0.17,0,0,0,1.86
2019-08-15,0.64,0.36,0,0,16.2,1.37
2019-08-16,0.82,0,0,0.18,0.1,2.42
2019-08-17,0.87,0,0,0.13,0,2.59
2019-08-18,0.96,0,0,0.04,0,2.26
2019-08-19,0.51,0.49,0,0,0,1.14
2019-08-20,0.73,0.27,0,0,0,1.11
2019-08-21,0.58,0.42,0,0,1.3,0.79
2019-08-22,0.89,0,0,0.11,0,2.26
2019-08-23,0.78,0,0,0.22,0,2.67
2019-08-24,0.84,0,0,0.16,0,2.2
2019-08-25,0.89,0,0,0.11,0,2.66
2019-08-26,0.38,0.62,0,0,0,0.92
2019-08-27,0.78,0,0,0.22,20,1.42
2019-08-28,0.87,0,0,0.13,0,1.67
2019-08-29,0,0.44,0.56,0,36.9,2.75
2019-08-30,0,0,0.31,0.69,0.2,2.98
2019-08-31,0,0,0.27,0.73,0,2.6
2019-09-01,0.29,0,0,0.71,0,1.51
2019-09-02,0.42,0,0,0.58,0,1.52
2019-09-03,0.07,0,0,0.93,0,2.48
2019-09-04,0.02,0,0,0.98,22.7,2.76
2019-09-05,0.04,0,0,0.96,36.4,2.16
2019-09-06,0.02,0,0,0.98,2.4,2.12
2019-09-07,0.02,0.98,0,0,2.8,5.24
2019-09-08,0,0.57,0.43,0,0,2.88
2019-09-09,0.22,0,0,0.78,0,1.47
2019-09-10,0.02,0,0,0.98,63.2,2.32
2019-09-11,0.04,0.96,0,0,7.6,3.22
2019-09-12,0.04,0.96,0,0,3.9,2.93
2019-09-13,0.03,0,0,0.97,0.1,2.46
2019-09-14,0.56,0,0,0.44,0.3,1.39
2019-09-15,0.2,0,0,0.8,0,1.41
2019-09-16,0.09,0,0,0.91,0,1.89
2019-09-17,0.04,0.96,0,0,0,2.45
2019-09-18,0,0,0.62,0.38,0,3.39
2019-09-19,0.91,0,0,0.09,0,2.9
2019-09-20,0.16,0,0,0.84,0,2.48
2019-09-21,0.11,0,0,0.89,0,1.9
2019-09-22,0.04,0,0,0.96,0.4,3.85
2019-09-23,0,0,0.31,0.69,0,1.83
2019-09-24,0.36,0,0,0.64,0,1.34
2019-09-25,0.42,0,0,0.58,0,1.82
2019-09-26,0.11,0,0,0.89,0,1.66
2019-09-27,0.07,0,0,0.93,0,1.94
2019-09-28,0,0,0.37,0.63,0,1.85
2019-09-29,0,0,0.24,0.76,0,2.33
2019-09-30,0.46,0,0,0.54,0,1.64
2019-10-01,0.49,0,0,0.51,0,1.65
2019-10-02,0.04,0,0,0.96,23.2,3.07
2019-10-03,0.12,0,0,0.88,4.6,2.42
2019-10-04,0.1,0,0,0.9,0,1.72
2019-10-05,0.07,0,0,0.93,0.6,3.64
2019-10-06,0.02,0,0,0.98,0,3.37
2019-10-07,0.09,0,0,0.91,25.4,2.05
2019-10-08,0,0,0.64,0.36,,3.25
2019-10-09,0,0,0.66,0.34,0,2.03
2019-10-10,0.49,0,0,0.51,,1.36
2019-10-11,0.07,0,0,0.93,0,3.36
2019-10-12,0.09,0,0,0.91,0,3.36
2019-10-13,0.02,0.98,0,0,0,2.59
2019-10-14,0,0,0.68,0.32,0,3.14
2019-10-15,0.04,0.96,0,0,0,2.6
2019-10-16,0.48,0,0,0.52,0,1.36
2019-10-17,0.13,0,0,0.87,0,1.8
2019-10-18,0.07,0,0,0.93,0,2.63
2019-10-19,0,0,0.33,0.67,0,2.68
2019-10-20,0.31,0,0,0.69,0,1.25
2019-10-21,0.52,0,0,0.48,0,0.99
2019-10-22,0.69,0.31,0,0,0,2.04
2019-10-23,0.69,0.31,0,0,0,2.51
2019-10-24,0.78,0.22,0,0,0,2.9
2019-10-25,0.96,0,0,0.04,0,3.43
2019-10-26,0.98,0,0,0.02,0,3.06
2019-10-27,0.91,0,0,0.09,0,2.26
2019-10-28,0.57,0.43,0,0,1.7,1.53
2019-10-29,0.89,0,0,0.11,0.1,3.29
2019-10-30,0.89,0,0,0.11,0,2.49
2019-10-31,0.51,0.49,0,0,0,1.86
2019-11-01,0.58,0,0,0.42,,2.51
2019-11-02,0.27,0.73,0,0,0,1.32
2019-11-03,0.73,0.27,0,0,0,3.17
2019-11-04,0.73,0.27,0,0,0,2.5
2019-11-05,0.2,0.8,0,0,0,0.81
2019-11-06,0.91,0,0,0.09,0,2.19
2019-11-07,0.54,0,0,0.46,0,2.75
2019-11-08,0.84,0,0,0.16,0,1.45
2019-11-09,0.91,0,0,0.09,0,2.16
2019-11-10,0.67,0.33,0,0,,1.95
2019-11-11,0,0,0.93,0.07,1.1,2.37
2019-11-12,0.29,0.71,0,0,0,1.43
2019-11-13,0.52,0.48,0,0,7.5,1.67
2019-11-14,0.84,0,0,0.16,0,4.56
2019-11-15,0.6,0.4,0,0,18.8,1.94
2019-11-16,0.36,0.64,0,0,0,1.48
2019-11-17,0.78,0.22,0,0,21.1,3.96
2019-11-18,0.96,0,0,0.04,14.7,3.54
2019-11-19,0.96,0,0,0.04,0,2.97
2019-11-20,0.61,0,0,0.39,0,2.6
2019-11-21,0.31,0.69,0,0,0,1.62
2019-11-22,0.87,0.13,0,0,0,2.39
2019-11-23,0.96,0.04,0,0,0,2.22
2019-11-24,0.38,0.62,0,0,3.8,1.63
2019-11-25,0.63,0,0,0.37,0,2.71
2019-11-26,0.51,0.49,0,0,0,1.42
2019-11-27,0.64,0,0,0.36,0,2.79
2019-11-28,0.89,0,0,0.11,0,1.7
2019-11-29,0.91,0,0,0.09,0,2.69
2019-11-30,0.78,0.22,0,0,0,1.76
2019-12-01,0.33,0.67,0,0,3.3,1.5
2019-12-02,0.58,0,0,0.42,0,3.76
2019-12-03,0.23,0.77,0,0,0.6,1.23
2019-12-04,0.58,0,0,0.42,0,2.01
2019-12-05,0.58,0,0,0.42,0,3.62
2019-12-06,0.44,0,0,0.56,0,1.72
2019-12-07,0.56,0.44,0,0,0.1,2.18
2019-12-08,0.31,0.69,0,0,0,1.56
2019-12-09,0.64,0.36,0,0,0,2.59
2019-12-10,0.43,0.57,0,0,1.7,1.23
2019-12-11,0.89,0,0,0.11,0.2,4.67
2019-12-12,0.56,0,0,0.44,0,2.61
2019-12-13,0.56,0.44,0,0,1,1.74
2019-12-14,0,0,0,1,0,2.81
2019-12-15,0.98,0.02,0,0,0,2.81
2019-12-16,0.78,0.22,0,0,0,2.36
2019-12-17,0.62,0.38,0,0,9.8,1.77
2019-12-18,0.93,0,0,0.07,0,2.9
2019-12-19,0.91,0,0,0.09,0,2.63
2019-12-20,0.67,0,0,0.33,0,2.51
2019-12-21,0.56,0.44,0,0,0.6,1.93
2019-12-22,0.69,0.31,0,0,0.3,2.21
2019-12-23,0.62,0,0,0.38,2.9,2.44
2019-12-24,0.51,0.49,0,0,0,1.62
2019-12-25,0.5,0.5,0,0,0,1.45
2019-12-26,0.89,0,0,0.11,0.3,3.4
2019-12-27,0.18,0,0,0.82,0,1.86
2019-12-28,0.58,0.42,0,0,0,1.76
2019-12-29,0.73,0.27,0,0,1.4,2.88
2019-12-30,0.56,0,0,0.44,0.4,3.77
2019-12-31,0.58,0,0,0.42,0,4.16
2020-01-01,0.54,0.46,0,0,0.1,1.37
2020-01-02,0.88,0,0,0.12,0,2.39
2020-01-03,0.67,0,0,0.33,0,1.59
2020-01-04,0.38,0.62,0,0,0,1.49
2020-01-05,0.62,0,0,0.38,0,1.22
2020-01-06,0.73,0.27,0,0,1.8,3.65
2020-01-07,0.84,0.16,0,0,46.3,4.14
2020-01-08,0.9,0,0,0.1,11.6,3.47
2020-01-09,0.84,0,0,0.16,0,2.35
2020-01-10,0.92,0,0,0.08,0,1.94
2020-01-11,0.34,0.66,0,0,0,1.32
2020-01-12,0.89,0,0,0.11,0,2.56
2020-01-13,0.93,0,0,0.07,0,3.01
2020-01-14,0.58,0,0,0.42,0,1.91
2020-01-15,0.91,0,0,0.09,0,2.02
2020-01-16,0.57,0,0,0.43,0,2.3
2020-01-17,0.73,0,0,0.27,0,1.48
2020-01-18,0.87,0,0,0.13,0,2
2020-01-19,0,0,0,1,0.6,2.35
2020-01-20,0.93,0,0,0.07,0,2.85
2020-01-21,0.31,0.69,0,0,0,1.48
2020-01-22,0.56,0.44,0,0,0,1.47
2020-01-23,0.51,0,0,0.49,0,3.03
2020-01-24,0.56,0,0,0.44,0,2.68
2020-01-25,0.36,0.64,0,0,0,1.37
2020-01-26,0.82,0.18,0,0,0,3.66
2020-01-27,0.76,0.24,0,0,0.1,5.18
2020-01-28,0.42,0.58,0,0,0,2.63
2020-01-29,0.78,0.22,0,0,0,2.42
2020-01-30,0.69,0.31,0,0,0,1.93
2020-01-31,0.91,0,0,0.09,0,3.28
2020-02-01,0.89,0,0,0.11,0,1.87
2020-02-02,0.9,0,0,0.1,0,1.94
2020-02-03,0.58,0,0,0.42,0,3.35
2020-02-04,0.91,0,0,0.09,1.7,3.27
2020-02-05,0.53,0,0,0.47,0,4.18
2020-02-06,0.51,0,0,0.49,0,2.09
2020-02-07,0.53,0,0,0.47,0,2.26
2020-02-08,0.47,0,0,0.53,0,3.09
2020-02-09,0.89,0,0,0.11,0,2.06
2020-02-10,0.54,0,0,0.46,0,2.58
2020-02-11,0.62,0.38,0,0,0,1.6
2020-02-12,0.8,0.2,0,0,6.7,2.93
2020-02-13,0.89,0,0,0.11,0,1.75
2020-02-14,0.84,0,0,0.16,0,1.07
2020-02-15,0.76,0.24,0,0,2,3.25
2020-02-16,0.89,0,0,0.11,13.4,4.32
2020-02-17,0.49,0,0,0.51,1,3.8
2020-02-18,0.87,0,0,0.13,0,1.98
2020-02-19,0.6,0.4,0,0,0,1.9
2020-02-20,0.33,0.67,0,0,0,1.51
2020-02-21,0.58,0.42,0,0,4.2,1.86
2020-02-22,0.93,0,0,0.07,3.1,4.21
2020-02-23,0.89,0,0,0.11,0,2.55
2020-02-24,0.53,0.47,0,0,0,1.68
2020-02-25,0.78,0.22,0,0,16.6,4.42
2020-02-26,0.58,0.42,0,0,0,1.73
2020-02-27,0.73,0.27,0,0,0,2
2020-02-28,0.52,0.48,0,0,3.9,1.45
2020-02-29,0.91,0,0,0.09,0.5,2.05
2020-03-01,0.92,0,0,0.08,0.2,3.13
2020-03-02,0.91,0,0,0.09,0,2.78
2020-03-03,0.91,0,0,0.09,0,3.16
2020-03-04,0.89,0,0,0.11,0,3.55
2020-03-05,0.91,0,0,0.09,0,2.54
2020-03-06,0.4,0.6,0,0,0,1.56
2020-03-07,0.82,0.18,0,0,0,2.09
2020-03-08,0.74,0,0,0.26,0,1.99
2020-03-09,0.91,0,0,0.09,0,1.82
2020-03-10,0.67,0,0,0.33,11.8,2.78
2020-03-11,0.91,0,0,0.09,0,3.76
2020-03-12,0.54,0.46,0,0,0,1.87
2020-03-13,0.56,0,0,0.44,0.5,3.9
2020-03-14,0,0,0,1,0,2.78
2020-03-15,0.84,0,0,0.16,0,2.82
2020-03-16,0.96,0,0,0.04,0,3.21
2020-03-17,0,0,0.31,0.69,0,2.4
2020-03-18,0,0,0.73,0.27,,1.79
2020-03-19,0.98,0,0,0.02,0,4.9
2020-03-20,0,0,0.48,0.52,0,4
2020-03-21,0.89,0,0,0.11,0,2.78
2020-03-22,0.93,0,0,0.07,0,3.34
2020-03-23,0.84,0,0,0.16,0,2.58
2020-03-24,0.84,0,0,0.16,0,2.61
2020-03-25,0.38,0.62,0,0,0,1.59
2020-03-26,0.67,0.33,0,0,1.8,1.86
2020-03-27,0.62,0,0,0.38,2,3.79
2020-03-28,0.62,0,0,0.38,0,3.32
2020-03-29,0.92,0,0,0.08,0,2.15
2020-03-30,0.91,0,0,0.09,0,2.7
2020-03-31,0.8,0,0,0.2,0,2.1
2020-04-01,0.59,0,0,0.41,0,3.69
2020-04-02,0.89,0,0,0.11,0,3.17
2020-04-03,0.89,0,0,0.11,0,4.04
2020-04-04,0.57,0,0,0.43,0,4.82
2020-04-05,0.63,0,0,0.37,0,3.42
2020-04-06,0.93,0,0,0.07,0,2.86
2020-04-07,0.87,0,0,0.13,0,2.97
2020-04-08,0.6,0,0,0.4,0,3.38
2020-04-09,0.87,0,0,0.13,0,2.94
2020-04-10,0.7,0,0,0.3,0,2.6
2020-04-11,0.78,0,0,0.22,0,2.82
2020-04-12,0.89,0.11,0,0,0,5.04
2020-04-13,0.53,0.47,0,0,0,3.28
2020-04-14,0.76,0,0,0.24,0,2.59
2020-04-15,0.78,0,0,0.22,0,2.79
2020-04-16,0.93,0.07,0,0,0,3.13
2020-04-17,0,0.07,0.93,0,6.5,2.34
2020-04-18,0.47,0,0,0.53,,2.82
2020-04-19,0.88,0.12,0,0,10.3,3.25
2020-04-20,0.84,0,0,0.16,0.1,3.76
2020-04-21,0.67,0,0,0.33,,4.97
2020-04-22,0.76,0,0,0.24,0,4.21
2020-04-23,0.71,0,0,0.29,,3.78
2020-04-24,0.7,0,0,0.3,0,2.75
2020-04-25,0,0,0.49,0.51,0,4.05
2020-04-26,0.69,0,0,0.31,0,3.17
2020-04-27,0.73,0,0,0.27,0,2.97
2020-04-28,0,0,0.82,0.18,0,3.46
2020-04-29,0.69,0,0,0.31,0,2.97
2020-04-30,0.82,0,0,0.18,0,3.27
2020-05-01,0.81,0,0,0.19,0,2.7
2020-05-02,0.71,0,0,0.29,,3.33
2020-05-03,0.99,0.01,0,0,0,2
2020-05-04,0.73,0,0,0.27,0,2.84
2020-05-05,0.67,0,0,0.33,,1.55
2020-05-06,0.56,0.44,0,0,0,1.59
2020-05-07,0,0.02,0.98,0,0,2.91
2020-05-08,0,0.76,0.24,0,2.3,2.51
2020-05-09,0,0.02,0.98,0,24.4,4.53
2020-05-10,0,0,0.56,0.44,1.3,2.81
2020-05-11,0,0,0.69,0.31,3.4,2.73
2020-05-12,0.67,0,0,0.33,0.7,2.52
2020-05-13,0.68,0,0,0.32,0,2.34
2020-05-14,0,1,0,0,0,1.76
2020-05-15,0.99,0.01,0,0,12,3.46
2020-05-16,0.76,0,0,0.24,2.5,2.01
2020-05-17,0.64,0,0,0.36,,2.02
2020-05-18,0,0.06,0.94,0,29.8,1.4
2020-05-19,0.58,0.42,0,0,19,3.75
2020-05-20,0.84,0.16,0,0,0,1.95
2020-05-21,0.91,0.09,0,0,0,2.46
2020-05-22,0.67,0,0,0.33,0,2.52
2020-05-23,0.67,0,0,0.33,0,2.66
2020-05-24,0.72,0,0,0.28,14.5,3.15
2020-05-25,0.69,0,0,0.31,0,2.43
2020-05-26,0.76,0,0,0.24,1.5,2.12
2020-05-27,0.72,0,0,0.28,,3.46
2020-05-28,0.42,0,0,0.58,0,2.02
2020-05-29,0.71,0,0,0.29,0,2.42
2020-05-30,0.71,0,0,0.29,0,2.46
2020-05-31,0.73,0,0,0.27,1,2.62
2020-06-01,0.76,0,0,0.24,0.1,3.33
2020-06-02,0.76,0,0,0.24,2,2.28
2020-06-03,0.71,0,0,0.29,0,2.87
2020-06-04,0.71,0,0,0.29,0.2,2.78
2020-06-05,0.68,0,0,0.32,0,2.03
2020-06-06,0.71,0,0,0.29,0,2.39
2020-06-07,0.69,0,0,0.31,0,2.41
2020-06-08,0.71,0,0,0.29,0,3.14
2020-06-09,0.73,0,0,0.27,0,2.34
2020-06-10,0.78,0,0,0.22,6.2,1.79
2020-06-11,0.73,0,0,0.27,0,2.98
2020-06-12,0.74,0,0,0.26,0,1.86
2020-06-13,0.69,0,0,0.31,0,2.6
2020-06-14,0.72,0,0,0.28,1.1,3.39
2020-06-15,0,0,0.91,0.09,0,3.18
2020-06-16,0.71,0,0,0.29,0,2.37
2020-06-17,0.69,0,0,0.31,0,2.23
2020-06-18,0.63,0,0,0.37,0,1.8
2020-06-19,0.91,0.09,0,0,0.1,1.91
2020-06-20,0.64,0,0,0.36,0,2.67
2020-06-21,0.63,0,0,0.37,0,2.26
2020-06-22,0.78,0,0,0.22,0,2.68
2020-06-23,0,0,0.92,0.08,0,2.18
2020-06-24,0.56,0.44,0,0,37.6,2.42
2020-06-25,0,0,0.04,0.96,13.3,2.62
2020-06-26,0,0,0.4,0.6,2.1,3.64
2020-06-27,0,0,0.91,0.09,0,2.57
2020-06-28,0.8,0,0,0.2,0,2.45
2020-06-29,0.56,0.44,0,0,11.9,2.94
2020-06-30,0.58,0.42,0,0,64.7,4.53
