20140101,25,0.1851852
20140102,19,0.1407407
20140103,26,0.1925926
20140104,20,0.1481481
20140105,22,0.1629630
20140106,37,0.2740741
20140107,47,0.3481481
20140108,38,0.2814815
20140109,7,0.0518519
20140110,18,0.1333333
20140111,27,0.2000000
20140112,28,0.2074074
20140113,11,0.0814815
20140114,21,0.1555556
20140115,30,0.2222222
20140116,53,0.3925926
20140117,64,0.4740741
20140118,25,0.1851852
20140119,25,0.1851852
20140120,34,0.2518519
20140121,63,0.4666667
20140122,58,0.4296296
20140123,35,0.2592593
20140124,38,0.2814815
20140125,30,0.2222222
20140126,17,0.1259259
20140127,20,0.1481481
20140128,13,0.0962963
20140129,19,0.1407407
20140130,20,0.1481481
20140131,11,0.0814815
20140201,14,0.1037037
20140202,13,0.0962963
20140203,14,0.1037037
20140204,11,0.0814815
20140205,18,0.1333333
20140206,23,0.1703704
20140207,9,0.0666667
20140208,6,0.0444444
20140209,14,0.1037037
20140210,17,0.1259259
20140211,11,0.0814815
20140212,13,0.0962963
20140213,15,0.1111111
20140214,11,0.0814815
20140215,19,0.1407407
20140216,34,0.2518519
20140217,41,0.3037037
20140218,13,0.0962963
20140219,17,0.1259259
20140220,36,0.2666667
20140221,35,0.2592593
20140222,51,0.3777778
20140223,58,0.4296296
20140224,84,0.6222222
20140225,86,0.6370370
20140226,73,0.5407407
20140227,62,0.4592593
20140228,58,0.4296296
20140301,45,0.3333333
20140302,13,0.0962963
20140303,26,0.1925926
20140304,39,0.2888889
20140305,17,0.1259259
20140306,15,0.1111111
20140307,12,0.0888889
20140308,19,0.1407407
20140309,18,0.1333333
20140310,17,0.1259259
20140311,26,0.1925926
20140312,20,0.1481481
20140313,27,0.2000000
20140314,36,0.2666667
20140315,44,0.3259259
20140316,44,0.3259259
20140317,31,0.2296296
20140318,36,0.2666667
20140319,35,0.2592593
20140320,25,0.1851852
20140321,15,0.1111111
20140322,24,0.1777778
20140323,39,0.2888889
20140324,28,0.2074074
20140325,26,0.1925926
20140326,33,0.2444444
20140327,42,0.3111111
20140328,51,0.3777778
20140329,27,0.2000000
20140330,23,0.1703704
20140331,28,0.2074074
20140401,27,0.2000000
20140402,26,0.1925926
20140403,26,0.1925926
20140404,10,0.0740741
20140405,17,0.1259259
20140406,13,0.0962963
20140407,22,0.1629630
20140408,21,0.1555556
20140409,36,0.2666667
20140410,33,0.2444444
20140411,34,0.2518519
20140412,36,0.2666667
20140413,40,0.2962963
20140414,35,0.2592593
20140415,38,0.2814815
20140416,71,0.5259259
20140417,46,0.3407407
20140418,34,0.2518519
20140419,24,0.1777778
20140420,23,0.1703704
20140421,27,0.2000000
20140422,27,0.2000000
20140423,45,0.3333333
20140424,59,0.4370370
20140425,36,0.2666667
20140426,28,0.2074074
20140427,16,0.1185185
20140428,8,0.0592593
20140429,7,0.0518519
20140430,12,0.0888889
20140501,22,0.1629630
20140502,36,0.2666667
20140503,14,0.1037037
20140504,17,0.1259259
20140505,15,0.1111111
20140506,16,0.1185185
20140507,19,0.1407407
20140508,19,0.1407407
20140509,22,0.1629630
20140510,19,0.1407407
20140511,16,0.1185185
20140512,24,0.1777778
20140513,43,0.3185185
20140514,37,0.2740741
20140515,22,0.1629630
20140516,21,0.1555556
20140517,27,0.2000000
20140518,27,0.2000000
20140519,29,0.2148148
20140520,26,0.1925926
20140521,22,0.1629630
20140522,25,0.1851852
20140523,36,0.2666667
20140524,32,0.2370370
20140525,25,0.1851852
20140526,21,0.1555556
20140527,41,0.3037037
20140528,53,0.3925926
20140529,45,0.3333333
20140530,22,0.1629630
20140531,40,0.2962963
20140601,36,0.2666667
20140602,36,0.2666667
20140603,13,0.0962963
20140604,10,0.0740741
20140605,10,0.0740741
20140606,14,0.1037037
20140607,18,0.1333333
20140608,19,0.1407407
20140609,22,0.1629630
20140610,18,0.1333333
20140611,11,0.0814815
20140612,14,0.1037037
20140613,30,0.2222222
20140614,21,0.1555556
20140615,24,0.1777778
20140616,19,0.1407407
20140617,44,0.3259259
20140618,34,0.2518519
20140619,29,0.2148148
20140620,30,0.2222222
20140621,15,0.1111111
20140622,13,0.0962963
20140623,18,0.1333333
20140624,22,0.1629630
20140625,29,0.2148148
20140626,28,0.2074074
20140627,20,0.1481481
20140628,21,0.1555556
20140629,19,0.1407407
20140630,20,0.1481481
20140701,28,0.2074074
20140702,40,0.2962963
20140703,14,0.1037037
20140704,11,0.0814815
20140705,18,0.1333333
20140706,16,0.1185185
20140707,18,0.1333333
20140708,17,0.1259259
20140709,11,0.0814815
20140710,15,0.1111111
20140711,33,0.2444444
20140712,43,0.3185185
20140713,32,0.2370370
20140714,45,0.3333333
20140715,51,0.3777778
20140716,29,0.2148148
20140717,13,0.0962963
20140718,10,0.0740741
20140719,27,0.2000000
20140720,32,0.2370370
20140721,31,0.2296296
20140722,11,0.0814815
20140723,10,0.0740741
20140724,7,0.0518519
20140725,8,0.0592593
20140726,20,0.1481481
20140727,50,0.3703704
20140728,39,0.2888889
20140729,24,0.1777778
20140730,16,0.1185185
20140731,16,0.1185185
20140801,9,0.0666667
20140802,7,0.0518519
20140803,5,0.0370370
20140804,7,0.0518519
20140805,29,0.2148148
20140806,26,0.1925926
20140807,21,0.1555556
20140808,10,0.0740741
20140809,12,0.0888889
20140810,6,0.0444444
20140811,13,0.0962963
20140812,37,0.2740741
20140813,43,0.3185185
20140814,16,0.1185185
20140815,18,0.1333333
20140816,21,0.1555556
20140817,17,0.1259259
20140818,6,0.0444444
20140819,9,0.0666667
20140820,17,0.1259259
20140821,9,0.0666667
20140822,43,0.3185185
20140823,45,0.3333333
20140824,34,0.2518519
20140825,26,0.1925926
20140826,7,0.0518519
20140827,5,0.0370370
20140828,9,0.0666667
20140829,14,0.1037037
20140830,12,0.0888889
20140831,14,0.1037037
20140901,18,0.1333333
20140902,11,0.0814815
20140903,4,0.0296296
20140904,9,0.0666667
20140905,15,0.1111111
20140906,20,0.1481481
20140907,27,0.2000000
20140908,31,0.2296296
20140909,34,0.2518519
20140910,14,0.1037037
20140911,20,0.1481481
20140912,21,0.1555556
20140913,12,0.0888889
20140914,8,0.0592593
20140915,20,0.1481481
20140916,13,0.0962963
20140917,18,0.1333333
20140918,10,0.0740741
20140919,13,0.0962963
20140920,17,0.1259259
20140921,17,0.1259259
20140922,16,0.1185185
20140923,13,0.0962963
20140924,10,0.0740741
20140925,12,0.0888889
20140926,14,0.1037037
20140927,16,0.1185185
20140928,24,0.1777778
20140929,25,0.1851852
20140930,10,0.0740741
20141001,13,0.0962963
20141002,18,0.1333333
20141003,14,0.1037037
20141004,10,0.0740741
20141005,9,0.0666667
20141006,10,0.0740741
20141007,16,0.1185185
20141008,19,0.1407407
20141009,24,0.1777778
20141010,21,0.1555556
20141011,16,0.1185185
20141012,16,0.1185185
20141013,9,0.0666667
20141014,10,0.0740741
20141015,17,0.1259259
20141016,15,0.1111111
20141017,14,0.1037037
20141018,18,0.1333333
20141019,30,0.2222222
20141020,20,0.1481481
20141021,8,0.0592593
20141022,10,0.0740741
20141023,16,0.1185185
20141024,23,0.1703704
20141025,25,0.1851852
20141026,20,0.1481481
20141027,14,0.1037037
20141028,24,0.1777778
20141029,30,0.2222222
20141030,34,0.2518519
20141031,24,0.1777778
20141101,21,0.1555556
20141102,29,0.2148148
20141103,12,0.0888889
20141104,13,0.0962963
20141105,17,0.1259259
20141106,27,0.2000000
20141107,19,0.1407407
20141108,29,0.2148148
20141109,26,0.1925926
20141110,27,0.2000000
20141111,37,0.2740741
20141112,15,0.1111111
20141113,9,0.0666667
20141114,14,0.1037037
20141115,16,0.1185185
20141116,23,0.1703704
20141117,20,0.1481481
20141118,21,0.1555556
20141119,30,0.2222222
20141120,34,0.2518519
20141121,32,0.2370370
20141122,25,0.1851852
20141123,34,0.2518519
20141124,35,0.2592593
20141125,17,0.1259259
20141126,16,0.1185185
20141127,25,0.1851852
20141128,16,0.1185185
20141129,11,0.0814815
20141130,9,0.0666667
20141201,11,0.0814815
20141202,13,0.0962963
20141203,12,0.0888889
20141204,13,0.0962963
20141205,11,0.0814815
20141206,12,0.0888889
20141207,19,0.1407407
20141208,20,0.1481481
20141209,24,0.1777778
20141210,29,0.2148148
20141211,23,0.1703704
20141212,22,0.1629630
20141213,13,0.0962963
20141214,18,0.1333333
20141215,24,0.1777778
20141216,17,0.1259259
20141217,7,0.0518519
20141218,15,0.1111111
20141219,24,0.1777778
20141220,15,0.1111111
20141221,11,0.0814815
20141222,17,0.1259259
20141223,25,0.1851852
20141224,29,0.2148148
20141225,15,0.1111111
20141226,18,0.1333333
20141227,30,0.2222222
20141228,33,0.2444444
20141229,62,0.4592593
20141230,50,0.3703704
20141231,16,0.1185185
20150101,13,0.0962963
20150102,13,0.0962963
20150103,20,0.1481481
20150104,23,0.1703704
20150105,40,0.2962963
20150106,16,0.1185185
20150107,12,0.0888889
20150108,20,0.1481481
20150109,27,0.2000000
20150110,20,0.1481481
20150111,22,0.1629630
20150112,23,0.1703704
20150113,31,0.2296296
20150114,38,0.2814815
20150115,33,0.2444444
20150116,45,0.3333333
20150117,17,0.1259259
20150118,17,0.1259259
20150119,32,0.2370370
20150120,25,0.1851852
20150121,32,0.2370370
20150122,25,0.1851852
20150123,25,0.1851852
20150124,29,0.2148148
20150125,34,0.2518519
20150126,26,0.1925926
20150127,25,0.1851852
20150128,18,0.1333333
20150129,26,0.1925926
20150130,19,0.1407407
20150131,19,0.1407407
20150201,17,0.1259259
20150202,23,0.1703704
20150203,33,0.2444444
20150204,47,0.3481481
20150205,52,0.3851852
20150206,29,0.2148148
20150207,25,0.1851852
20150208,15,0.1111111
20150209,17,0.1259259
20150210,47,0.3481481
20150211,45,0.3333333
20150212,13,0.0962963
20150213,16,0.1185185
20150214,30,0.2222222
20150215,39,0.2888889
20150216,24,0.1777778
20150217,36,0.2666667
20150218,42,0.3111111
20150219,39,0.2888889
20150220,33,0.2444444
20150221,16,0.1185185
20150222,33,0.2444444
20150223,66,0.4888889
20150224,27,0.2000000
20150225,26,0.1925926
20150226,17,0.1259259
20150227,17,0.1259259
20150228,23,0.1703704
20150301,28,0.2074074
20150302,24,0.1777778
20150303,24,0.1777778
20150304,17,0.1259259
20150305,25,0.1851852
20150306,27,0.2000000
20150307,28,0.2074074
20150308,47,0.3481481
20150309,33,0.2444444
20150310,11,0.0814815
20150311,17,0.1259259
20150312,12,0.0888889
20150313,20,0.1481481
20150314,19,0.1407407
20150315,24,0.1777778
20150316,43,0.3185185
20150317,65,0.4814815
20150318,40,0.2962963
20150319,27,0.2000000
20150320,35,0.2592593
20150321,58,0.4296296
20150322,43,0.3185185
20150323,15,0.1111111
20150324,18,0.1333333
20150325,21,0.1555556
20150326,22,0.1629630
20150327,26,0.1925926
20150328,22,0.1629630
20150329,31,0.2296296
20150330,46,0.3407407
20150331,51,0.3777778
20150401,15,0.1111111
20150402,12,0.0888889
20150403,19,0.1407407
20150404,8,0.0592593
20150405,10,0.0740741
20150406,21,0.1555556
20150407,16,0.1185185
20150408,15,0.1111111
20150409,25,0.1851852
20150410,27,0.2000000
20150411,33,0.2444444
20150412,26,0.1925926
20150413,14,0.1037037
20150414,14,0.1037037
20150415,27,0.2000000
20150416,29,0.2148148
20150417,16,0.1185185
20150418,18,0.1333333
20150419,14,0.1037037
20150420,8,0.0592593
20150421,21,0.1555556
20150422,33,0.2444444
20150423,32,0.2370370
20150424,31,0.2296296
20150425,20,0.1481481
20150426,27,0.2000000
20150427,31,0.2296296
20150428,24,0.1777778
20150429,26,0.1925926
20150430,18,0.1333333
20150501,24,0.1777778
20150502,23,0.1703704
20150503,17,0.1259259
20150504,15,0.1111111
20150505,12,0.0888889
20150506,15,0.1111111
20150507,17,0.1259259
20150508,27,0.2000000
20150509,20,0.1481481
20150510,18,0.1333333
20150511,19,0.1407407
20150512,16,0.1185185
20150513,22,0.1629630
20150514,27,0.2000000
20150515,47,0.3481481
20150516,24,0.1777778
20150517,30,0.2222222
20150518,21,0.1555556
20150519,29,0.2148148
20150520,17,0.1259259
20150521,21,0.1555556
20150522,26,0.1925926
20150523,21,0.1555556
20150524,16,0.1185185
20150525,23,0.1703704
20150526,21,0.1555556
20150527,20,0.1481481
20150528,21,0.1555556
20150529,25,0.1851852
20150530,23,0.1703704
20150531,25,0.1851852
20150601,21,0.1555556
20150602,21,0.1555556
20150603,14,0.1037037
20150604,17,0.1259259
20150605,17,0.1259259
20150606,17,0.1259259
20150607,18,0.1333333
20150608,22,0.1629630
20150609,26,0.1925926
20150610,27,0.2000000
20150611,24,0.1777778
20150612,25,0.1851852
20150613,34,0.2518519
20150614,18,0.1333333
20150615,23,0.1703704
20150616,28,0.2074074
20150617,28,0.2074074
20150618,17,0.1259259
20150619,14,0.1037037
20150620,24,0.1777778
20150621,13,0.0962963
20150622,19,0.1407407
20150623,22,0.1629630
20150624,26,0.1925926
20150625,26,0.1925926
20150626,8,0.0592593
20150627,8,0.0592593
20150628,13,0.0962963
20150629,15,0.1111111
20150630,19,0.1407407
20150701,19,0.1407407
20150702,31,0.2296296
20150703,22,0.1629630
20150704,18,0.1333333
20150705,20,0.1481481
20150706,17,0.1259259
20150707,20,0.1481481
20150708,5,0.0370370
20150709,6,0.0444444
20150710,12,0.0888889
20150711,17,0.1259259
20150712,6,0.0444444
20150713,21,0.1555556
20150714,38,0.2814815
20150715,29,0.2148148
20150716,5,0.0370370
20150717,5,0.0370370
20150718,18,0.1333333
20150719,16,0.1185185
20150720,13,0.0962963
20150721,16,0.1185185
20150722,20,0.1481481
20150723,18,0.1333333
20150724,9,0.0666667
20150725,11,0.0814815
20150726,10,0.0740741
20150727,16,0.1185185
20150728,23,0.1703704
20150729,27,0.2000000
20150730,47,0.3481481
20150731,40,0.2962963
20150801,32,0.2370370
20150802,21,0.1555556
20150803,17,0.1259259
20150804,16,0.1185185
20150805,21,0.1555556
20150806,22,0.1629630
20150807,26,0.1925926
20150808,21,0.1555556
20150809,12,0.0888889
20150810,18,0.1333333
20150811,37,0.2740741
20150812,32,0.2370370
20150813,23,0.1703704
20150814,24,0.1777778
20150815,44,0.3259259
20150816,45,0.3333333
20150817,17,0.1259259
20150818,13,0.0962963
20150819,21,0.1555556
20150820,22,0.1629630
20150821,19,0.1407407
20150822,24,0.1777778
20150823,24,0.1777778
20150824,18,0.1333333
20150825,4,0.0296296
20150826,6,0.0444444
20150827,11,0.0814815
20150828,17,0.1259259
20150829,20,0.1481481
20150830,22,0.1629630
20150831,22,0.1629630
20150901,16,0.1185185
20150902,16,0.1185185
20150903,15,0.1111111
20150904,20,0.1481481
20150905,19,0.1407407
20150906,7,0.0518519
20150907,7,0.0518519
20150908,7,0.0518519
20150909,8,0.0592593
20150910,13,0.0962963
20150911,21,0.1555556
20150912,11,0.0814815
20150913,10,0.0740741
20150914,17,0.1259259
20150915,14,0.1037037
20150916,8,0.0592593
20150917,6,0.0444444
20150918,11,0.0814815
20150919,16,0.1185185
20150920,30,0.2222222
20150921,30,0.2222222
20150922,25,0.1851852
20150923,25,0.1851852
20150924,22,0.1629630
20150925,22,0.1629630
20150926,28,0.2074074
20150927,15,0.1111111
20150928,14,0.1037037
20150929,10,0.0740741
20150930,8,0.0592593
20151001,8,0.0592593
20151002,10,0.0740741
20151003,17,0.1259259
20151004,12,0.0888889
20151005,14,0.1037037
20151006,16,0.1185185
20151007,23,0.1703704
20151008,27,0.2000000
20151009,11,0.0814815
20151010,11,0.0814815
20151011,9,0.0666667
20151012,10,0.0740741
20151013,16,0.1185185
20151014,26,0.1925926
20151015,36,0.2666667
20151016,43,0.3185185
20151017,34,0.2518519
20151018,48,0.3555556
20151019,62,0.4592593
20151020,57,0.4222222
20151021,70,0.5185185
20151022,48,0.3555556
20151023,29,0.2148148
20151024,21,0.1555556
20151025,16,0.1185185
20151026,16,0.1185185
20151027,13,0.0962963
20151028,13,0.0962963
20151029,12,0.0888889
20151030,10,0.0740741
20151031,16,0.1185185
20151101,24,0.1777778
20151102,29,0.2148148
20151103,42,0.3111111
20151104,55,0.4074074
20151105,52,0.3851852
20151106,32,0.2370370
20151107,8,0.0592593
20151108,3,0.0222222
20151109,8,0.0592593
20151110,31,0.2296296
20151111,26,0.1925926
20151112,10,0.0740741
20151113,8,0.0592593
20151114,8,0.0592593
20151115,12,0.0888889
20151116,17,0.1259259
20151117,12,0.0888889
20151118,6,0.0444444
20151119,8,0.0592593
20151120,22,0.1629630
20151121,33,0.2444444
20151122,20,0.1481481
20151123,5,0.0370370
20151124,15,0.1111111
20151125,9,0.0666667
20151126,24,0.1777778
20151127,26,0.1925926
20151128,28,0.2074074
20151129,29,0.2148148
20151130,29,0.2148148
20151201,32,0.2370370
20151202,31,0.2296296
20151203,12,0.0888889
20151204,15,0.1111111
20151205,16,0.1185185
20151206,19,0.1407407
20151207,29,0.2148148
20151208,36,0.2666667
20151209,39,0.2888889
20151210,28,0.2074074
20151211,21,0.1555556
20151212,16,0.1185185
20151213,25,0.1851852
20151214,29,0.2148148
20151215,33,0.2444444
20151216,13,0.0962963
20151217,11,0.0814815
20151218,23,0.1703704
20151219,36,0.2666667
20151220,35,0.2592593
20151221,34,0.2518519
20151222,40,0.2962963
20151223,37,0.2740741
20151224,61,0.4518519
20151225,16,0.1185185
20151226,40,0.2962963
20151227,16,0.1185185
20151228,15,0.1111111
20151229,32,0.2370370
20151230,36,0.2666667
20151231,43,0.3185185
20160101,45,0.3333333
20160102,31,0.2296296
20160103,58,0.4296296
20160104,47,0.3481481
20160105,16,0.1185185
20160106,29,0.2148148
20160107,20,0.1481481
20160108,18,0.1333333
20160109,19,0.1407407
20160110,19,0.1407407
20160111,21,0.1555556
20160112,24,0.1777778
20160113,20,0.1481481
20160114,21,0.1555556
20160115,29,0.2148148
20160116,43,0.3185185
20160117,46,0.3407407
20160118,32,0.2370370
20160119,13,0.0962963
20160120,22,0.1629630
20160121,30,0.2222222
20160122,27,0.2000000
20160123,14,0.1037037
20160124,19,0.1407407
20160125,17,0.1259259
20160126,37,0.2740741
20160127,31,0.2296296
20160128,31,0.2296296
20160129,26,0.1925926
20160130,24,0.1777778
20160131,21,0.1555556
20160201,18,0.1333333
20160202,22,0.1629630
20160203,30,0.2222222
20160204,30,0.2222222
20160205,21,0.1555556
20160206,24,0.1777778
20160207,24,0.1777778
20160208,41,0.3037037
20160209,25,0.1851852
20160210,22,0.1629630
20160211,25,0.1851852
20160212,21,0.1555556
20160213,10,0.0740741
20160214,17,0.1259259
20160215,11,0.0814815
20160216,15,0.1111111
20160217,15,0.1111111
20160218,22,0.1629630
20160219,41,0.3037037
20160220,18,0.1333333
20160221,12,0.0888889
20160222,18,0.1333333
20160223,27,0.2000000
20160224,17,0.1259259
20160225,28,0.2074074
20160226,28,0.2074074
20160227,40,0.2962963
20160228,28,0.2074074
20160229,28,0.2074074
20160301,17,0.1259259
20160302,20,0.1481481
20160303,30,0.2222222
20160304,36,0.2666667
20160305,14,0.1037037
20160306,23,0.1703704
20160307,28,0.2074074
20160308,20,0.1481481
20160309,15,0.1111111
20160310,14,0.1037037
20160311,17,0.1259259
20160312,19,0.1407407
20160313,35,0.2592593
20160314,42,0.3111111
20160315,28,0.2074074
20160316,32,0.2370370
20160317,40,0.2962963
20160318,36,0.2666667
20160319,39,0.2888889
20160320,44,0.3259259
20160321,48,0.3555556
20160322,44,0.3259259
20160323,46,0.3407407
20160324,21,0.1555556
20160325,35,0.2592593
20160326,40,0.2962963
20160327,40,0.2962963
20160328,40,0.2962963
20160329,51,0.3777778
20160330,48,0.3555556
20160331,22,0.1629630
20160401,30,0.2222222
20160402,39,0.2888889
20160403,31,0.2296296
20160404,12,0.0888889
20160405,22,0.1629630
20160406,36,0.2666667
20160407,24,0.1777778
20160408,39,0.2888889
20160409,58,0.4296296
20160410,68,0.5037037
20160411,20,0.1481481
20160412,27,0.2000000
20160413,32,0.2370370
20160414,30,0.2222222
20160415,27,0.2000000
20160416,24,0.1777778
20160417,16,0.1185185
20160418,23,0.1703704
20160419,20,0.1481481
20160420,31,0.2296296
20160421,17,0.1259259
20160422,47,0.3481481
20160423,42,0.3111111
20160424,26,0.1925926
20160425,24,0.1777778
20160426,29,0.2148148
20160427,16,0.1185185
20160428,20,0.1481481
20160429,27,0.2000000
20160430,35,0.2592593
20160501,20,0.1481481
20160502,24,0.1777778
20160503,9,0.0666667
20160504,12,0.0888889
20160505,21,0.1555556
20160506,22,0.1629630
20160507,22,0.1629630
20160508,16,0.1185185
20160509,21,0.1555556
20160510,14,0.1037037
20160511,13,0.0962963
20160512,15,0.1111111
20160513,21,0.1555556
20160514,18,0.1333333
20160515,19,0.1407407
20160516,17,0.1259259
20160517,37,0.2740741
20160518,28,0.2074074
20160519,20,0.1481481
20160520,30,0.2222222
20160521,25,0.1851852
20160522,38,0.2814815
20160523,45,0.3333333
20160524,23,0.1703704
20160525,61,0.4518519
20160526,71,0.5259259
20160527,54,0.4000000
20160528,39,0.2888889
20160529,42,0.3111111
20160530,54,0.4000000
20160531,46,0.3407407
20160601,22,0.1629630
20160602,18,0.1333333
20160603,25,0.1851852
20160604,28,0.2074074
20160605,28,0.2074074
20160606,13,0.0962963
20160607,26,0.1925926
20160608,24,0.1777778
20160609,31,0.2296296
20160610,36,0.2666667
20160611,31,0.2296296
20160612,20,0.1481481
20160613,36,0.2666667
20160614,31,0.2296296
20160615,23,0.1703704
20160616,19,0.1407407
20160617,36,0.2666667
20160618,45,0.3333333
20160619,28,0.2074074
20160620,35,0.2592593
20160621,42,0.3111111
20160622,48,0.3555556
20160623,30,0.2222222
20160624,32,0.2370370
20160625,17,0.1259259
20160626,18,0.1333333
20160627,21,0.1555556
20160628,41,0.3037037
20160629,24,0.1777778
20160630,20,0.1481481
20160701,14,0.1037037
20160702,9,0.0666667
20160703,29,0.2148148
20160704,14,0.1037037
20160705,8,0.0592593
20160706,9,0.0666667
20160707,26,0.1925926
20160708,36,0.2666667
20160709,23,0.1703704
20160710,22,0.1629630
20160711,36,0.2666667
20160712,27,0.2000000
20160713,17,0.1259259
20160714,17,0.1259259
20160715,10,0.0740741
20160716,5,0.0370370
20160717,9,0.0666667
20160718,16,0.1185185
20160719,21,0.1555556
20160720,23,0.1703704
20160721,19,0.1407407
20160722,23,0.1703704
20160723,27,0.2000000
20160724,25,0.1851852
20160725,31,0.2296296
20160726,23,0.1703704
20160727,23,0.1703704
20160728,39,0.2888889
20160729,29,0.2148148
20160730,30,0.2222222
20160731,27,0.2000000
20160801,22,0.1629630
20160802,16,0.1185185
20160803,17,0.1259259
20160804,20,0.1481481
20160805,26,0.1925926
20160806,39,0.2888889
20160807,25,0.1851852
20160808,25,0.1851852
20160809,22,0.1629630
20160810,44,0.3259259
20160811,20,0.1481481
20160812,28,0.2074074
20160813,25,0.1851852
20160814,27,0.2000000
20160815,23,0.1703704
20160816,29,0.2148148
20160817,25,0.1851852
20160818,35,0.2592593
20160819,42,0.3111111
20160820,21,0.1555556
20160821,18,0.1333333
20160822,18,0.1333333
20160823,21,0.1555556
20160824,22,0.1629630
20160825,18,0.1333333
20160826,6,0.0444444
20160827,5,0.0370370
20160828,4,0.0296296
20160829,7,0.0518519
20160830,9,0.0666667
20160831,7,0.0518519
20160901,33,0.2444444
20160902,23,0.1703704
20160903,13,0.0962963
20160904,13,0.0962963
20160905,17,0.1259259
20160906,35,0.2592593
20160907,51,0.3777778
20160908,30,0.2222222
20160909,27,0.2000000
20160910,27,0.2000000
20160911,27,0.2000000
20160912,18,0.1333333
20160913,10,0.0740741
20160914,21,0.1555556
20160915,27,0.2000000
20160916,35,0.2592593
20160917,20,0.1481481
20160918,13,0.0962963
20160919,5,0.0370370
20160920,10,0.0740741
20160921,22,0.1629630
20160922,26,0.1925926
20160923,33,0.2444444
20160924,41,0.3037037
20160925,36,0.2666667
20160926,29,0.2148148
20160927,23,0.1703704
20160928,21,0.1555556
20160929,6,0.0444444
20160930,14,0.1037037
20161001,26,0.1925926
20161002,17,0.1259259
20161003,9,0.0666667
20161004,15,0.1111111
20161005,13,0.0962963
20161006,18,0.1333333
20161007,12,0.0888889
20161008,10,0.0740741
20161009,9,0.0666667
20161010,11,0.0814815
20161011,22,0.1629630
20161012,29,0.2148148
20161013,20,0.1481481
20161014,41,0.3037037
20161015,49,0.3629630
20161016,36,0.2666667
20161017,32,0.2370370
20161018,29,0.2148148
20161019,36,0.2666667
20161020,37,0.2740741
20161021,12,0.0888889
20161022,15,0.1111111
20161023,6,0.0444444
20161024,7,0.0518519
20161025,9,0.0666667
20161026,21,0.1555556
20161027,22,0.1629630
20161028,17,0.1259259
20161029,16,0.1185185
20161030,12,0.0888889
20161031,15,0.1111111
20161101,10,0.0740741
20161102,16,0.1185185
20161103,23,0.1703704
20161104,33,0.2444444
20161105,44,0.3259259
20161106,19,0.1407407
20161107,23,0.1703704
20161108,49,0.3629630
20161109,27,0.2000000
20161110,26,0.1925926
20161111,22,0.1629630
20161112,31,0.2296296
20161113,30,0.2222222
20161114,29,0.2148148
20161115,20,0.1481481
20161116,27,0.2000000
20161117,39,0.2888889
20161118,54,0.4000000
20161119,34,0.2518519
20161120,24,0.1777778
20161121,29,0.2148148
20161122,18,0.1333333
20161123,15,0.1111111
20161124,13,0.0962963
20161125,21,0.1555556
20161126,36,0.2666667
20161127,48,0.3555556
20161128,39,0.2888889
20161129,23,0.1703704
20161130,27,0.2000000
20161201,26,0.1925926
20161202,17,0.1259259
20161203,30,0.2222222
20161204,53,0.3925926
20161205,56,0.4148148
20161206,12,0.0888889
20161207,27,0.2000000
20161208,34,0.2518519
20161209,23,0.1703704
20161210,21,0.1555556
20161211,22,0.1629630
20161212,29,0.2148148
20161213,40,0.2962963
20161214,30,0.2222222
20161215,17,0.1259259
20161216,17,0.1259259
20161217,35,0.2592593
20161218,33,0.2444444
20161219,24,0.1777778
20161220,34,0.2518519
20161221,25,0.1851852
20161222,21,0.1555556
20161223,36,0.2666667
20161224,51,0.3777778
20161225,42,0.3111111
20161226,33,0.2444444
20161227,27,0.2000000
20161228,25,0.1851852
20161229,16,0.1185185
20161230,24,0.1777778
20161231,40,0.2962963
20170101,57,0.4222222
20170102,79,0.5851852
20170103,52,0.3851852
20170104,35,0.2592593
20170105,22,0.1629630
20170106,13,0.0962963
20170107,37,0.2740741
20170108,22,0.1629630
20170109,46,0.3407407
20170110,16,0.1185185
20170111,12,0.0888889
20170112,16,0.1185185
20170113,13,0.0962963
20170114,12,0.0888889
20170115,14,0.1037037
20170116,26,0.1925926
20170117,45,0.3333333
20170118,73,0.5407407
20170119,72,0.5333333
20170120,40,0.2962963
20170121,34,0.2518519
20170122,27,0.2000000
20170123,35,0.2592593
20170124,28,0.2074074
20170125,36,0.2666667
20170126,48,0.3555556
20170127,20,0.1481481
20170128,12,0.0888889
20170129,16,0.1185185
20170130,34,0.2518519
20170131,18,0.1333333
20170201,21,0.1555556
20170202,17,0.1259259
20170203,45,0.3333333
20170204,70,0.5185185
20170205,55,0.4074074
20170206,27,0.2000000
20170207,23,0.1703704
20170208,30,0.2222222
20170209,18,0.1333333
20170210,17,0.1259259
20170211,16,0.1185185
20170212,18,0.1333333
20170213,28,0.2074074
20170214,32,0.2370370
20170215,41,0.3037037
20170216,46,0.3407407
20170217,17,0.1259259
20170218,17,0.1259259
20170219,26,0.1925926
20170220,22,0.1629630
20170221,29,0.2148148
20170222,28,0.2074074
20170223,21,0.1555556
20170224,17,0.1259259
20170225,30,0.2222222
20170226,32,0.2370370
20170227,24,0.1777778
20170228,26,0.1925926
20170301,41,0.3037037
20170302,22,0.1629630
20170303,22,0.1629630
20170304,32,0.2370370
20170305,48,0.3555556
20170306,25,0.1851852
20170307,20,0.1481481
20170308,20,0.1481481
20170309,21,0.1555556
20170310,26,0.1925926
20170311,40,0.2962963
20170312,64,0.4740741
20170313,42,0.3111111
20170314,29,0.2148148
20170315,24,0.1777778
20170316,43,0.3185185
20170317,54,0.4000000
20170318,50,0.3703704
20170319,54,0.4000000
20170320,68,0.5037037
20170321,67,0.4962963
20170322,31,0.2296296
20170323,42,0.3111111
20170324,35,0.2592593
20170325,42,0.3111111
20170326,43,0.3185185
20170327,54,0.4000000
20170328,57,0.4222222
20170329,39,0.2888889
20170330,42,0.3111111
20170331,33,0.2444444
20170401,16,0.1185185
20170402,33,0.2444444
20170403,53,0.3925926
20170404,46,0.3407407
20170405,30,0.2222222
20170406,18,0.1333333
20170407,28,0.2074074
20170408,41,0.3037037
20170409,26,0.1925926
20170410,16,0.1185185
20170411,23,0.1703704
20170412,12,0.0888889
20170413,26,0.1925926
20170414,22,0.1629630
20170415,31,0.2296296
20170416,31,0.2296296
20170417,25,0.1851852
20170418,21,0.1555556
20170419,17,0.1259259
20170420,22,0.1629630
20170421,24,0.1777778
20170422,25,0.1851852
20170423,23,0.1703704
20170424,19,0.1407407
20170425,30,0.2222222
20170426,16,0.1185185
20170427,14,0.1037037
20170428,24,0.1777778
20170429,27,0.2000000
20170430,49,0.3629630
20170501,48,0.3555556
20170502,48,0.3555556
20170503,32,0.2370370
20170504,31,0.2296296
20170505,24,0.1777778
20170506,20,0.1481481
20170507,16,0.1185185
20170508,36,0.2666667
20170509,31,0.2296296
20170510,20,0.1481481
20170511,33,0.2444444
20170512,42,0.3111111
20170513,26,0.1925926
20170514,14,0.1037037
20170515,11,0.0814815
20170516,15,0.1111111
20170517,18,0.1333333
20170518,26,0.1925926
20170519,25,0.1851852
20170520,21,0.1555556
20170521,19,0.1407407
20170522,26,0.1925926
20170523,22,0.1629630
20170524,15,0.1111111
20170525,14,0.1037037
20170526,8,0.0592593
20170527,14,0.1037037
20170528,22,0.1629630
20170529,36,0.2666667
20170530,23,0.1703704
20170531,20,0.1481481
20170601,18,0.1333333
20170602,10,0.0740741
20170603,11,0.0814815
20170604,11,0.0814815
20170605,13,0.0962963
20170606,10,0.0740741
20170607,10,0.0740741
20170608,28,0.2074074
20170609,38,0.2814815
20170610,23,0.1703704
20170611,9,0.0666667
20170612,12,0.0888889
20170613,17,0.1259259
20170614,21,0.1555556
20170615,26,0.1925926
20170616,38,0.2814815
20170617,30,0.2222222
20170618,26,0.1925926
20170619,32,0.2370370
20170620,30,0.2222222
20170621,34,0.2518519
20170622,23,0.1703704
20170623,23,0.1703704
20170624,23,0.1703704
20170625,22,0.1629630
20170626,17,0.1259259
20170627,19,0.1407407
20170628,32,0.2370370
20170629,35,0.2592593
20170630,37,0.2740741
20170701,30,0.2222222
20170702,17,0.1259259
20170703,15,0.1111111
20170704,24,0.1777778
20170705,28,0.2074074
20170706,34,0.2518519
20170707,13,0.0962963
20170708,17,0.1259259
20170709,18,0.1333333
20170710,9,0.0666667
20170711,26,0.1925926
20170712,32,0.2370370
20170713,35,0.2592593
20170714,34,0.2518519
20170715,14,0.1037037
20170716,12,0.0888889
20170717,14,0.1037037
20170718,17,0.1259259
20170719,26,0.1925926
20170720,38,0.2814815
20170721,45,0.3333333
20170722,42,0.3111111
20170723,35,0.2592593
20170724,22,0.1629630
20170725,15,0.1111111
20170726,10,0.0740741
20170727,17,0.1259259
20170728,19,0.1407407
20170729,8,0.0592593
20170730,15,0.1111111
20170731,13,0.0962963
20170801,12,0.0888889
20170802,23,0.1703704
20170803,14,0.1037037
20170804,18,0.1333333
20170805,21,0.1555556
20170806,18,0.1333333
20170807,22,0.1629630
20170808,28,0.2074074
20170809,23,0.1703704
20170810,5,0.0370370
20170811,6,0.0444444
20170812,6,0.0444444
20170813,6,0.0444444
20170814,4,0.0296296
20170815,4,0.0296296
20170816,4,0.0296296
20170817,6,0.0444444
20170818,17,0.1259259
20170819,15,0.1111111
20170820,7,0.0518519
20170821,8,0.0592593
20170822,10,0.0740741
20170823,10,0.0740741
20170824,9,0.0666667
20170825,13,0.0962963
20170826,11,0.0814815
20170827,13,0.0962963
20170828,17,0.1259259
20170829,8,0.0592593
20170830,10,0.0740741
20170831,20,0.1481481
20170901,12,0.0888889
20170902,15,0.1111111
20170903,20,0.1481481
20170904,18,0.1333333
20170905,13,0.0962963
20170906,17,0.1259259
20170907,25,0.1851852
20170908,33,0.2444444
20170909,40,0.2962963
20170910,36,0.2666667
20170911,16,0.1185185
20170912,13,0.0962963
20170913,10,0.0740741
20170914,12,0.0888889
20170915,8,0.0592593
20170916,5,0.0370370
20170917,5,0.0370370
20170918,10,0.0740741
20170919,40,0.2962963
20170920,10,0.0740741
20170921,15,0.1111111
20170922,19,0.1407407
20170923,25,0.1851852
20170924,37,0.2740741
20170925,26,0.1925926
20170926,26,0.1925926
20170927,23,0.1703704
20170928,8,0.0592593
20170929,9,0.0666667
20170930,18,0.1333333
20171001,20,0.1481481
20171002,10,0.0740741
20171003,11,0.0814815
20171004,9,0.0666667
20171005,7,0.0518519
20171006,7,0.0518519
20171007,6,0.0444444
20171008,13,0.0962963
20171009,17,0.1259259
20171010,18,0.1333333
20171011,7,0.0518519
20171012,11,0.0814815
20171013,15,0.1111111
20171014,12,0.0888889
20171015,11,0.0814815
20171016,16,0.1185185
20171017,20,0.1481481
20171018,13,0.0962963
20171019,10,0.0740741
20171020,16,0.1185185
20171021,21,0.1555556
20171022,13,0.0962963
20171023,10,0.0740741
20171024,15,0.1111111
20171025,22,0.1629630
20171026,28,0.2074074
20171027,34,0.2518519
20171028,27,0.2000000
20171029,22,0.1629630
20171030,13,0.0962963
20171031,14,0.1037037
20171101,20,0.1481481
20171102,26,0.1925926
20171103,26,0.1925926
20171104,40,0.2962963
20171105,27,0.2000000
20171106,20,0.1481481
20171107,25,0.1851852
20171108,29,0.2148148
20171109,24,0.1777778
20171110,21,0.1555556
20171111,13,0.0962963
20171112,18,0.1333333
20171113,24,0.1777778
20171114,17,0.1259259
20171115,11,0.0814815
20171116,14,0.1037037
20171117,24,0.1777778
20171118,22,0.1629630
20171119,12,0.0888889
20171120,22,0.1629630
20171121,31,0.2296296
20171122,30,0.2222222
20171123,11,0.0814815
20171124,12,0.0888889
20171125,16,0.1185185
20171126,23,0.1703704
20171127,29,0.2148148
20171128,46,0.3407407
20171129,25,0.1851852
20171130,9,0.0666667
20171201,13,0.0962963
20171202,24,0.1777778
20171203,35,0.2592593
20171204,26,0.1925926
20171205,11,0.0814815
20171206,22,0.1629630
20171207,32,0.2370370
20171208,21,0.1555556
20171209,24,0.1777778
20171210,25,0.1851852
20171211,10,0.0740741
20171212,17,0.1259259
20171213,20,0.1481481
20171214,36,0.2666667
20171215,58,0.4296296
20171216,27,0.2000000
20171217,14,0.1037037
20171218,35,0.2592593
20171219,20,0.1481481
20171220,26,0.1925926
20171221,39,0.2888889
20171222,43,0.3185185
20171223,80,0.5925926
20171224,58,0.4296296
20171225,16,0.1185185
20171226,14,0.1037037
20171227,14,0.1037037
20171228,28,0.2074074
20171229,67,0.4962963
20171230,95,0.7037037
20171231,36,0.2666667
20180101,21,0.1555556
20180102,23,0.1703704
20180103,19,0.1407407
20180104,25,0.1851852
20180105,37,0.2740741
20180106,32,0.2370370
20180107,40,0.2962963
20180108,41,0.3037037
20180109,20,0.1481481
20180110,14,0.1037037
20180111,23,0.1703704
20180112,16,0.1185185
20180113,40,0.2962963
20180114,52,0.3851852
20180115,50,0.3703704
20180116,85,0.6296296
20180117,88,0.6518519
20180118,59,0.4370370
20180119,29,0.2148148
20180120,63,0.4666667
20180121,35,0.2592593
20180122,28,0.2074074
20180123,12,0.0888889
20180124,10,0.0740741
20180125,12,0.0888889
20180126,20,0.1481481
20180127,27,0.2000000
20180128,20,0.1481481
20180129,17,0.1259259
20180130,21,0.1555556
20180131,20,0.1481481
20180201,23,0.1703704
20180202,33,0.2444444
20180203,20,0.1481481
20180204,22,0.1629630
20180205,15,0.1111111
20180206,19,0.1407407
20180207,25,0.1851852
20180208,35,0.2592593
20180209,49,0.3629630
20180210,42,0.3111111
20180211,15,0.1111111
20180212,15,0.1111111
20180213,16,0.1185185
20180214,31,0.2296296
20180215,15,0.1111111
20180216,22,0.1629630
20180217,12,0.0888889
20180218,17,0.1259259
20180219,39,0.2888889
20180220,40,0.2962963
20180221,19,0.1407407
20180222,27,0.2000000
20180223,64,0.4740741
20180224,53,0.3925926
20180225,30,0.2222222
20180226,41,0.3037037
20180227,62,0.4592593
20180228,44,0.3259259
20180301,31,0.2296296
20180302,27,0.2000000
20180303,27,0.2000000
20180304,21,0.1555556
20180305,5,0.0370370
20180306,18,0.1333333
20180307,16,0.1185185
20180308,26,0.1925926
20180309,37,0.2740741
20180310,33,0.2444444
20180311,40,0.2962963
20180312,64,0.4740741
20180313,38,0.2814815
20180314,12,0.0888889
20180315,15,0.1111111
20180316,6,0.0444444
20180317,20,0.1481481
20180318,46,0.3407407
20180319,22,0.1629630
20180320,8,0.0592593
20180321,7,0.0518519
20180322,27,0.2000000
20180323,50,0.3703704
20180324,86,0.6370370
20180325,99,0.7333333
20180326,71,0.5259259
20180327,61,0.4518519
20180328,37,0.2740741
20180329,43,0.3185185
20180330,37,0.2740741
20180331,30,0.2222222
20180401,35,0.2592593
20180402,28,0.2074074
20180403,21,0.1555556
20180404,7,0.0518519
20180405,4,0.0296296
20180406,27,0.2000000
20180407,22,0.1629630
20180408,15,0.1111111
20180409,26,0.1925926
20180410,20,0.1481481
20180411,24,0.1777778
20180412,15,0.1111111
20180413,14,0.1037037
20180414,12,0.0888889
20180415,21,0.1555556
20180416,23,0.1703704
20180417,30,0.2222222
20180418,34,0.2518519
20180419,40,0.2962963
20180420,55,0.4074074
20180421,40,0.2962963
20180422,21,0.1555556
20180423,6,0.0444444
20180424,5,0.0370370
20180425,24,0.1777778
20180426,30,0.2222222
20180427,40,0.2962963
20180428,38,0.2814815
20180429,32,0.2370370
20180430,56,0.4148148
20180501,46,0.3407407
20180502,35,0.2592593
20180503,14,0.1037037
20180504,17,0.1259259
20180505,19,0.1407407
20180506,9,0.0666667
20180507,19,0.1407407
20180508,7,0.0518519
20180509,8,0.0592593
20180510,24,0.1777778
20180511,39,0.2888889
20180512,20,0.1481481
20180513,17,0.1259259
20180514,55,0.4074074
20180515,52,0.3851852
20180516,23,0.1703704
20180517,9,0.0666667
20180518,5,0.0370370
20180519,4,0.0296296
20180520,5,0.0370370
20180521,10,0.0740741
20180522,23,0.1703704
20180523,11,0.0814815
20180524,25,0.1851852
20180525,34,0.2518519
20180526,38,0.2814815
20180527,28,0.2074074
20180528,26,0.1925926
20180529,26,0.1925926
20180530,26,0.1925926
20180531,24,0.1777778
20180601,23,0.1703704
20180602,23,0.1703704
20180603,21,0.1555556
20180604,26,0.1925926
20180605,31,0.2296296
20180606,35,0.2592593
20180607,33,0.2444444
20180608,23,0.1703704
20180609,25,0.1851852
20180610,5,0.0370370
20180611,5,0.0370370
20180612,8,0.0592593
20180613,19,0.1407407
20180614,21,0.1555556
20180615,7,0.0518519
20180616,12,0.0888889
20180617,35,0.2592593
20180618,30,0.2222222
20180619,28,0.2074074
20180620,30,0.2222222
20180621,25,0.1851852
20180622,27,0.2000000
20180623,24,0.1777778
20180624,38,0.2814815
20180625,37,0.2740741
20180626,35,0.2592593
20180627,20,0.1481481
20180628,15,0.1111111
20180629,27,0.2000000
20180630,35,0.2592593
20180701,6,0.0444444
20180702,6,0.0444444
20180703,8,0.0592593
20180704,13,0.0962963
20180705,14,0.1037037
20180706,3,0.0222222
20180707,4,0.0296296
20180708,6,0.0444444
20180709,5,0.0370370
20180710,12,0.0888889
20180711,18,0.1333333
20180712,15,0.1111111
20180713,13,0.0962963
20180714,13,0.0962963
20180715,16,0.1185185
20180716,17,0.1259259
20180717,22,0.1629630
20180718,26,0.1925926
20180719,21,0.1555556
20180720,24,0.1777778
20180721,26,0.1925926
20180722,20,0.1481481
20180723,20,0.1481481
20180724,28,0.2074074
20180725,21,0.1555556
20180726,27,0.2000000
20180727,33,0.2444444
20180728,27,0.2000000
20180729,12,0.0888889
20180730,6,0.0444444
20180731,10,0.0740741
20180801,20,0.1481481
20180802,27,0.2000000
20180803,32,0.2370370
20180804,18,0.1333333
20180805,17,0.1259259
20180806,20,0.1481481
20180807,12,0.0888889
20180808,17,0.1259259
20180809,17,0.1259259
20180810,9,0.0666667
20180811,6,0.0444444
20180812,10,0.0740741
20180813,22,0.1629630
20180814,17,0.1259259
20180815,19,0.1407407
20180816,8,0.0592593
20180817,5,0.0370370
20180818,7,0.0518519
20180819,13,0.0962963
20180820,21,0.1555556
20180821,12,0.0888889
20180822,14,0.1037037
20180823,6,0.0444444
20180824,4,0.0296296
20180825,12,0.0888889
20180826,10,0.0740741
20180827,5,0.0370370
20180828,5,0.0370370
20180829,7,0.0518519
20180830,17,0.1259259
20180831,14,0.1037037
20180901,9,0.0666667
20180902,6,0.0444444
20180903,8,0.0592593
20180904,8,0.0592593
20180905,10,0.0740741
20180906,18,0.1333333
20180907,12,0.0888889
20180908,10,0.0740741
20180909,10,0.0740741
20180910,5,0.0370370
20180911,5,0.0370370
20180912,7,0.0518519
20180913,9,0.0666667
20180914,9,0.0666667
20180915,7,0.0518519
20180916,25,0.1851852
20180917,15,0.1111111
20180918,17,0.1259259
20180919,19,0.1407407
20180920,9,0.0666667
20180921,4,0.0296296
20180922,11,0.0814815
20180923,10,0.0740741
20180924,6,0.0444444
20180925,7,0.0518519
20180926,4,0.0296296
20180927,4,0.0296296
20180928,6,0.0444444
20180929,8,0.0592593
20180930,10,0.0740741
20181001,8,0.0592593
20181002,13,0.0962963
20181003,15,0.1111111
20181004,11,0.0814815
20181005,5,0.0370370
20181006,3,0.0222222
20181007,10,0.0740741
20181008,8,0.0592593
20181009,11,0.0814815
20181010,10,0.0740741
20181011,7,0.0518519
20181012,12,0.0888889
20181013,21,0.1555556
20181014,22,0.1629630
20181015,37,0.2740741
20181016,26,0.1925926
20181017,16,0.1185185
20181018,7,0.0518519
20181019,9,0.0666667
20181020,20,0.1481481
20181021,22,0.1629630
20181022,33,0.2444444
20181023,30,0.2222222
20181024,18,0.1333333
20181025,19,0.1407407
20181026,19,0.1407407
20181027,6,0.0444444
20181028,8,0.0592593
20181029,7,0.0518519
20181030,10,0.0740741
20181031,12,0.0888889
20181101,19,0.1407407
20181102,26,0.1925926
20181103,35,0.2592593
20181104,30,0.2222222
20181105,39,0.2888889
20181106,71,0.5259259
20181107,45,0.3333333
20181108,5,0.0370370
20181109,24,0.1777778
20181110,46,0.3407407
20181111,41,0.3037037
20181112,17,0.1259259
20181113,24,0.1777778
20181114,22,0.1629630
20181115,33,0.2444444
20181116,39,0.2888889
20181117,17,0.1259259
20181118,22,0.1629630
20181119,31,0.2296296
20181120,18,0.1333333
20181121,17,0.1259259
20181122,9,0.0666667
20181123,11,0.0814815
20181124,15,0.1111111
20181125,34,0.2518519
20181126,42,0.3111111
20181127,52,0.3851852
20181128,21,0.1555556
20181129,21,0.1555556
20181130,22,0.1629630
20181201,23,0.1703704
20181202,24,0.1777778
20181203,22,0.1629630
20181204,16,0.1185185
20181205,11,0.0814815
20181206,17,0.1259259
20181207,8,0.0592593
20181208,8,0.0592593
20181209,10,0.0740741
20181210,18,0.1333333
20181211,23,0.1703704
20181212,22,0.1629630
20181213,23,0.1703704
20181214,18,0.1333333
20181215,38,0.2814815
20181216,40,0.2962963
20181217,48,0.3555556
20181218,26,0.1925926
20181219,31,0.2296296
20181220,37,0.2740741
20181221,50,0.3703704
20181222,63,0.4666667
20181223,28,0.2074074
20181224,12,0.0888889
20181225,22,0.1629630
20181226,25,0.1851852
20181227,8,0.0592593
20181228,13,0.0962963
20181229,9,0.0666667
20181230,17,0.1259259
20181231,29,0.2148148
20190101,25,0.1851852
20190102,22,0.1629630
20190103,24,0.1777778
20190104,42,0.3111111
20190105,40,0.2962963
20190106,23,0.1703704
20190107,37,0.2740741
20190108,18,0.1333333
20190109,22,0.1629630
20190110,34,0.2518519
20190111,57,0.4222222
20190112,69,0.5111111
20190113,83,0.6148148
20190114,129,0.9555556
20190115,81,0.6000000
20190116,17,0.1259259
20190117,22,0.1629630
20190118,39,0.2888889
20190119,67,0.4962963
20190120,33,0.2444444
20190121,21,0.1555556
20190122,33,0.2444444
20190123,44,0.3259259
20190124,21,0.1555556
20190125,21,0.1555556
20190126,20,0.1481481
20190127,20,0.1481481
20190128,24,0.1777778
20190129,23,0.1703704
20190130,33,0.2444444
20190131,21,0.1555556
20190201,18,0.1333333
20190202,36,0.2666667
20190203,30,0.2222222
20190204,36,0.2666667
20190205,28,0.2074074
20190206,35,0.2592593
20190207,32,0.2370370
20190208,17,0.1259259
20190209,17,0.1259259
20190210,23,0.1703704
20190211,23,0.1703704
20190212,38,0.2814815
20190213,20,0.1481481
20190214,27,0.2000000
20190215,28,0.2074074
20190216,48,0.3555556
20190217,25,0.1851852
20190218,27,0.2000000
20190219,34,0.2518519
20190220,51,0.3777778
20190221,62,0.4592593
20190222,55,0.4074074
20190223,39,0.2888889
20190224,51,0.3777778
20190225,59,0.4370370
20190226,28,0.2074074
20190227,45,0.3333333
20190228,60,0.4444444
20190301,84,0.6222222
20190302,85,0.6296296
20190303,77,0.5703704
20190304,117,0.8666667
20190305,135,1.0000000
20190306,101,0.7481481
20190307,39,0.2888889
20190308,26,0.1925926
20190309,29,0.2148148
20190310,34,0.2518519
20190311,46,0.3407407
20190312,49,0.3629630
20190313,11,0.0814815
20190314,20,0.1481481
20190315,32,0.2370370
20190316,28,0.2074074
20190317,23,0.1703704
20190318,23,0.1703704
20190319,42,0.3111111
20190320,68,0.5037037
20190321,26,0.1925926
20190322,19,0.1407407
20190323,15,0.1111111
20190324,13,0.0962963
20190325,28,0.2074074
20190326,34,0.2518519
20190327,60,0.4444444
20190328,49,0.3629630
20190329,19,0.1407407
20190330,24,0.1777778
20190331,26,0.1925926
20190401,12,0.0888889
20190402,17,0.1259259
20190403,22,0.1629630
20190404,20,0.1481481
20190405,24,0.1777778
20190406,19,0.1407407
20190407,16,0.1185185
20190408,12,0.0888889
20190409,10,0.0740741
20190410,5,0.0370370
20190411,17,0.1259259
20190412,31,0.2296296
20190413,30,0.2222222
20190414,21,0.1555556
20190415,17,0.1259259
20190416,22,0.1629630
20190417,20,0.1481481
20190418,24,0.1777778
20190419,22,0.1629630
20190420,25,0.1851852
20190421,25,0.1851852
20190422,41,0.3037037
20190423,44,0.3259259
20190424,40,0.2962963
20190425,18,0.1333333
20190426,6,0.0444444
20190427,10,0.0740741
20190428,13,0.0962963
20190429,16,0.1185185
20190430,21,0.1555556
20190501,27,0.2000000
20190502,15,0.1111111
20190503,32,0.2370370
20190504,58,0.4296296
20190505,41,0.3037037
20190506,10,0.0740741
20190507,18,0.1333333
20190508,24,0.1777778
20190509,24,0.1777778
20190510,35,0.2592593
20190511,37,0.2740741
20190512,37,0.2740741
20190513,36,0.2666667
20190514,33,0.2444444
20190515,45,0.3333333
20190516,44,0.3259259
20190517,39,0.2888889
20190518,17,0.1259259
20190519,11,0.0814815
20190520,13,0.0962963
20190521,20,0.1481481
20190522,28,0.2074074
20190523,42,0.3111111
20190524,54,0.4000000
20190525,53,0.3925926
20190526,24,0.1777778
20190527,14,0.1037037
20190528,8,0.0592593
20190529,23,0.1703704
20190530,25,0.1851852
20190531,11,0.0814815
20190601,25,0.1851852
20190602,23,0.1703704
20190603,22,0.1629630
20190604,20,0.1481481
20190605,38,0.2814815
20190606,42,0.3111111
20190607,9,0.0666667
20190608,16,0.1185185
20190609,29,0.2148148
20190610,6,0.0444444
20190611,7,0.0518519
20190612,18,0.1333333
20190613,20,0.1481481
20190614,23,0.1703704
20190615,20,0.1481481
20190616,11,0.0814815
20190617,15,0.1111111
20190618,23,0.1703704
20190619,25,0.1851852
20190620,20,0.1481481
20190621,19,0.1407407
20190622,7,0.0518519
20190623,8,0.0592593
20190624,13,0.0962963
20190625,21,0.1555556
20190626,22,0.1629630
20190627,16,0.1185185
20190628,31,0.2296296
20190629,20,0.1481481
20190630,26,0.1925926
20190701,26,0.1925926
20190702,22,0.1629630
20190703,24,0.1777778
20190704,21,0.1555556
20190705,21,0.1555556
20190706,21,0.1555556
20190707,11,0.0814815
20190708,5,0.0370370
20190709,6,0.0444444
20190710,6,0.0444444
20190711,3,0.0222222
20190712,9,0.0666667
20190713,25,0.1851852
20190714,37,0.2740741
20190715,32,0.2370370
20190716,25,0.1851852
20190717,48,0.3555556
20190718,53,0.3925926
20190719,26,0.1925926
20190720,4,0.0296296
20190721,9,0.0666667
20190722,33,0.2444444
20190723,17,0.1259259
20190724,15,0.1111111
20190725,18,0.1333333
20190726,14,0.1037037
20190727,13,0.0962963
20190728,9,0.0666667
20190729,8,0.0592593
20190730,10,0.0740741
20190731,10,0.0740741
20190801,8,0.0592593
20190802,11,0.0814815
20190803,13,0.0962963
20190804,21,0.1555556
20190805,29,0.2148148
20190806,20,0.1481481
20190807,13,0.0962963
20190808,29,0.2148148
20190809,18,0.1333333
20190810,14,0.1037037
20190811,11,0.0814815
20190812,13,0.0962963
20190813,14,0.1037037
20190814,13,0.0962963
20190815,5,0.0370370
20190816,9,0.0666667
20190817,20,0.1481481
20190818,13,0.0962963
20190819,15,0.1111111
20190820,19,0.1407407
20190821,23,0.1703704
20190822,29,0.2148148
20190823,19,0.1407407
20190824,11,0.0814815
20190825,12,0.0888889
20190826,16,0.1185185
20190827,18,0.1333333
20190828,19,0.1407407
20190829,20,0.1481481
20190830,9,0.0666667
20190831,10,0.0740741
20190901,12,0.0888889
20190902,14,0.1037037
20190903,13,0.0962963
20190904,5,0.0370370
20190905,5,0.0370370
20190906,9,0.0666667
20190907,6,0.0444444
20190908,22,0.1629630
20190909,25,0.1851852
20190910,9,0.0666667
20190911,5,0.0370370
20190912,5,0.0370370
20190913,6,0.0444444
20190914,12,0.0888889
20190915,11,0.0814815
20190916,6,0.0444444
20190917,9,0.0666667
20190918,12,0.0888889
20190919,10,0.0740741
20190920,10,0.0740741
20190921,7,0.0518519
20190922,3,0.0222222
20190923,6,0.0444444
20190924,12,0.0888889
20190925,16,0.1185185
20190926,16,0.1185185
20190927,12,0.0888889
20190928,17,0.1259259
20190929,25,0.1851852
20190930,33,0.2444444
20191001,31,0.2296296
20191002,16,0.1185185
20191003,5,0.0370370
20191004,16,0.1185185
20191005,21,0.1555556
20191006,5,0.0370370
20191007,6,0.0444444
20191008,10,0.0740741
20191009,9,0.0666667
20191010,15,0.1111111
20191011,19,0.1407407
20191012,11,0.0814815
20191013,9,0.0666667
20191014,16,0.1185185
20191015,8,0.0592593
20191016,14,0.1037037
20191017,16,0.1185185
20191018,9,0.0666667
20191019,11,0.0814815
20191020,23,0.1703704
20191021,26,0.1925926
20191022,24,0.1777778
20191023,14,0.1037037
20191024,16,0.1185185
20191025,12,0.0888889
20191026,13,0.0962963
20191027,14,0.1037037
20191028,19,0.1407407
20191029,20,0.1481481
20191030,11,0.0814815
20191031,25,0.1851852
20191101,34,0.2518519
20191102,40,0.2962963
20191103,33,0.2444444
20191104,7,0.0518519
20191105,20,0.1481481
20191106,30,0.2222222
20191107,23,0.1703704
20191108,18,0.1333333
20191109,22,0.1629630
20191110,25,0.1851852
20191111,15,0.1111111
20191112,22,0.1629630
20191113,21,0.1555556
20191114,6,0.0444444
20191115,13,0.0962963
20191116,21,0.1555556
20191117,16,0.1185185
20191118,11,0.0814815
20191119,9,0.0666667
20191120,10,0.0740741
20191121,18,0.1333333
20191122,22,0.1629630
20191123,19,0.1407407
20191124,20,0.1481481
20191125,14,0.1037037
20191126,16,0.1185185
20191127,22,0.1629630
20191128,20,0.1481481
20191129,23,0.1703704
20191130,28,0.2074074
20191201,29,0.2148148
20191202,13,0.0962963
20191203,16,0.1185185
20191204,15,0.1111111
20191205,11,0.0814815
20191206,16,0.1185185
20191207,31,0.2296296
20191208,40,0.2962963
20191209,46,0.3407407
20191210,71,0.5259259
20191211,51,0.3777778
20191212,14,0.1037037
20191213,16,0.1185185
20191214,26,0.1925926
20191215,26,0.1925926
20191216,23,0.1703704
20191217,19,0.1407407
20191218,27,0.2000000
20191219,17,0.1259259
20191220,19,0.1407407
20191221,23,0.1703704
20191222,43,0.3185185
20191223,40,0.2962963
20191224,52,0.3851852
20191225,38,0.2814815
20191226,33,0.2444444
20191227,24,0.1777778
20191228,25,0.1851852
20191229,27,0.2000000
20191230,25,0.1851852
20191231,15,0.1111111
20200101,23,0.1703704
20200102,40,0.2962963
20200103,47,0.3481481
20200104,38,0.2814815
20200105,36,0.2666667
20200106,27,0.2000000
20200107,6,0.0444444
20200108,16,0.1185185
20200109,40,0.2962963
20200110,49,0.3629630
20200111,40,0.2962963
20200112,34,0.2518519
20200113,17,0.1259259
20200114,21,0.1555556
20200115,25,0.1851852
20200116,28,0.2074074
20200117,37,0.2740741
20200118,40,0.2962963
20200119,47,0.3481481
20200120,30,0.2222222
20200121,25,0.1851852
20200122,28,0.2074074
20200123,40,0.2962963
20200124,51,0.3777778
20200125,38,0.2814815
20200126,20,0.1481481
20200127,5,0.0370370
20200128,6,0.0444444
20200129,8,0.0592593
20200130,10,0.0740741
20200131,17,0.1259259
20200201,52,0.3851852
20200202,54,0.4000000
20200203,16,0.1185185
20200204,16,0.1185185
20200205,11,0.0814815
20200206,20,0.1481481
20200207,24,0.1777778
20200208,29,0.2148148
20200209,25,0.1851852
20200210,31,0.2296296
20200211,35,0.2592593
20200212,34,0.2518519
20200213,54,0.4000000
20200214,61,0.4518519
20200215,49,0.3629630
20200216,18,0.1333333
20200217,18,0.1333333
20200218,15,0.1111111
20200219,23,0.1703704
20200220,44,0.3259259
20200221,46,0.3407407
20200222,37,0.2740741
20200223,12,0.0888889
20200224,19,0.1407407
20200225,13,0.0962963
20200226,10,0.0740741
20200227,7,0.0518519
20200228,18,0.1333333
20200229,17,0.1259259
20200301,34,0.2518519
20200302,29,0.2148148
20200303,33,0.2444444
20200304,34,0.2518519
20200305,28,0.2074074
20200306,27,0.2000000
20200307,39,0.2888889
20200308,45,0.3333333
20200309,43,0.3185185
20200310,32,0.2370370
20200311,13,0.0962963
20200312,14,0.1037037
20200313,13,0.0962963
20200314,19,0.1407407
20200315,17,0.1259259
20200316,12,0.0888889
20200317,22,0.1629630
20200318,35,0.2592593
20200319,26,0.1925926
20200320,9,0.0666667
20200321,17,0.1259259
20200322,17,0.1259259
20200323,28,0.2074074
20200324,35,0.2592593
20200325,30,0.2222222
20200326,31,0.2296296
20200327,25,0.1851852
20200328,8,0.0592593
20200329,16,0.1185185
20200330,28,0.2074074
20200331,26,0.1925926
20200401,31,0.2296296
20200402,24,0.1777778
20200403,32,0.2370370
20200404,28,0.2074074
20200405,21,0.1555556
20200406,21,0.1555556
20200407,25,0.1851852
20200408,18,0.1333333
20200409,23,0.1703704
20200410,25,0.1851852
20200411,22,0.1629630
20200412,20,0.1481481
20200413,11,0.0814815
20200414,28,0.2074074
20200415,36,0.2666667
20200416,29,0.2148148
20200417,22,0.1629630
20200418,13,0.0962963
20200419,16,0.1185185
20200420,8,0.0592593
20200421,9,0.0666667
20200422,10,0.0740741
20200423,13,0.0962963
20200424,13,0.0962963
20200425,23,0.1703704
20200426,14,0.1037037
20200427,17,0.1259259
20200428,19,0.1407407
20200429,25,0.1851852
20200430,19,0.1407407
20200501,31,0.2296296
20200502,29,0.2148148
20200503,18,0.1333333
20200504,17,0.1259259
20200505,19,0.1407407
20200506,16,0.1185185
20200507,11,0.0814815
20200508,12,0.0888889
20200509,9,0.0666667
20200510,20,0.1481481
20200511,29,0.2148148
20200512,15,0.1111111
20200513,10,0.0740741
20200514,13,0.0962963
20200515,12,0.0888889
20200516,14,0.1037037
20200517,28,0.2074074
20200518,29,0.2148148
20200519,7,0.0518519
20200520,3,0.0222222
20200521,10,0.0740741
20200522,27,0.2000000
20200523,32,0.2370370
20200524,18,0.1333333
20200525,24,0.1777778
20200526,26,0.1925926
20200527,13,0.0962963
20200528,19,0.1407407
20200529,21,0.1555556
20200530,26,0.1925926
20200531,29,0.2148148
20200601,9,0.0666667
20200602,13,0.0962963
20200603,23,0.1703704
20200604,24,0.1777778
20200605,23,0.1703704
20200606,32,0.2370370
20200607,27,0.2000000
20200608,22,0.1629630
20200609,23,0.1703704
20200610,23,0.1703704
20200611,16,0.1185185
20200612,20,0.1481481
20200613,24,0.1777778
20200614,22,0.1629630
20200615,13,0.0962963
20200616,36,0.2666667
20200617,32,0.2370370
20200618,21,0.1555556
20200619,15,0.1111111
20200620,23,0.1703704
20200621,22,0.1629630
20200622,22,0.1629630
20200623,24,0.1777778
20200624,20,0.1481481
20200625,8,0.0592593
20200626,13,0.0962963
20200627,16,0.1185185
20200628,19,0.1407407
20200629,25,0.1851852
20200630,4,0.0296296
